{
	"editor": {
		"allAngles": false,
		"entityTextureMode": false
	},
	"textureWidth": 16,
	"textureHeight": 16,
	"textureSizes": {
	},
	"elements": [
		{
			"name": "Cube",
			"from": [ 6.7, -0.2, 6.7 ],
			"to": [ 9.3, 1.2, 9.3 ],
			"rotationOrigin": [ 8.0, 0.0, 6.0 ],
			"faces": {
				"north": { "texture": "#fix", "uv": [ 3.5, 3.0, 6.0, 4.0 ] },
				"east": { "texture": "#fix", "uv": [ 0.0, 0.0, 2.5, 1.0 ] },
				"south": { "texture": "#fix", "uv": [ 12.5, 3.5, 15.0, 4.5 ] },
				"west": { "texture": "#fix", "uv": [ 0.0, 8.0, 2.5, 9.0 ] },
				"up": { "texture": "#fix", "uv": [ 2.0, 0.0, 4.5, 2.5 ] },
				"down": { "texture": "#fix", "uv": [ 12.0, 0.0, 14.5, 2.5 ] }
			}
		}
	]}