{
	"editor": {
		"allAngles": false,
		"entityTextureMode": false
	},
	"textureWidth": 16,
	"textureHeight": 16,
	"textureSizes": {
	},

	"elements": [
		{
			"name": "Cube",
			"from": [ 8.1, -0.5, -0.5 ],
			"to": [ 9.1, 0.5, 7.5 ],
			"rotationOrigin": [ 8.0, 8.0, 8.0 ],
			"faces": {
				"north": { "texture": "#material", "uv": [ 11.0, 3.5, 12.0, 4.5 ] },
				"east": { "texture": "#material", "uv": [ 4.0, 5.0, 12.0, 6.0 ] },
				"south": { "texture": "#material", "uv": [ 2.0, 4.5, 3.0, 5.5 ] },
				"west": { "texture": "#material", "uv": [ 7.5, 10.0, 15.5, 11.0 ] },
				"up": { "texture": "#material", "uv": [ 3.5, 3.5, 4.5, 11.5 ] },
				"down": { "texture": "#material", "uv": [ 9.0, 1.5, 10.0, 9.5 ] }
			}
		},
		{
			"name": "Cube2",
			"from": [ 6.9, -0.5, -0.5 ],
			"to": [ 7.9, 0.5, 7.5 ],
			"rotationOrigin": [ 8.0, 8.0, 8.0 ],
			"faces": {
				"north": { "texture": "#material", "uv": [ 7.5, 3.5, 8.5, 4.5 ] },
				"east": { "texture": "#material", "uv": [ 7.0, 10.5, 15.0, 11.5 ] },
				"south": { "texture": "#material", "uv": [ 13.5, 1.5, 14.5, 2.5 ] },
				"west": { "texture": "#material", "uv": [ 1.5, 5.0, 9.5, 6.0 ] },
				"up": { "texture": "#material", "uv": [ 10.5, 2.0, 11.5, 10.0 ] },
				"down": { "texture": "#material", "uv": [ 14.5, 1.5, 15.5, 9.5 ] }
			}
		}
	]}