{
	"editor": {
		"collapsedPaths": "Root/Cube2.022,Root/cab2,Root/Cube2.021,Root/Cube2.035,Root/Cube2.003,Root/Cube2.4,Root/Cube2.051,Root/Cube2.041",
		"allAngles": false,
		"entityTextureMode": false
	},
	"textureWidth": 16,
	"textureHeight": 16,
	"textureSizes": {
	},
	"textures": {
	},
	"elements": [
		{
			"name": "cab2",
			"from": [ 10.2, 0.5, 5.82 ],
			"to": [ 10.7, 1.0, 6.9596 ],
			"rotationOrigin": [ 9.65, 0.2484, 6.12 ],
			"rotationY": 180.0,
			"faces": {
				"north": { "texture": "#coke", "uv": [ 0.0, 0.0, 4.0, 4.0 ], "autoUv": false },
				"east": { "texture": "#material", "uv": [ 0.0, 0.0, 4.0, 4.0 ], "autoUv": false },
				"south": { "texture": "#coke", "uv": [ 0.0, 0.0, 4.0, 4.0 ], "autoUv": false },
				"west": { "texture": "#coke", "uv": [ 0.0, 0.0, 4.0, 4.0 ], "autoUv": false },
				"up": { "texture": "#coke", "uv": [ 0.0, 0.0, 4.0, 4.0 ], "autoUv": false },
				"down": { "texture": "#coke", "uv": [ 0.0, 0.0, 4.0, 4.0 ], "autoUv": false }
			},
			"children": [
				{
					"name": "Cube2.043",
					"from": [ 0.5009, -0.497, 0.0 ],
					"to": [ 1.0009, 0.003, 1.1397 ],
					"rotationOrigin": [ 0.0509, -0.247, 0.0 ],
					"faces": {
						"north": { "texture": "#material", "uv": [ 0.0, 0.0, 4.0, 4.0 ], "autoUv": false },
						"east": { "texture": "#coke", "uv": [ 0.0, 0.0, 4.0, 4.0 ], "autoUv": false },
						"south": { "texture": "#material", "uv": [ 0.0, 0.0, 4.0, 4.0 ], "autoUv": false },
						"west": { "texture": "#coke", "uv": [ 0.0, 0.0, 4.0, 4.0 ], "autoUv": false },
						"up": { "texture": "#material", "uv": [ 0.0, 0.0, 4.0, 4.0 ], "autoUv": false },
						"down": { "texture": "#coke", "uv": [ 0.0, 0.0, 4.0, 4.0 ], "autoUv": false }
					}
				},
				{
					"name": "Cube2.044",
					"from": [ 0.0, -0.498, 0.0 ],
					"to": [ 0.5, 0.002, 1.1397 ],
					"rotationOrigin": [ -0.45, -0.248, 0.0 ],
					"faces": {
						"north": { "texture": "#coke", "uv": [ 0.0, 0.0, 4.0, 4.0 ], "autoUv": false },
						"east": { "texture": "#coke", "uv": [ 0.0, 0.0, 4.0, 4.0 ], "autoUv": false },
						"south": { "texture": "#coke", "uv": [ 0.0, 0.0, 4.0, 4.0 ], "autoUv": false },
						"west": { "texture": "#coke", "uv": [ 0.0, 0.0, 4.0, 4.0 ], "autoUv": false },
						"up": { "texture": "#coke", "uv": [ 0.0, 0.0, 4.0, 4.0 ], "autoUv": false },
						"down": { "texture": "#coke", "uv": [ 0.0, 0.0, 4.0, 4.0 ], "autoUv": false }
					}
				},
				{
					"name": "Cube2.045",
					"from": [ 0.0, -0.498, 1.1127 ],
					"to": [ 0.5, 0.002, 2.2523 ],
					"rotationOrigin": [ -0.45, -0.248, 1.1127 ],
					"faces": {
						"north": { "texture": "#coke", "uv": [ 0.0, 0.0, 4.0, 4.0 ], "autoUv": false },
						"east": { "texture": "#material", "uv": [ 0.0, 0.0, 4.0, 4.0 ], "autoUv": false },
						"south": { "texture": "#coke", "uv": [ 0.0, 0.0, 4.0, 4.0 ], "autoUv": false },
						"west": { "texture": "#coke", "uv": [ 0.0, 0.0, 4.0, 4.0 ], "autoUv": false },
						"up": { "texture": "#coke", "uv": [ 0.0, 0.0, 4.0, 4.0 ], "autoUv": false },
						"down": { "texture": "#coke", "uv": [ 0.0, 0.0, 4.0, 4.0 ], "autoUv": false }
					}
				},
				{
					"name": "Cube2.047",
					"from": [ 0.5009, 0.001, 1.1127 ],
					"to": [ 1.0009, 0.501, 2.2523 ],
					"rotationOrigin": [ 0.0509, 0.251, 1.1127 ],
					"faces": {
						"north": { "texture": "#material", "uv": [ 0.0, 0.0, 4.0, 4.0 ], "autoUv": false },
						"east": { "texture": "#coke", "uv": [ 0.0, 0.0, 4.0, 4.0 ], "autoUv": false },
						"south": { "texture": "#coke", "uv": [ 0.0, 0.0, 4.0, 4.0 ], "autoUv": false },
						"west": { "texture": "#coke", "uv": [ 0.0, 0.0, 4.0, 4.0 ], "autoUv": false },
						"up": { "texture": "#coke", "uv": [ 0.0, 0.0, 4.0, 4.0 ], "autoUv": false },
						"down": { "texture": "#material", "uv": [ 0.0, 0.0, 4.0, 4.0 ], "autoUv": false }
					}
				},
				{
					"name": "Cube2.065",
					"from": [ 0.0, 0.0, 3.347 ],
					"to": [ 0.5, 0.5, 4.4867 ],
					"rotationOrigin": [ -0.45, 0.25, 3.347 ],
					"faces": {
						"north": { "texture": "#material", "uv": [ 0.0, 0.0, 4.0, 4.0 ], "autoUv": false },
						"east": { "texture": "#coke", "uv": [ 0.0, 0.0, 4.0, 4.0 ], "autoUv": false },
						"south": { "texture": "#coke", "uv": [ 0.0, 0.0, 4.0, 4.0 ], "autoUv": false },
						"west": { "texture": "#coke", "uv": [ 0.0, 0.0, 4.0, 4.0 ], "autoUv": false },
						"up": { "texture": "#coke", "uv": [ 0.0, 0.0, 4.0, 4.0 ], "autoUv": false },
						"down": { "texture": "#coke", "uv": [ 0.0, 0.0, 4.0, 4.0 ], "autoUv": false }
					}
				},
				{
					"name": "Cube2.048",
					"from": [ 0.0, 0.0, 1.1127 ],
					"to": [ 0.5, 0.5, 2.2523 ],
					"rotationOrigin": [ -0.45, 0.25, 1.1127 ],
					"faces": {
						"north": { "texture": "#material", "uv": [ 0.0, 0.0, 4.0, 4.0 ], "autoUv": false },
						"east": { "texture": "#coke", "uv": [ 0.0, 0.0, 4.0, 4.0 ], "autoUv": false },
						"south": { "texture": "#material", "uv": [ 0.0, 0.0, 4.0, 4.0 ], "autoUv": false },
						"west": { "texture": "#coke", "uv": [ 0.0, 0.0, 4.0, 4.0 ], "autoUv": false },
						"up": { "texture": "#coke", "uv": [ 0.0, 0.0, 4.0, 4.0 ], "autoUv": false },
						"down": { "texture": "#coke", "uv": [ 0.0, 0.0, 4.0, 4.0 ], "autoUv": false }
					}
				},
				{
					"name": "Cube2.066",
					"from": [ 0.5009, 0.001, 3.347 ],
					"to": [ 1.0009, 0.501, 4.4867 ],
					"rotationOrigin": [ 0.0509, 0.251, 3.347 ],
					"faces": {
						"north": { "texture": "#coke", "uv": [ 0.0, 0.0, 4.0, 4.0 ], "autoUv": false },
						"east": { "texture": "#coke", "uv": [ 0.0, 0.0, 4.0, 4.0 ], "autoUv": false },
						"south": { "texture": "#material", "uv": [ 0.0, 0.0, 4.0, 4.0 ], "autoUv": false },
						"west": { "texture": "#coke", "uv": [ 0.0, 0.0, 4.0, 4.0 ], "autoUv": false },
						"up": { "texture": "#coke", "uv": [ 0.0, 0.0, 4.0, 4.0 ], "autoUv": false },
						"down": { "texture": "#coke", "uv": [ 0.0, 0.0, 4.0, 4.0 ], "autoUv": false }
					}
				},
				{
					"name": "Cube2.067",
					"from": [ 0.5009, -0.497, 3.347 ],
					"to": [ 1.0009, 0.003, 4.4867 ],
					"rotationOrigin": [ 0.0509, -0.247, 3.347 ],
					"faces": {
						"north": { "texture": "#coke", "uv": [ 0.0, 0.0, 4.0, 4.0 ], "autoUv": false },
						"east": { "texture": "#coke", "uv": [ 0.0, 0.0, 4.0, 4.0 ], "autoUv": false },
						"south": { "texture": "#coke", "uv": [ 0.0, 0.0, 4.0, 4.0 ], "autoUv": false },
						"west": { "texture": "#coke", "uv": [ 0.0, 0.0, 4.0, 4.0 ], "autoUv": false },
						"up": { "texture": "#coke", "uv": [ 0.0, 0.0, 4.0, 4.0 ], "autoUv": false },
						"down": { "texture": "#coke", "uv": [ 0.0, 0.0, 4.0, 4.0 ], "autoUv": false }
					}
				},
				{
					"name": "Cube2.068",
					"from": [ 0.0, -0.498, 3.347 ],
					"to": [ 0.5, 0.002, 4.4867 ],
					"rotationOrigin": [ -0.45, -0.248, 3.347 ],
					"faces": {
						"north": { "texture": "#coke", "uv": [ 0.0, 0.0, 4.0, 4.0 ], "autoUv": false },
						"east": { "texture": "#coke", "uv": [ 0.0, 0.0, 4.0, 4.0 ], "autoUv": false },
						"south": { "texture": "#coke", "uv": [ 0.0, 0.0, 4.0, 4.0 ], "autoUv": false },
						"west": { "texture": "#coke", "uv": [ 0.0, 0.0, 4.0, 4.0 ], "autoUv": false },
						"up": { "texture": "#coke", "uv": [ 0.0, 0.0, 4.0, 4.0 ], "autoUv": false },
						"down": { "texture": "#coke", "uv": [ 0.0, 0.0, 4.0, 4.0 ], "autoUv": false }
					}
				},
				{
					"name": "Cube2.069",
					"from": [ 0.0, -0.498, 2.2343 ],
					"to": [ 0.5, 0.002, 3.374 ],
					"rotationOrigin": [ -0.45, -0.248, 2.2343 ],
					"faces": {
						"north": { "texture": "#coke", "uv": [ 0.0, 0.0, 4.0, 4.0 ], "autoUv": false },
						"east": { "texture": "#coke", "uv": [ 0.0, 0.0, 4.0, 4.0 ], "autoUv": false },
						"south": { "texture": "#coke", "uv": [ 0.0, 0.0, 4.0, 4.0 ], "autoUv": false },
						"west": { "texture": "#coke", "uv": [ 0.0, 0.0, 4.0, 4.0 ], "autoUv": false },
						"up": { "texture": "#material", "uv": [ 0.0, 0.0, 4.0, 4.0 ], "autoUv": false },
						"down": { "texture": "#coke", "uv": [ 0.0, 0.0, 4.0, 4.0 ], "autoUv": false }
					}
				},
				{
					"name": "Cube2.070",
					"from": [ 0.5009, -0.497, 2.2343 ],
					"to": [ 1.0009, 0.003, 3.374 ],
					"rotationOrigin": [ 0.0509, -0.247, 2.2343 ],
					"faces": {
						"north": { "texture": "#material", "uv": [ 0.0, 0.0, 4.0, 4.0 ], "autoUv": false },
						"east": { "texture": "#coke", "uv": [ 0.0, 0.0, 4.0, 4.0 ], "autoUv": false },
						"south": { "texture": "#material", "uv": [ 0.0, 0.0, 4.0, 4.0 ], "autoUv": false },
						"west": { "texture": "#coke", "uv": [ 0.0, 0.0, 4.0, 4.0 ], "autoUv": false },
						"up": { "texture": "#coke", "uv": [ 0.0, 0.0, 4.0, 4.0 ], "autoUv": false },
						"down": { "texture": "#coke", "uv": [ 0.0, 0.0, 4.0, 4.0 ], "autoUv": false }
					}
				},
				{
					"name": "Cube2.071",
					"from": [ 0.5009, 0.001, 2.2343 ],
					"to": [ 1.0009, 0.501, 3.374 ],
					"rotationOrigin": [ 0.0509, 0.251, 2.2343 ],
					"faces": {
						"north": { "texture": "#coke", "uv": [ 0.0, 0.0, 4.0, 4.0 ], "autoUv": false },
						"east": { "texture": "#coke", "uv": [ 0.0, 0.0, 4.0, 4.0 ], "autoUv": false },
						"south": { "texture": "#coke", "uv": [ 0.0, 0.0, 4.0, 4.0 ], "autoUv": false },
						"west": { "texture": "#material", "uv": [ 0.0, 0.0, 4.0, 4.0 ], "autoUv": false },
						"up": { "texture": "#coke", "uv": [ 0.0, 0.0, 4.0, 4.0 ], "autoUv": false },
						"down": { "texture": "#coke", "uv": [ 0.0, 0.0, 4.0, 4.0 ], "autoUv": false }
					}
				},
				{
					"name": "Cube2.073",
					"from": [ 0.0, 0.0, 5.5556 ],
					"to": [ 0.5, 0.5, 7.1751 ],
					"rotationOrigin": [ -0.45, 0.25, 5.5556 ],
					"faces": {
						"north": { "texture": "#coke", "uv": [ 0.0, 0.0, 4.0, 4.0 ], "autoUv": false },
						"east": { "texture": "#coke", "uv": [ 0.0, 0.0, 4.0, 4.0 ], "autoUv": false },
						"south": { "texture": "#material", "uv": [ 0.0, 0.0, 4.0, 4.0 ], "autoUv": false },
						"west": { "texture": "#coke", "uv": [ 0.0, 0.0, 4.0, 4.0 ], "autoUv": false },
						"up": { "texture": "#coke", "uv": [ 0.0, 0.0, 4.0, 4.0 ], "autoUv": false },
						"down": { "texture": "#coke", "uv": [ 0.0, 0.0, 4.0, 4.0 ], "autoUv": false }
					}
				},
				{
					"name": "Cube2.074",
					"from": [ 0.5009, 0.001, 5.5556 ],
					"to": [ 1.0009, 0.501, 7.1751 ],
					"rotationOrigin": [ 0.0509, 0.251, 5.5556 ],
					"faces": {
						"north": { "texture": "#material", "uv": [ 0.0, 0.0, 4.0, 4.0 ], "autoUv": false },
						"east": { "texture": "#coke", "uv": [ 0.0, 0.0, 4.0, 4.0 ], "autoUv": false },
						"south": { "texture": "#material", "uv": [ 0.0, 0.0, 4.0, 4.0 ], "autoUv": false },
						"west": { "texture": "#coke", "uv": [ 0.0, 0.0, 4.0, 4.0 ], "autoUv": false },
						"up": { "texture": "#coke", "uv": [ 0.0, 0.0, 4.0, 4.0 ], "autoUv": false },
						"down": { "texture": "#coke", "uv": [ 0.0, 0.0, 4.0, 4.0 ], "autoUv": false }
					}
				},
				{
					"name": "Cube2.075",
					"from": [ 0.5009, -0.497, 5.5556 ],
					"to": [ 1.0009, 0.003, 7.1751 ],
					"rotationOrigin": [ 0.0509, -0.247, 5.5556 ],
					"faces": {
						"north": { "texture": "#material", "uv": [ 0.0, 0.0, 4.0, 4.0 ], "autoUv": false },
						"east": { "texture": "#coke", "uv": [ 0.0, 0.0, 4.0, 4.0 ], "autoUv": false },
						"south": { "texture": "#material", "uv": [ 0.0, 0.0, 4.0, 4.0 ], "autoUv": false },
						"west": { "texture": "#coke", "uv": [ 0.0, 0.0, 4.0, 4.0 ], "autoUv": false },
						"up": { "texture": "#coke", "uv": [ 0.0, 0.0, 4.0, 4.0 ], "autoUv": false },
						"down": { "texture": "#coke", "uv": [ 0.0, 0.0, 4.0, 4.0 ], "autoUv": false }
					}
				},
				{
					"name": "Cube2.076",
					"from": [ 0.0, -0.498, 5.5556 ],
					"to": [ 0.5, 0.002, 7.1751 ],
					"rotationOrigin": [ -0.45, -0.248, 5.5556 ],
					"faces": {
						"north": { "texture": "#coke", "uv": [ 0.0, 0.0, 4.0, 4.0 ], "autoUv": false },
						"east": { "texture": "#coke", "uv": [ 0.0, 0.0, 4.0, 4.0 ], "autoUv": false },
						"south": { "texture": "#material", "uv": [ 0.0, 0.0, 4.0, 4.0 ], "autoUv": false },
						"west": { "texture": "#coke", "uv": [ 0.0, 0.0, 4.0, 4.0 ], "autoUv": false },
						"up": { "texture": "#coke", "uv": [ 0.0, 0.0, 4.0, 4.0 ], "autoUv": false },
						"down": { "texture": "#coke", "uv": [ 0.0, 0.0, 4.0, 4.0 ], "autoUv": false }
					}
				},
				{
					"name": "Cube2.077",
					"from": [ 0.0, -0.498, 4.443 ],
					"to": [ 0.5, 0.002, 5.5826 ],
					"rotationOrigin": [ -0.45, -0.248, 4.443 ],
					"faces": {
						"north": { "texture": "#coke", "uv": [ 0.0, 0.0, 4.0, 4.0 ], "autoUv": false },
						"east": { "texture": "#coke", "uv": [ 0.0, 0.0, 4.0, 4.0 ], "autoUv": false },
						"south": { "texture": "#coke", "uv": [ 0.0, 0.0, 4.0, 4.0 ], "autoUv": false },
						"west": { "texture": "#coke", "uv": [ 0.0, 0.0, 4.0, 4.0 ], "autoUv": false },
						"up": { "texture": "#coke", "uv": [ 0.0, 0.0, 4.0, 4.0 ], "autoUv": false },
						"down": { "texture": "#coke", "uv": [ 0.0, 0.0, 4.0, 4.0 ], "autoUv": false }
					}
				},
				{
					"name": "Cube2.078",
					"from": [ 0.5009, -0.497, 4.443 ],
					"to": [ 1.0009, 0.003, 5.5826 ],
					"rotationOrigin": [ 0.0509, -0.247, 4.443 ],
					"faces": {
						"north": { "texture": "#coke", "uv": [ 0.0, 0.0, 4.0, 4.0 ], "autoUv": false },
						"east": { "texture": "#coke", "uv": [ 0.0, 0.0, 4.0, 4.0 ], "autoUv": false },
						"south": { "texture": "#coke", "uv": [ 0.0, 0.0, 4.0, 4.0 ], "autoUv": false },
						"west": { "texture": "#coke", "uv": [ 0.0, 0.0, 4.0, 4.0 ], "autoUv": false },
						"up": { "texture": "#material", "uv": [ 0.0, 0.0, 4.0, 4.0 ], "autoUv": false },
						"down": { "texture": "#coke", "uv": [ 0.0, 0.0, 4.0, 4.0 ], "autoUv": false }
					}
				},
				{
					"name": "Cube2.080",
					"from": [ 0.0, 0.0, 4.443 ],
					"to": [ 0.5, 0.5, 5.5826 ],
					"rotationOrigin": [ -0.45, 0.25, 4.443 ],
					"faces": {
						"north": { "texture": "#coke", "uv": [ 0.0, 0.0, 4.0, 4.0 ], "autoUv": false },
						"east": { "texture": "#material", "uv": [ 0.0, 0.0, 4.0, 4.0 ], "autoUv": false },
						"south": { "texture": "#coke", "uv": [ 0.0, 0.0, 4.0, 4.0 ], "autoUv": false },
						"west": { "texture": "#coke", "uv": [ 0.0, 0.0, 4.0, 4.0 ], "autoUv": false },
						"up": { "texture": "#coke", "uv": [ 0.0, 0.0, 4.0, 4.0 ], "autoUv": false },
						"down": { "texture": "#coke", "uv": [ 0.0, 0.0, 4.0, 4.0 ], "autoUv": false }
					}
				},
				{
					"name": "Cube2.089",
					"from": [ 0.0, 0.0, -1.0131 ],
					"to": [ 0.5, 0.5, 0.1266 ],
					"rotationOrigin": [ -0.45, 0.25, -1.0131 ],
					"faces": {
						"north": { "texture": "#coke", "uv": [ 0.0, 0.0, 4.0, 4.0 ], "autoUv": false },
						"east": { "texture": "#coke", "uv": [ 0.0, 0.0, 4.0, 4.0 ], "autoUv": false },
						"south": { "texture": "#coke", "uv": [ 0.0, 0.0, 4.0, 4.0 ], "autoUv": false },
						"west": { "texture": "#coke", "uv": [ 0.0, 0.0, 4.0, 4.0 ], "autoUv": false },
						"up": { "texture": "#coke", "uv": [ 0.0, 0.0, 4.0, 4.0 ], "autoUv": false },
						"down": { "texture": "#coke", "uv": [ 0.0, 0.0, 4.0, 4.0 ], "autoUv": false }
					}
				},
				{
					"name": "Cube2.090",
					"from": [ 0.5009, 0.001, -1.0131 ],
					"to": [ 1.0009, 0.501, 0.1266 ],
					"rotationOrigin": [ 0.0509, 0.251, -1.0131 ],
					"faces": {
						"north": { "texture": "#coke", "uv": [ 0.0, 0.0, 4.0, 4.0 ], "autoUv": false },
						"east": { "texture": "#coke", "uv": [ 0.0, 0.0, 4.0, 4.0 ], "autoUv": false },
						"south": { "texture": "#material", "uv": [ 0.0, 0.0, 4.0, 4.0 ], "autoUv": false },
						"west": { "texture": "#coke", "uv": [ 0.0, 0.0, 4.0, 4.0 ], "autoUv": false },
						"up": { "texture": "#coke", "uv": [ 0.0, 0.0, 4.0, 4.0 ], "autoUv": false },
						"down": { "texture": "#coke", "uv": [ 0.0, 0.0, 4.0, 4.0 ], "autoUv": false }
					}
				},
				{
					"name": "Cube2.091",
					"from": [ 0.5009, -0.497, -1.0131 ],
					"to": [ 1.0009, 0.003, 0.1266 ],
					"rotationOrigin": [ 0.0509, -0.247, -1.0131 ],
					"faces": {
						"north": { "texture": "#coke", "uv": [ 0.0, 0.0, 4.0, 4.0 ], "autoUv": false },
						"east": { "texture": "#coke", "uv": [ 0.0, 0.0, 4.0, 4.0 ], "autoUv": false },
						"south": { "texture": "#coke", "uv": [ 0.0, 0.0, 4.0, 4.0 ], "autoUv": false },
						"west": { "texture": "#coke", "uv": [ 0.0, 0.0, 4.0, 4.0 ], "autoUv": false },
						"up": { "texture": "#coke", "uv": [ 0.0, 0.0, 4.0, 4.0 ], "autoUv": false },
						"down": { "texture": "#coke", "uv": [ 0.0, 0.0, 4.0, 4.0 ], "autoUv": false }
					}
				}
			]
		},
		{
			"name": "Cube2.021",
			"from": [ 9.0, 0.0, 6.2 ],
			"to": [ 9.5, 0.5, 7.3396 ],
			"rotationOrigin": [ 8.4494, 0.249, 6.8103 ],
			"rotationY": 180.0,
			"faces": {
				"north": { "texture": "#coke", "uv": [ 0.0, 0.0, 4.0, 4.0 ], "autoUv": false },
				"east": { "texture": "#coke", "uv": [ 0.0, 0.0, 4.0, 4.0 ], "autoUv": false },
				"south": { "texture": "#material", "uv": [ 0.0, 0.0, 4.0, 4.0 ], "autoUv": false },
				"west": { "texture": "#coke", "uv": [ 0.0, 0.0, 4.0, 4.0 ], "autoUv": false },
				"up": { "texture": "#material", "uv": [ 0.0, 0.0, 4.0, 4.0 ], "autoUv": false },
				"down": { "texture": "#coke", "uv": [ 0.0, 0.0, 4.0, 4.0 ], "autoUv": false }
			},
			"children": [
				{
					"name": "Cube2.023",
					"from": [ 0.5009, 0.499, 0.0 ],
					"to": [ 1.0009, 0.999, 1.1396 ],
					"rotationOrigin": [ 0.0509, 0.749, 0.0 ],
					"faces": {
						"north": { "texture": "#material", "uv": [ 0.0, 0.0, 4.0, 4.0 ], "autoUv": false },
						"east": { "texture": "#coke", "uv": [ 0.0, 0.0, 4.0, 4.0 ], "autoUv": false },
						"south": { "texture": "#material", "uv": [ 0.0, 0.0, 4.0, 4.0 ], "autoUv": false },
						"west": { "texture": "#material", "uv": [ 0.0, 0.0, 4.0, 4.0 ], "autoUv": false },
						"up": { "texture": "#coke", "uv": [ 0.0, 0.0, 4.0, 4.0 ], "autoUv": false },
						"down": { "texture": "#coke", "uv": [ 0.0, 0.0, 4.0, 4.0 ], "autoUv": false }
					}
				},
				{
					"name": "Cube2.022",
					"from": [ 0.5009, 0.001, 0.0 ],
					"to": [ 1.0009, 0.501, 1.1396 ],
					"rotationOrigin": [ 0.0509, 0.251, 0.0 ],
					"faces": {
						"north": { "texture": "#coke", "uv": [ 0.0, 0.0, 4.0, 4.0 ], "autoUv": false },
						"east": { "texture": "#coke", "uv": [ 0.0, 0.0, 4.0, 4.0 ], "autoUv": false },
						"south": { "texture": "#coke", "uv": [ 0.0, 0.0, 4.0, 4.0 ], "autoUv": false },
						"west": { "texture": "#coke", "uv": [ 0.0, 0.0, 4.0, 4.0 ], "autoUv": false },
						"up": { "texture": "#coke", "uv": [ 0.0, 0.0, 4.0, 4.0 ], "autoUv": false },
						"down": { "texture": "#coke", "uv": [ 0.0, 0.0, 4.0, 4.0 ], "autoUv": false }
					},
					"children": [
						{
							"name": "Cube2.034",
							"from": [ 0.0, 0.498, 5.456 ],
							"to": [ 0.5, 0.998, 6.5957 ],
							"rotationOrigin": [ -0.45, 0.748, 5.456 ],
							"faces": {
								"north": { "texture": "#material", "uv": [ 0.0, 0.0, 4.0, 4.0 ], "autoUv": false },
								"east": { "texture": "#coke", "uv": [ 0.0, 0.0, 4.0, 4.0 ], "autoUv": false },
								"south": { "texture": "#coke", "uv": [ 0.0, 0.0, 4.0, 4.0 ], "autoUv": false },
								"west": { "texture": "#coke", "uv": [ 0.0, 0.0, 4.0, 4.0 ], "autoUv": false },
								"up": { "texture": "#coke", "uv": [ 0.0, 0.0, 4.0, 4.0 ], "autoUv": false },
								"down": { "texture": "#coke", "uv": [ 0.0, 0.0, 4.0, 4.0 ], "autoUv": false }
							}
						},
						{
							"name": "Cube2.037",
							"from": [ -0.5009, -0.001, 6.5687 ],
							"to": [ -9.0E-4, 0.499, 8.1881 ],
							"rotationOrigin": [ -0.9509, 0.249, 6.5687 ],
							"faces": {
								"north": { "texture": "#material", "uv": [ 0.0, 0.0, 4.0, 4.0 ], "autoUv": false },
								"east": { "texture": "#coke", "uv": [ 0.0, 0.0, 4.0, 4.0 ], "autoUv": false },
								"south": { "texture": "#material", "uv": [ 0.0, 0.0, 4.0, 4.0 ], "autoUv": false },
								"west": { "texture": "#coke", "uv": [ 0.0, 0.0, 4.0, 4.0 ], "autoUv": false },
								"up": { "texture": "#coke", "uv": [ 0.0, 0.0, 4.0, 4.0 ], "autoUv": false },
								"down": { "texture": "#coke", "uv": [ 0.0, 0.0, 4.0, 4.0 ], "autoUv": false }
							}
						},
						{
							"name": "Cube2.054",
							"from": [ 0.0, 0.0, 4.3601 ],
							"to": [ 0.5, 0.5, 5.4997 ],
							"rotationOrigin": [ -0.45, 0.25, 4.3601 ],
							"faces": {
								"north": { "texture": "#coke", "uv": [ 0.0, 0.0, 4.0, 4.0 ], "autoUv": false },
								"east": { "texture": "#coke", "uv": [ 0.0, 0.0, 4.0, 4.0 ], "autoUv": false },
								"south": { "texture": "#coke", "uv": [ 0.0, 0.0, 4.0, 4.0 ], "autoUv": false },
								"west": { "texture": "#coke", "uv": [ 0.0, 0.0, 4.0, 4.0 ], "autoUv": false },
								"up": { "texture": "#material", "uv": [ 0.0, 0.0, 4.0, 4.0 ], "autoUv": false },
								"down": { "texture": "#coke", "uv": [ 0.0, 0.0, 4.0, 4.0 ], "autoUv": false }
							}
						},
						{
							"name": "Cube2.056",
							"from": [ -0.5009, 0.497, 4.3601 ],
							"to": [ -9.0E-4, 0.997, 5.4997 ],
							"rotationOrigin": [ -0.9509, 0.747, 4.3601 ],
							"faces": {
								"north": { "texture": "#material", "uv": [ 0.0, 0.0, 4.0, 4.0 ], "autoUv": false },
								"east": { "texture": "#material", "uv": [ 0.0, 0.0, 4.0, 4.0 ], "autoUv": false },
								"south": { "texture": "#material", "uv": [ 0.0, 0.0, 4.0, 4.0 ], "autoUv": false },
								"west": { "texture": "#coke", "uv": [ 0.0, 0.0, 4.0, 4.0 ], "autoUv": false },
								"up": { "texture": "#coke", "uv": [ 0.0, 0.0, 4.0, 4.0 ], "autoUv": false },
								"down": { "texture": "#coke", "uv": [ 0.0, 0.0, 4.0, 4.0 ], "autoUv": false }
							}
						},
						{
							"name": "Cube2.057",
							"from": [ -0.5009, 0.497, 2.1257 ],
							"to": [ -9.0E-4, 0.997, 3.2654 ],
							"rotationOrigin": [ -0.9509, 0.747, 2.1257 ],
							"faces": {
								"north": { "texture": "#coke", "uv": [ 0.0, 0.0, 4.0, 4.0 ], "autoUv": false },
								"east": { "texture": "#coke", "uv": [ 0.0, 0.0, 4.0, 4.0 ], "autoUv": false },
								"south": { "texture": "#material", "uv": [ 0.0, 0.0, 4.0, 4.0 ], "autoUv": false },
								"west": { "texture": "#coke", "uv": [ 0.0, 0.0, 4.0, 4.0 ], "autoUv": false },
								"up": { "texture": "#coke", "uv": [ 0.0, 0.0, 4.0, 4.0 ], "autoUv": false },
								"down": { "texture": "#coke", "uv": [ 0.0, 0.0, 4.0, 4.0 ], "autoUv": false }
							}
						},
						{
							"name": "Cube2.058",
							"from": [ 0.0, 0.498, 2.1257 ],
							"to": [ 0.5, 0.998, 3.2654 ],
							"rotationOrigin": [ -0.45, 0.748, 2.1257 ],
							"faces": {
								"north": { "texture": "#material", "uv": [ 0.0, 0.0, 4.0, 4.0 ], "autoUv": false },
								"east": { "texture": "#coke", "uv": [ 0.0, 0.0, 4.0, 4.0 ], "autoUv": false },
								"south": { "texture": "#coke", "uv": [ 0.0, 0.0, 4.0, 4.0 ], "autoUv": false },
								"west": { "texture": "#coke", "uv": [ 0.0, 0.0, 4.0, 4.0 ], "autoUv": false },
								"up": { "texture": "#coke", "uv": [ 0.0, 0.0, 4.0, 4.0 ], "autoUv": false },
								"down": { "texture": "#coke", "uv": [ 0.0, 0.0, 4.0, 4.0 ], "autoUv": false }
							}
						},
						{
							"name": "Cube2.059",
							"from": [ 0.0, 0.0, 2.1257 ],
							"to": [ 0.5, 0.5, 3.2654 ],
							"rotationOrigin": [ -0.45, 0.25, 2.1257 ],
							"faces": {
								"north": { "texture": "#coke", "uv": [ 0.0, 0.0, 4.0, 4.0 ], "autoUv": false },
								"east": { "texture": "#coke", "uv": [ 0.0, 0.0, 4.0, 4.0 ], "autoUv": false },
								"south": { "texture": "#coke", "uv": [ 0.0, 0.0, 4.0, 4.0 ], "autoUv": false },
								"west": { "texture": "#coke", "uv": [ 0.0, 0.0, 4.0, 4.0 ], "autoUv": false },
								"up": { "texture": "#coke", "uv": [ 0.0, 0.0, 4.0, 4.0 ], "autoUv": false },
								"down": { "texture": "#coke", "uv": [ 0.0, 0.0, 4.0, 4.0 ], "autoUv": false }
							}
						},
						{
							"name": "Cube2.060",
							"from": [ -0.5009, -0.001, 2.1257 ],
							"to": [ -9.0E-4, 0.499, 3.2654 ],
							"rotationOrigin": [ -0.9509, 0.249, 2.1257 ],
							"faces": {
								"north": { "texture": "#material", "uv": [ 0.0, 0.0, 4.0, 4.0 ], "autoUv": false },
								"east": { "texture": "#coke", "uv": [ 0.0, 0.0, 4.0, 4.0 ], "autoUv": false },
								"south": { "texture": "#coke", "uv": [ 0.0, 0.0, 4.0, 4.0 ], "autoUv": false },
								"west": { "texture": "#coke", "uv": [ 0.0, 0.0, 4.0, 4.0 ], "autoUv": false },
								"up": { "texture": "#coke", "uv": [ 0.0, 0.0, 4.0, 4.0 ], "autoUv": false },
								"down": { "texture": "#coke", "uv": [ 0.0, 0.0, 4.0, 4.0 ], "autoUv": false }
							}
						},
						{
							"name": "Cube2.062",
							"from": [ 0.0, 0.0, 1.013 ],
							"to": [ 0.5, 0.5, 2.1527 ],
							"rotationOrigin": [ -0.45, 0.25, 1.013 ],
							"faces": {
								"north": { "texture": "#coke", "uv": [ 0.0, 0.0, 4.0, 4.0 ], "autoUv": false },
								"east": { "texture": "#coke", "uv": [ 0.0, 0.0, 4.0, 4.0 ], "autoUv": false },
								"south": { "texture": "#coke", "uv": [ 0.0, 0.0, 4.0, 4.0 ], "autoUv": false },
								"west": { "texture": "#coke", "uv": [ 0.0, 0.0, 4.0, 4.0 ], "autoUv": false },
								"up": { "texture": "#material", "uv": [ 0.0, 0.0, 4.0, 4.0 ], "autoUv": false },
								"down": { "texture": "#coke", "uv": [ 0.0, 0.0, 4.0, 4.0 ], "autoUv": false }
							}
						},
						{
							"name": "Cube2.064",
							"from": [ -0.5009, 0.497, 1.013 ],
							"to": [ -9.0E-4, 0.997, 2.1527 ],
							"rotationOrigin": [ -0.9509, 0.747, 1.013 ],
							"faces": {
								"north": { "texture": "#material", "uv": [ 0.0, 0.0, 4.0, 4.0 ], "autoUv": false },
								"east": { "texture": "#coke", "uv": [ 0.0, 0.0, 4.0, 4.0 ], "autoUv": false },
								"south": { "texture": "#coke", "uv": [ 0.0, 0.0, 4.0, 4.0 ], "autoUv": false },
								"west": { "texture": "#coke", "uv": [ 0.0, 0.0, 4.0, 4.0 ], "autoUv": false },
								"up": { "texture": "#coke", "uv": [ 0.0, 0.0, 4.0, 4.0 ], "autoUv": false },
								"down": { "texture": "#material", "uv": [ 0.0, 0.0, 4.0, 4.0 ], "autoUv": false }
							}
						}
					]
				},
				{
					"name": "Cube2.035",
					"from": [ 0.5009, 0.001, 5.456 ],
					"to": [ 1.0009, 0.501, 6.5957 ],
					"rotationOrigin": [ 0.0509, 0.251, 5.456 ],
					"faces": {
						"north": { "texture": "#coke", "uv": [ 0.0, 0.0, 4.0, 4.0 ], "autoUv": false },
						"east": { "texture": "#coke", "uv": [ 0.0, 0.0, 4.0, 4.0 ], "autoUv": false },
						"south": { "texture": "#coke", "uv": [ 0.0, 0.0, 4.0, 4.0 ], "autoUv": false },
						"west": { "texture": "#material", "uv": [ 0.0, 0.0, 4.0, 4.0 ], "autoUv": false },
						"up": { "texture": "#coke", "uv": [ 0.0, 0.0, 4.0, 4.0 ], "autoUv": false },
						"down": { "texture": "#coke", "uv": [ 0.0, 0.0, 4.0, 4.0 ], "autoUv": false }
					},
					"children": [
						{
							"name": "Cube2.033",
							"from": [ -0.5009, 0.497, 0.0 ],
							"to": [ -9.0E-4, 0.997, 1.1397 ],
							"rotationOrigin": [ -0.9509, 0.747, 0.0 ],
							"faces": {
								"north": { "texture": "#coke", "uv": [ 0.0, 0.0, 4.0, 4.0 ], "autoUv": false },
								"east": { "texture": "#coke", "uv": [ 0.0, 0.0, 4.0, 4.0 ], "autoUv": false },
								"south": { "texture": "#coke", "uv": [ 0.0, 0.0, 4.0, 4.0 ], "autoUv": false },
								"west": { "texture": "#coke", "uv": [ 0.0, 0.0, 4.0, 4.0 ], "autoUv": false },
								"up": { "texture": "#coke", "uv": [ 0.0, 0.0, 4.0, 4.0 ], "autoUv": false },
								"down": { "texture": "#material", "uv": [ 0.0, 0.0, 4.0, 4.0 ], "autoUv": false }
							}
						},
						{
							"name": "Cube2.038",
							"from": [ 0.0, 0.0, 1.1127 ],
							"to": [ 0.5, 0.5, 2.7321 ],
							"rotationOrigin": [ -0.45, 0.25, 1.1127 ],
							"faces": {
								"north": { "texture": "#coke", "uv": [ 0.0, 0.0, 4.0, 4.0 ], "autoUv": false },
								"east": { "texture": "#coke", "uv": [ 0.0, 0.0, 4.0, 4.0 ], "autoUv": false },
								"south": { "texture": "#material", "uv": [ 0.0, 0.0, 4.0, 4.0 ], "autoUv": false },
								"west": { "texture": "#coke", "uv": [ 0.0, 0.0, 4.0, 4.0 ], "autoUv": false },
								"up": { "texture": "#coke", "uv": [ 0.0, 0.0, 4.0, 4.0 ], "autoUv": false },
								"down": { "texture": "#coke", "uv": [ 0.0, 0.0, 4.0, 4.0 ], "autoUv": false }
							},
							"children": [
								{
									"name": "Cube2.040",
									"from": [ -0.5009, 0.497, 0.0 ],
									"to": [ -9.0E-4, 0.997, 1.6194 ],
									"rotationOrigin": [ -0.9509, 0.747, 0.0 ],
									"faces": {
										"north": { "texture": "#coke", "uv": [ 0.0, 0.0, 4.0, 4.0 ], "autoUv": false },
										"east": { "texture": "#coke", "uv": [ 0.0, 0.0, 4.0, 4.0 ], "autoUv": false },
										"south": { "texture": "#material", "uv": [ 0.0, 0.0, 4.0, 4.0 ], "autoUv": false },
										"west": { "texture": "#coke", "uv": [ 0.0, 0.0, 4.0, 4.0 ], "autoUv": false },
										"up": { "texture": "#coke", "uv": [ 0.0, 0.0, 4.0, 4.0 ], "autoUv": false },
										"down": { "texture": "#coke", "uv": [ 0.0, 0.0, 4.0, 4.0 ], "autoUv": false }
									}
								},
								{
									"name": "Cube2.050",
									"from": [ 0.0, 0.498, -3.3213 ],
									"to": [ 0.5, 0.998, -2.1817 ],
									"rotationOrigin": [ -0.45, 0.748, -3.3213 ],
									"faces": {
										"north": { "texture": "#coke", "uv": [ 0.0, 0.0, 4.0, 4.0 ], "autoUv": false },
										"east": { "texture": "#coke", "uv": [ 0.0, 0.0, 4.0, 4.0 ], "autoUv": false },
										"south": { "texture": "#material", "uv": [ 0.0, 0.0, 4.0, 4.0 ], "autoUv": false },
										"west": { "texture": "#material", "uv": [ 0.0, 0.0, 4.0, 4.0 ], "autoUv": false },
										"up": { "texture": "#coke", "uv": [ 0.0, 0.0, 4.0, 4.0 ], "autoUv": false },
										"down": { "texture": "#coke", "uv": [ 0.0, 0.0, 4.0, 4.0 ], "autoUv": false }
									}
								}
							]
						},
						{
							"name": "Cube2.039",
							"from": [ 0.0, 0.498, 1.1127 ],
							"to": [ 0.5, 0.998, 2.7321 ],
							"rotationOrigin": [ -0.45, 0.748, 1.1127 ],
							"faces": {
								"north": { "texture": "#coke", "uv": [ 0.0, 0.0, 4.0, 4.0 ], "autoUv": false },
								"east": { "texture": "#coke", "uv": [ 0.0, 0.0, 4.0, 4.0 ], "autoUv": false },
								"south": { "texture": "#material", "uv": [ 0.0, 0.0, 4.0, 4.0 ], "autoUv": false },
								"west": { "texture": "#coke", "uv": [ 0.0, 0.0, 4.0, 4.0 ], "autoUv": false },
								"up": { "texture": "#coke", "uv": [ 0.0, 0.0, 4.0, 4.0 ], "autoUv": false },
								"down": { "texture": "#coke", "uv": [ 0.0, 0.0, 4.0, 4.0 ], "autoUv": false }
							}
						}
					]
				},
				{
					"name": "Cube2.051",
					"from": [ 0.5009, 0.001, 3.2474 ],
					"to": [ 1.0009, 0.501, 4.387 ],
					"rotationOrigin": [ 0.0509, 0.251, 3.2474 ],
					"faces": {
						"north": { "texture": "#coke", "uv": [ 0.0, 0.0, 4.0, 4.0 ], "autoUv": false },
						"east": { "texture": "#coke", "uv": [ 0.0, 0.0, 4.0, 4.0 ], "autoUv": false },
						"south": { "texture": "#coke", "uv": [ 0.0, 0.0, 4.0, 4.0 ], "autoUv": false },
						"west": { "texture": "#coke", "uv": [ 0.0, 0.0, 4.0, 4.0 ], "autoUv": false },
						"up": { "texture": "#coke", "uv": [ 0.0, 0.0, 4.0, 4.0 ], "autoUv": false },
						"down": { "texture": "#coke", "uv": [ 0.0, 0.0, 4.0, 4.0 ], "autoUv": false }
					},
					"children": [
						{
							"name": "Cube2.052",
							"from": [ -0.5009, -0.001, 0.0 ],
							"to": [ -9.0E-4, 0.499, 1.1396 ],
							"rotationOrigin": [ -0.9509, 0.249, 0.0 ],
							"faces": {
								"north": { "texture": "#coke", "uv": [ 0.0, 0.0, 4.0, 4.0 ], "autoUv": false },
								"east": { "texture": "#coke", "uv": [ 0.0, 0.0, 4.0, 4.0 ], "autoUv": false },
								"south": { "texture": "#coke", "uv": [ 0.0, 0.0, 4.0, 4.0 ], "autoUv": false },
								"west": { "texture": "#coke", "uv": [ 0.0, 0.0, 4.0, 4.0 ], "autoUv": false },
								"up": { "texture": "#material", "uv": [ 0.0, 0.0, 4.0, 4.0 ], "autoUv": false },
								"down": { "texture": "#coke", "uv": [ 0.0, 0.0, 4.0, 4.0 ], "autoUv": false }
							}
						},
						{
							"name": "Cube2.053",
							"from": [ -0.5009, -0.001, 1.1127 ],
							"to": [ -9.0E-4, 0.499, 2.2523 ],
							"rotationOrigin": [ -0.9509, 0.249, 1.1127 ],
							"faces": {
								"north": { "texture": "#coke", "uv": [ 0.0, 0.0, 4.0, 4.0 ], "autoUv": false },
								"east": { "texture": "#coke", "uv": [ 0.0, 0.0, 4.0, 4.0 ], "autoUv": false },
								"south": { "texture": "#material", "uv": [ 0.0, 0.0, 4.0, 4.0 ], "autoUv": false },
								"west": { "texture": "#coke", "uv": [ 0.0, 0.0, 4.0, 4.0 ], "autoUv": false },
								"up": { "texture": "#coke", "uv": [ 0.0, 0.0, 4.0, 4.0 ], "autoUv": false },
								"down": { "texture": "#coke", "uv": [ 0.0, 0.0, 4.0, 4.0 ], "autoUv": false }
							}
						}
					]
				}
			]
		}
	]}