{
	"editor": {
		"allAngles": false,
		"entityTextureMode": false
	},
	"textureWidth": 16,
	"textureHeight": 16,
	"textureSizes": {
	},
	"elements": [
		{
			"name": "Cube",
			"from": [ 8.1, 0.0, -0.5 ],
			"to": [ 9.1, 1.0, 7.5 ],
			"rotationOrigin": [ 9.0, 0.0, 0.0 ],
			"faces": {
				"north": { "texture": "#material", "uv": [ 3.5, 3.0, 4.5, 4.0 ] },
				"east": { "texture": "#material", "uv": [ 0.0, 0.0, 8.0, 1.0 ] },
				"south": { "texture": "#material", "uv": [ 12.5, 3.5, 13.5, 4.5 ] },
				"west": { "texture": "#material", "uv": [ 0.0, 8.0, 8.0, 9.0 ] },
				"up": { "texture": "#material", "uv": [ 2.0, 0.0, 3.0, 8.0 ] },
				"down": { "texture": "#material", "uv": [ 12.0, 0.0, 13.0, 8.0 ] }
			}
		},
		{
			"name": "Cube2",
			"from": [ 6.9, 0.0, -0.5 ],
			"to": [ 7.9, 1.0, 7.5 ],
			"rotationOrigin": [ 6.0, 0.0, -1.0 ],
			"faces": {
				"north": { "texture": "#material", "uv": [ 13.0, 8.0, 14.0, 9.0 ] },
				"east": { "texture": "#material", "uv": [ 0.0, 7.5, 8.0, 8.5 ] },
				"south": { "texture": "#material", "uv": [ 11.5, 8.0, 12.5, 9.0 ] },
				"west": { "texture": "#material", "uv": [ 0.0, 6.5, 8.0, 7.5 ] },
				"up": { "texture": "#material", "uv": [ 3.5, 0.0, 4.5, 8.0 ] },
				"down": { "texture": "#material", "uv": [ 10.0, 0.0, 11.0, 8.0 ] }
			}
		}
	]}