{
	"editor": {
		"collapsedPaths": "",
		"allAngles": false,
		"entityTextureMode": false
	},
	"textureWidth": 16,
	"textureHeight": 16,
	"textureSizes": {
	},
	"textures": {
	},
	"elements": [
		{
			"name": "Cube",
			"from": [ 8.1, -0.5, 0.0 ],
			"to": [ 9.1, 0.5, 16.0 ],
			"rotationOrigin": [ 8.0, 8.0, 8.0 ],
			"faces": {
				"north": { "texture": "#material", "uv": [ 11.0, 3.5, 12.0, 4.5 ], "autoUv": false, "windMode": [-1,-1,-1,-1] },
				"east": { "texture": "#material", "uv": [ 4.0, 5.0, 20.0, 6.0 ], "windMode": [-1,-1,-1,-1] },
				"south": { "texture": "#material", "uv": [ 2.0, 4.5, 3.0, 5.5 ], "windMode": [-1,-1,-1,-1] },
				"west": { "texture": "#material", "uv": [ 7.5, 10.0, 23.5, 11.0 ], "windMode": [-1,-1,-1,-1] },
				"up": { "texture": "#material", "uv": [ 3.5, 3.5, 4.5, 19.5 ], "windMode": [-1,-1,-1,-1] },
				"down": { "texture": "#material", "uv": [ 9.0, 1.5, 10.0, 17.5 ], "windMode": [-1,-1,-1,-1] }
			}
		},
		{
			"name": "Cube2",
			"from": [ 6.9, -0.5, 0.0 ],
			"to": [ 7.9, 0.5, 16.0 ],
			"rotationOrigin": [ 8.0, 8.0, 8.0 ],
			"faces": {
				"north": { "texture": "#material", "uv": [ 7.5, 3.5, 8.5, 4.5 ] },
				"east": { "texture": "#material", "uv": [ 7.0, 10.5, 23.0, 11.5 ], "windMode": [-1,-1,-1,-1] },
				"south": { "texture": "#material", "uv": [ 13.5, 1.5, 14.5, 2.5 ], "windMode": [-1,-1,-1,-1] },
				"west": { "texture": "#material", "uv": [ 1.5, 5.0, 17.5, 6.0 ], "windMode": [-1,-1,-1,-1] },
				"up": { "texture": "#material", "uv": [ 10.5, 2.0, 11.5, 18.0 ], "windMode": [-1,-1,-1,-1] },
				"down": { "texture": "#material", "uv": [ 14.5, 1.5, 15.5, 17.5 ], "windMode": [-1,-1,-1,-1] }
			}
		},
		{
			"name": "Cube3",
			"from": [ 6.8, -0.6, 0.2 ],
			"to": [ 9.2, 0.6, 15.8 ],
			"rotationOrigin": [ 6.1, -0.5, -0.5 ],
			"faces": {
				"north": { "texture": "#isolation", "uv": [ 0.0, 0.0, 2.0, 1.0 ], "windMode": [-1,-1,-1,-1] },
				"east": { "texture": "#isolation", "uv": [ 0.0, 0.0, 15.5, 1.0 ], "windMode": [-1,-1,-1,-1] },
				"south": { "texture": "#isolation", "uv": [ 0.0, 0.0, 2.0, 1.0 ], "windMode": [-1,-1,-1,-1] },
				"west": { "texture": "#isolation", "uv": [ 0.0, 0.0, 15.5, 1.0 ], "windMode": [-1,-1,-1,-1] },
				"up": { "texture": "#isolation", "uv": [ 0.0, 0.0, 2.0, 15.5 ], "windMode": [-1,-1,-1,-1] },
				"down": { "texture": "#isolation", "uv": [ 0.0, 0.0, 2.0, 15.5 ], "windMode": [-1,-1,-1,-1] }
			}
		}
	]}