{
	"editor": {
		"allAngles": false,
		"entityTextureMode": false
	},
	"textureWidth": 16,
	"textureHeight": 16,
	"textureSizes": {
	},
	"elements": [
		{
			"name": "Cube",
			"from": [ 6.7, -0.7, 6.7 ],
			"to": [ 9.3, 0.7, 9.3 ],
			"rotationOrigin": [ 8.0, 8.0, 7.0 ],
			"faces": {
				"north": { "texture": "#material", "uv": [ 14.0, 2.5, 16.5, 3.5 ] },
				"east": { "texture": "#material", "uv": [ 3.5, 4.0, 6.0, 5.0 ] },
				"south": { "texture": "#material", "uv": [ 11.5, 5.5, 14.0, 6.5 ] },
				"west": { "texture": "#material", "uv": [ 7.5, 4.0, 10.0, 5.0 ] },
				"up": { "texture": "#material", "uv": [ 14.0, 5.0, 16.5, 7.5 ] },
				"down": { "texture": "#material", "uv": [ 6.5, 5.5, 9.0, 8.0 ] }
			}
		}
	]}