{
  "ingredientPattern": "GS,PC",
  "width": 2,
  "height": 2,
  "ingredients": {
    "G": {
      "type": "item",
      "code": "game:stick"
    },
    "S": {
      "type": "item",
      "code": "game:saw-*",
      "isTool": true,
      "toolDurabilityCost": 16
    },
    "P": {
      "type": "item",
      "code": "game:plank-*"
    },
    "C": {
      "type": "block",
      "code": "electricalprogressivebasics:ecable-32v-copper-single-part",
      "quantity": 8
    }
  },
  "output": {
    "type": "block",
    "code": "electricalprogressivebasics:switch-enabled",
    "quantity": 4
  }
}
