﻿{
  "ingredientPattern": "HS,XM,LC",
  "width": 2,
  "height": 3,
  "ingredients": {
    "L": {
      "type": "block",
      "code": "game:linen-*-down",
      "quantity": 2
    },
    "S": {
      "type": "item",
      "code": "game:saw-*",
      "isTool": true,
      "toolDurabilityCost": 32
    },
    "X": {
      "type": "item",
      "code": "game:chisel-*",
      "isTool": true,
      "toolDurabilityCost": 8
    },
    "H": {
      "type": "item",
      "code": "game:hammer-*",
      "isTool": true,
      "toolDurabilityCost": 8
    },
    "M": {
      "type": "item",
      "code": "game:metalplate-iron",
      "quantity": 4
    },
    "C": {
      "type": "block",
      "code": "electricalprogressivebasics:ecable-128v-copper-single-part",
      "quantity": 32
    }
  },
  "output": {
    "type": "block",
    "code": "electricalprogressivebasics:transformator-normal-south",
    "quantity": 1
  }
}
