{
	"editor": {
		"collapsedPaths": "Root/plastini,Root/termo-generator/Korpus,Root/termo-generator/Dveri/Ldver",
		"allAngles": false,
		"entityTextureMode": false
	},
	"textureWidth": 16,
	"textureHeight": 16,
	"textureSizes": {
	},
	"textures": {
		"copper": "game:block/metal/plate/copper",
		"iron": "game:block/metal/plate/iron",
		"zinc": "game:block/metal/plate/zinc",
		"zinc-sgorevshiy": "block/zinc-sgorevshiy",
		"iron-s-jrfntovkoy": "block/iron-s-jrfntovkoy",
		"copper-hot": "block/ember",
		"linen": "block/linen",
		"steel": "game:block/metal/plate/steel"
	},
	"elements": [
		{
			"name": "termo-generator",
			"from": [ 0.0, 2.0, 0.0 ],
			"to": [ 0.0, 2.0, 0.0 ],
			"rotationOrigin": [ 8.0, 2.0, 8.0 ],
			"faces": {
				"north": { "texture": "#iron", "uv": [ 0.0, 0.0, 0.5, 0.5 ] },
				"east": { "texture": "#iron", "uv": [ 0.0, 0.0, 0.5, 0.5 ] },
				"south": { "texture": "#iron", "uv": [ 0.0, 0.0, 0.5, 0.5 ] },
				"west": { "texture": "#iron", "uv": [ 0.0, 0.0, 0.5, 0.5 ] },
				"up": { "texture": "#iron", "uv": [ 0.0, 0.0, 0.5, 0.5 ] },
				"down": { "texture": "#iron", "uv": [ 0.0, 0.0, 0.5, 0.5 ] }
			},
			"children": [
				{
					"name": "Korpus",
					"from": [ 0.0, 0.0, 0.0 ],
					"to": [ 0.0, 0.0, 0.0 ],
					"rotationOrigin": [ 8.0, 0.0, 8.0 ],
					"faces": {
						"north": { "texture": "#iron", "uv": [ 0.0, 0.0, 0.5, 0.5 ] },
						"east": { "texture": "#iron", "uv": [ 0.0, 0.0, 0.5, 0.5 ] },
						"south": { "texture": "#iron", "uv": [ 0.0, 0.0, 0.5, 0.5 ] },
						"west": { "texture": "#iron", "uv": [ 0.0, 0.0, 0.5, 0.5 ] },
						"up": { "texture": "#iron", "uv": [ 0.0, 0.0, 0.5, 0.5 ] },
						"down": { "texture": "#iron", "uv": [ 0.0, 0.0, 0.5, 0.5 ] }
					},
					"children": [
						{
							"name": "Cube3",
							"from": [ 12.5, 0.5, 3.0 ],
							"to": [ 13.0, 8.5, 13.0 ],
							"rotationOrigin": [ 12.5, 0.0, 3.0 ],
							"faces": {
								"north": { "texture": "#iron-s-jrfntovkoy", "uv": [ 0.0, 0.0, 0.5, 8.0 ] },
								"east": { "texture": "#iron-s-jrfntovkoy", "uv": [ 0.0, 0.0, 16.0, 16.0 ], "autoUv": false },
								"south": { "texture": "#iron-s-jrfntovkoy", "uv": [ 0.0, 0.0, 0.5, 8.0 ] },
								"west": { "texture": "#iron-s-jrfntovkoy", "uv": [ -0.8, 0.0, 16.0, 16.0 ], "autoUv": false },
								"up": { "texture": "#iron-s-jrfntovkoy", "uv": [ 0.0, 0.0, 0.5, 10.0 ] },
								"down": { "texture": "#iron-s-jrfntovkoy", "uv": [ 0.0, 0.0, 0.5, 10.0 ] }
							}
						},
						{
							"name": "Cube4",
							"from": [ 3.0, 0.5, 3.0 ],
							"to": [ 3.5, 8.5, 13.0 ],
							"rotationOrigin": [ 3.0, 0.0, 3.0 ],
							"faces": {
								"north": { "texture": "#iron-s-jrfntovkoy", "uv": [ 0.0, 0.0, 0.5, 8.0 ] },
								"east": { "texture": "#iron-s-jrfntovkoy", "uv": [ 0.0, 0.0, 16.8, 16.0 ], "autoUv": false },
								"south": { "texture": "#iron-s-jrfntovkoy", "uv": [ 0.0, 0.0, 0.5, 8.0 ] },
								"west": { "texture": "#iron-s-jrfntovkoy", "uv": [ 0.0, 0.0, 16.0, 16.0 ], "autoUv": false },
								"up": { "texture": "#iron-s-jrfntovkoy", "uv": [ 0.0, 0.0, 0.5, 10.0 ] },
								"down": { "texture": "#iron-s-jrfntovkoy", "uv": [ 0.0, 0.0, 0.5, 10.0 ] }
							}
						},
						{
							"name": "Cube7",
							"from": [ 3.0, 0.0, 3.0 ],
							"to": [ 13.0, 0.5, 13.0 ],
							"rotationOrigin": [ 3.0, 0.0, 3.0 ],
							"faces": {
								"north": { "texture": "#iron-s-jrfntovkoy", "uv": [ 0.0, 0.0, 10.0, 0.5 ] },
								"east": { "texture": "#iron-s-jrfntovkoy", "uv": [ 0.0, 0.0, 10.0, 0.5 ] },
								"south": { "texture": "#iron-s-jrfntovkoy", "uv": [ 0.0, 0.0, 10.0, 0.5 ] },
								"west": { "texture": "#iron-s-jrfntovkoy", "uv": [ 0.0, 0.0, 10.0, 0.5 ] },
								"up": { "texture": "#iron-s-jrfntovkoy", "uv": [ -0.8, -0.8, 16.5, 16.5 ], "autoUv": false },
								"down": { "texture": "#iron-s-jrfntovkoy", "uv": [ 0.0, 0.0, 16.0, 16.0 ], "autoUv": false }
							}
						},
						{
							"name": "Cube8",
							"from": [ 3.5, 0.5, 3.0 ],
							"to": [ 12.5, 8.5, 3.5 ],
							"rotationOrigin": [ 3.5, 0.0, 3.0 ],
							"faces": {
								"north": { "texture": "#iron-s-jrfntovkoy", "uv": [ 1.0, 0.0, 15.0, 16.0 ], "autoUv": false },
								"east": { "texture": "#iron-s-jrfntovkoy", "uv": [ 0.0, 0.0, 0.5, 8.0 ] },
								"south": { "texture": "#iron-s-jrfntovkoy", "uv": [ 0.0, 0.0, 16.0, 16.0 ], "autoUv": false },
								"west": { "texture": "#iron-s-jrfntovkoy", "uv": [ 0.0, 0.0, 0.5, 8.0 ] },
								"up": { "texture": "#iron-s-jrfntovkoy", "uv": [ 0.0, 0.0, 9.0, 0.5 ] },
								"down": { "texture": "#iron-s-jrfntovkoy", "uv": [ 0.0, 0.0, 9.0, 0.5 ] }
							}
						},
						{
							"name": "Cube9",
							"from": [ 3.5, 0.5, 12.5 ],
							"to": [ 12.5, 2.5, 13.0 ],
							"rotationOrigin": [ 3.5, 0.0, 11.5 ],
							"faces": {
								"north": { "texture": "#iron-s-jrfntovkoy", "uv": [ 0.0, 0.0, 9.0, 2.0 ] },
								"east": { "texture": "#iron-s-jrfntovkoy", "uv": [ 0.0, 0.0, 0.5, 2.0 ] },
								"south": { "texture": "#iron-s-jrfntovkoy", "uv": [ 0.15, 12.5, 15.85, 14.5 ], "autoUv": false },
								"west": { "texture": "#iron-s-jrfntovkoy", "uv": [ 0.0, 0.0, 0.5, 2.0 ] },
								"up": { "texture": "#iron-s-jrfntovkoy", "uv": [ 0.0, 0.0, 9.0, 0.5 ] },
								"down": { "texture": "#iron-s-jrfntovkoy", "uv": [ 0.0, 0.0, 9.0, 0.5 ] }
							}
						},
						{
							"name": "Cube11",
							"from": [ 11.5, 2.5, 12.5 ],
							"to": [ 12.5, 7.5, 13.0 ],
							"rotationOrigin": [ 11.5, 2.0, 11.5 ],
							"faces": {
								"north": { "texture": "#iron-s-jrfntovkoy", "uv": [ 0.0, 0.0, 1.0, 5.0 ] },
								"east": { "texture": "#iron-s-jrfntovkoy", "uv": [ 0.0, 0.0, 0.5, 5.0 ] },
								"south": { "texture": "#iron-s-jrfntovkoy", "uv": [ 14.5, 1.0, 15.5, 6.0 ] },
								"west": { "texture": "#iron-s-jrfntovkoy", "uv": [ 0.0, 0.0, 0.5, 5.0 ] },
								"up": { "texture": "#iron-s-jrfntovkoy", "uv": [ 0.0, 0.0, 1.0, 0.5 ] },
								"down": { "texture": "#iron-s-jrfntovkoy", "uv": [ 0.0, 0.0, 1.0, 0.5 ] }
							}
						},
						{
							"name": "Cube10",
							"from": [ 3.5, 7.5, 12.5 ],
							"to": [ 12.5, 8.5, 13.0 ],
							"rotationOrigin": [ 3.5, 7.0, 11.5 ],
							"faces": {
								"north": { "texture": "#iron-s-jrfntovkoy", "uv": [ 0.0, 0.0, 9.0, 1.0 ] },
								"east": { "texture": "#iron-s-jrfntovkoy", "uv": [ 0.0, 0.0, 0.5, 1.0 ] },
								"south": { "texture": "#iron-s-jrfntovkoy", "uv": [ 0.2, 0.5, 15.85, 1.5 ], "autoUv": false },
								"west": { "texture": "#iron-s-jrfntovkoy", "uv": [ 0.0, 0.0, 0.5, 1.0 ] },
								"up": { "texture": "#iron-s-jrfntovkoy", "uv": [ 0.0, 0.0, 9.0, 0.5 ] },
								"down": { "texture": "#iron-s-jrfntovkoy", "uv": [ 0.0, 0.0, 9.0, 0.5 ] }
							}
						},
						{
							"name": "Cube12",
							"from": [ 3.5, 2.5, 12.5 ],
							"to": [ 4.5, 7.5, 13.0 ],
							"rotationOrigin": [ 3.5, 2.0, 11.5 ],
							"faces": {
								"north": { "texture": "#iron-s-jrfntovkoy", "uv": [ 0.0, 0.0, 1.0, 5.0 ] },
								"east": { "texture": "#iron-s-jrfntovkoy", "uv": [ 0.0, 1.0, 0.5, 6.0 ] },
								"south": { "texture": "#iron-s-jrfntovkoy", "uv": [ 0.5, 1.0, 1.5, 6.0 ] },
								"west": { "texture": "#iron-s-jrfntovkoy", "uv": [ 0.0, 0.0, 0.5, 5.0 ] },
								"up": { "texture": "#iron-s-jrfntovkoy", "uv": [ 0.0, 0.0, 1.0, 0.5 ] },
								"down": { "texture": "#iron-s-jrfntovkoy", "uv": [ 0.0, 0.0, 1.0, 0.5 ] }
							}
						},
						{
							"name": "Cube5",
							"from": [ 10.8, 4.4, 3.01 ],
							"to": [ 12.8, 8.4, 12.99 ],
							"rotationOrigin": [ 8.0, 6.75, 8.0 ],
							"rotationZ": 45.0,
							"faces": {
								"north": { "texture": "#iron-s-jrfntovkoy", "uv": [ 0.5, 1.5, 2.5, 5.5 ], "autoUv": false },
								"east": { "texture": "#iron-s-jrfntovkoy", "uv": [ 0.0, 0.0, 16.0, 4.0 ], "autoUv": false },
								"south": { "texture": "#iron-s-jrfntovkoy", "uv": [ 11.6, 1.0, 15.2, 5.0 ], "autoUv": false },
								"west": { "texture": "#iron-s-jrfntovkoy", "uv": [ 0.5, 0.5, 10.0, 4.5 ] },
								"up": { "texture": "#iron-s-jrfntovkoy", "uv": [ 0.0, 0.0, 2.0, 9.5 ] },
								"down": { "texture": "#iron-s-jrfntovkoy", "uv": [ 0.0, 0.0, 2.0, 9.5 ] }
							}
						},
						{
							"name": "Cube6",
							"from": [ 10.8, 4.4, 3.01 ],
							"to": [ 12.8, 8.4, 12.99 ],
							"rotationOrigin": [ 8.0, 6.75, 8.0 ],
							"rotationY": 180.0,
							"rotationZ": 45.0,
							"faces": {
								"north": { "texture": "#iron-s-jrfntovkoy", "uv": [ 0.8, 1.0, 6.0, 5.0 ], "autoUv": false },
								"east": { "texture": "#iron-s-jrfntovkoy", "uv": [ 0.0, 0.0, 16.0, 4.0 ], "autoUv": false },
								"south": { "texture": "#iron-s-jrfntovkoy", "uv": [ 13.5, 1.5, 15.5, 5.5 ] },
								"west": { "texture": "#iron-s-jrfntovkoy", "uv": [ 0.0, 0.0, 9.5, 4.0 ] },
								"up": { "texture": "#iron-s-jrfntovkoy", "uv": [ 0.0, 0.0, 2.0, 9.5 ] },
								"down": { "texture": "#iron-s-jrfntovkoy", "uv": [ 0.0, 0.0, 2.0, 9.5 ] }
							}
						},
						{
							"name": "Cube17",
							"from": [ 5.5, 8.5, 3.02 ],
							"to": [ 10.5, 12.5, 12.98 ],
							"rotationOrigin": [ 8.0, 12.5, 8.0 ],
							"faces": {
								"north": { "texture": "#iron-s-jrfntovkoy", "uv": [ 0.0, 0.0, 16.0, 15.5 ], "autoUv": false },
								"east": { "texture": "#iron-s-jrfntovkoy", "uv": [ 0.0, 0.5, 16.0, 4.5 ], "autoUv": false },
								"south": { "texture": "#iron-s-jrfntovkoy", "uv": [ 0.0, 0.5, 16.0, 4.5 ], "autoUv": false },
								"west": { "texture": "#iron-s-jrfntovkoy", "uv": [ 0.0, 0.5, 16.0, 4.5 ], "autoUv": false },
								"up": { "texture": "#iron-s-jrfntovkoy", "uv": [ 0.0, 0.0, 16.0, 16.0 ], "autoUv": false },
								"down": { "texture": "#iron-s-jrfntovkoy", "uv": [ 0.0, 0.0, 5.0, 9.5 ] }
							}
						},
						{
							"name": "Cube18",
							"from": [ 5.5, 8.5, 3.02 ],
							"to": [ 10.5, 12.5, 12.98 ],
							"rotationOrigin": [ 8.0, 12.5, 8.0 ],
							"faces": {
								"north": { "texture": "#iron", "uv": [ 0.0, 0.0, 5.0, 4.0 ] },
								"east": { "texture": "#iron", "uv": [ 0.0, 0.0, 9.5, 4.0 ] },
								"south": { "texture": "#iron", "uv": [ 0.0, 0.0, 5.0, 4.0 ] },
								"west": { "texture": "#iron", "uv": [ 0.0, 0.0, 9.5, 4.0 ] },
								"up": { "texture": "#iron", "uv": [ 0.0, 0.0, 5.0, 9.5 ] },
								"down": { "texture": "#iron", "uv": [ 0.0, 0.0, 5.0, 9.5 ] }
							}
						},
						{
							"name": "Cube31",
							"from": [ 3.0, -2.0, 12.0 ],
							"to": [ 4.0, 0.0, 13.0 ],
							"rotationOrigin": [ 8.0, -2.0, 8.0 ],
							"faces": {
								"north": { "texture": "#iron", "uv": [ 0.0, 0.0, 1.0, 2.0 ] },
								"east": { "texture": "#iron", "uv": [ 0.0, 1.0, 1.0, 3.0 ] },
								"south": { "texture": "#iron", "uv": [ 0.5, 1.0, 1.5, 3.0 ] },
								"west": { "texture": "#iron", "uv": [ 0.0, 0.0, 1.0, 2.0 ] },
								"up": { "texture": "#iron", "uv": [ 0.0, 0.0, 1.0, 1.0 ] },
								"down": { "texture": "#iron", "uv": [ 0.0, 0.0, 1.0, 1.0 ] }
							}
						},
						{
							"name": "Cube33",
							"from": [ 3.0055, -2.0, 12.0007 ],
							"to": [ 4.0055, 0.0, 13.0007 ],
							"rotationOrigin": [ 8.0, -2.0, 8.0 ],
							"rotationY": 89.9802,
							"faces": {
								"north": { "texture": "#iron", "uv": [ 0.0, 0.0, 1.0, 2.0 ] },
								"east": { "texture": "#iron", "uv": [ 0.0, 1.0, 1.0, 3.0 ] },
								"south": { "texture": "#iron", "uv": [ 0.5, 1.0, 1.5, 3.0 ] },
								"west": { "texture": "#iron", "uv": [ 0.0, 0.0, 1.0, 2.0 ] },
								"up": { "texture": "#iron", "uv": [ 0.0, 0.0, 1.0, 1.0 ] },
								"down": { "texture": "#iron", "uv": [ 0.0, 0.0, 1.0, 1.0 ] }
							}
						},
						{
							"name": "Cube32",
							"from": [ 2.9945, -2.0, 11.9993 ],
							"to": [ 3.9945, 0.0, 12.9993 ],
							"rotationOrigin": [ 8.0, -2.0, 8.0 ],
							"rotationY": -89.9802,
							"faces": {
								"north": { "texture": "#iron", "uv": [ 0.0, 0.0, 1.0, 2.0 ] },
								"east": { "texture": "#iron", "uv": [ 0.0, 1.0, 1.0, 3.0 ] },
								"south": { "texture": "#iron", "uv": [ 0.5, 1.0, 1.5, 3.0 ] },
								"west": { "texture": "#iron", "uv": [ 0.0, 0.0, 1.0, 2.0 ] },
								"up": { "texture": "#iron", "uv": [ 0.0, 0.0, 1.0, 1.0 ] },
								"down": { "texture": "#iron", "uv": [ 0.0, 0.0, 1.0, 1.0 ] }
							}
						},
						{
							"name": "Cube34",
							"from": [ 3.0, -2.0, 12.0 ],
							"to": [ 4.0, 0.0, 13.0 ],
							"rotationOrigin": [ 8.0, -2.0, 8.0 ],
							"rotationX": -180.0,
							"rotationZ": -180.0,
							"faces": {
								"north": { "texture": "#iron", "uv": [ 0.0, 0.0, 1.0, 2.0 ] },
								"east": { "texture": "#iron", "uv": [ 0.0, 1.0, 1.0, 3.0 ] },
								"south": { "texture": "#iron", "uv": [ 0.5, 1.0, 1.5, 3.0 ] },
								"west": { "texture": "#iron", "uv": [ 0.0, 0.0, 1.0, 2.0 ] },
								"up": { "texture": "#iron", "uv": [ 0.0, 0.0, 1.0, 1.0 ] },
								"down": { "texture": "#iron", "uv": [ 0.0, 0.0, 1.0, 1.0 ] }
							}
						}
					]
				},
				{
					"name": "Dveri",
					"from": [ 0.0, 0.0, 0.0 ],
					"to": [ 0.0, 0.0, 0.0 ],
					"rotationOrigin": [ 8.0, 0.0, 8.0 ],
					"faces": {
						"north": { "texture": "#iron", "uv": [ 0.0, 0.0, 0.5, 0.5 ] },
						"east": { "texture": "#iron", "uv": [ 0.0, 0.0, 0.5, 0.5 ] },
						"south": { "texture": "#iron", "uv": [ 0.0, 0.0, 0.5, 0.5 ] },
						"west": { "texture": "#iron", "uv": [ 0.0, 0.0, 0.5, 0.5 ] },
						"up": { "texture": "#iron", "uv": [ 0.0, 0.0, 0.5, 0.5 ] },
						"down": { "texture": "#iron", "uv": [ 0.0, 0.0, 0.5, 0.5 ] }
					},
					"children": [
						{
							"name": "Ldver",
							"from": [ 11.5, 0.0, 13.0 ],
							"to": [ 11.5, 0.0, 13.0 ],
							"rotationOrigin": [ 11.5, 0.0, 13.0 ],
							"faces": {
								"north": { "texture": "#iron", "uv": [ 0.0, 0.0, 0.5, 0.5 ] },
								"east": { "texture": "#iron", "uv": [ 0.0, 0.0, 0.5, 0.5 ] },
								"south": { "texture": "#iron", "uv": [ 0.0, 0.0, 0.5, 0.5 ] },
								"west": { "texture": "#iron", "uv": [ 0.0, 0.0, 0.5, 0.5 ] },
								"up": { "texture": "#iron", "uv": [ 0.0, 0.0, 0.5, 0.5 ] },
								"down": { "texture": "#iron", "uv": [ 0.0, 0.0, 0.5, 0.5 ] }
							},
							"children": [
								{
									"name": "Cube13",
									"from": [ -0.5, 3.5, 0.0 ],
									"to": [ 0.5, 6.5, 0.3 ],
									"rotationOrigin": [ -0.5, 3.0, -1.0 ],
									"faces": {
										"north": { "texture": "#iron-s-jrfntovkoy", "uv": [ 0.0, 0.0, 1.0, 3.0 ] },
										"east": { "texture": "#iron-s-jrfntovkoy", "uv": [ 0.0, 0.0, 0.5, 3.0 ] },
										"south": { "texture": "#iron-s-jrfntovkoy", "uv": [ 0.0, 0.0, 16.0, 16.0 ], "autoUv": false },
										"west": { "texture": "#iron-s-jrfntovkoy", "uv": [ 0.0, 0.0, 0.5, 3.0 ] },
										"up": { "texture": "#iron-s-jrfntovkoy", "uv": [ 0.0, 0.0, 1.0, 0.5 ] },
										"down": { "texture": "#iron-s-jrfntovkoy", "uv": [ 0.0, 0.0, 1.0, 0.5 ] }
									}
								},
								{
									"name": "Cube14",
									"from": [ -3.5, 2.5, -0.5 ],
									"to": [ 0.0, 7.5, 0.0 ],
									"rotationOrigin": [ -3.5, 2.0, -1.5 ],
									"faces": {
										"north": { "texture": "#iron-s-jrfntovkoy", "uv": [ 0.0, 0.0, 16.0, 16.0 ], "autoUv": false },
										"east": { "texture": "#iron-s-jrfntovkoy", "uv": [ 0.0, 0.0, 0.5, 5.0 ] },
										"south": { "texture": "#iron-s-jrfntovkoy", "uv": [ 0.0, 0.0, 16.0, 16.0 ], "rotation": 90, "autoUv": false },
										"west": { "texture": "#iron-s-jrfntovkoy", "uv": [ 0.0, 0.0, 0.5, 5.0 ] },
										"up": { "texture": "#iron-s-jrfntovkoy", "uv": [ 0.0, 0.0, 3.5, 0.5 ] },
										"down": { "texture": "#iron-s-jrfntovkoy", "uv": [ 0.0, 0.0, 3.5, 0.5 ] }
									}
								},
								{
									"name": "Cube30",
									"from": [ -3.0, 4.5, 0.0 ],
									"to": [ -2.5, 5.5, 0.5 ],
									"rotationOrigin": [ -3.0, 4.0, -1.0 ],
									"faces": {
										"north": { "texture": "#iron-s-jrfntovkoy", "uv": [ 0.0, 0.0, 0.5, 1.0 ] },
										"east": { "texture": "#iron-s-jrfntovkoy", "uv": [ 0.0, 0.0, 0.5, 1.0 ] },
										"south": { "texture": "#iron-s-jrfntovkoy", "uv": [ 0.0, 0.0, 1.0, 1.0 ], "autoUv": false },
										"west": { "texture": "#iron-s-jrfntovkoy", "uv": [ 0.0, 0.0, 0.5, 1.0 ] },
										"up": { "texture": "#iron-s-jrfntovkoy", "uv": [ 0.0, 0.0, 0.5, 0.5 ] },
										"down": { "texture": "#iron-s-jrfntovkoy", "uv": [ 0.0, 0.0, 0.5, 0.5 ] }
									}
								}
							]
						},
						{
							"name": "Rdver",
							"from": [ 0.0, 0.0, 0.0 ],
							"to": [ 0.0, 0.0, 0.0 ],
							"rotationOrigin": [ 4.5, 0.0, 13.0 ],
							"faces": {
								"north": { "texture": "#iron", "uv": [ 0.0, 0.0, 0.5, 0.5 ] },
								"east": { "texture": "#iron", "uv": [ 0.0, 0.0, 0.5, 0.5 ] },
								"south": { "texture": "#iron", "uv": [ 0.0, 0.0, 0.5, 0.5 ] },
								"west": { "texture": "#iron", "uv": [ 0.0, 0.0, 0.5, 0.5 ] },
								"up": { "texture": "#iron", "uv": [ 0.0, 0.0, 0.5, 0.5 ] },
								"down": { "texture": "#iron", "uv": [ 0.0, 0.0, 0.5, 0.5 ] }
							},
							"children": [
								{
									"name": "Cube20",
									"from": [ 7.0, 4.5, 13.0 ],
									"to": [ 7.5, 5.5, 13.5 ],
									"rotationOrigin": [ 7.0, 4.0, 12.0 ],
									"faces": {
										"north": { "texture": "#iron-s-jrfntovkoy", "uv": [ 0.0, 0.0, 0.5, 1.0 ] },
										"east": { "texture": "#iron-s-jrfntovkoy", "uv": [ 0.0, 0.0, 0.5, 1.0 ] },
										"south": { "texture": "#iron-s-jrfntovkoy", "uv": [ 0.0, 0.0, 1.0, 1.0 ], "autoUv": false },
										"west": { "texture": "#iron-s-jrfntovkoy", "uv": [ 0.0, 0.0, 0.5, 1.0 ] },
										"up": { "texture": "#iron-s-jrfntovkoy", "uv": [ 0.0, 0.0, 0.5, 0.5 ] },
										"down": { "texture": "#iron-s-jrfntovkoy", "uv": [ 0.0, 0.0, 0.5, 0.5 ] }
									}
								},
								{
									"name": "Cube15",
									"from": [ 4.0, 3.5, 13.0 ],
									"to": [ 5.0, 6.5, 13.3 ],
									"rotationOrigin": [ 4.0, 3.0, 12.0 ],
									"faces": {
										"north": { "texture": "#iron-s-jrfntovkoy", "uv": [ 0.0, 0.0, 1.0, 3.0 ] },
										"east": { "texture": "#iron-s-jrfntovkoy", "uv": [ 0.0, 0.0, 0.5, 3.0 ] },
										"south": { "texture": "#iron-s-jrfntovkoy", "uv": [ 0.0, 0.0, 16.0, 16.0 ], "autoUv": false },
										"west": { "texture": "#iron-s-jrfntovkoy", "uv": [ 0.0, 0.0, 0.5, 3.0 ] },
										"up": { "texture": "#iron-s-jrfntovkoy", "uv": [ 0.0, 0.0, 1.0, 0.5 ] },
										"down": { "texture": "#iron-s-jrfntovkoy", "uv": [ 0.0, 0.0, 1.0, 0.5 ] }
									}
								},
								{
									"name": "Cube16",
									"from": [ 4.5, 2.5, 12.5 ],
									"to": [ 8.0, 7.5, 13.0 ],
									"rotationOrigin": [ 4.5, 2.0, 11.5 ],
									"faces": {
										"north": { "texture": "#iron-s-jrfntovkoy", "uv": [ 0.0, 0.0, 16.0, 16.0 ], "autoUv": false },
										"east": { "texture": "#iron-s-jrfntovkoy", "uv": [ 0.0, 0.0, 0.5, 5.0 ] },
										"south": { "texture": "#iron-s-jrfntovkoy", "uv": [ 0.0, 0.0, 16.0, 16.0 ], "autoUv": false },
										"west": { "texture": "#iron-s-jrfntovkoy", "uv": [ 0.0, 0.0, 0.5, 5.0 ] },
										"up": { "texture": "#iron-s-jrfntovkoy", "uv": [ 0.0, 0.0, 3.5, 0.5 ] },
										"down": { "texture": "#iron-s-jrfntovkoy", "uv": [ 0.0, 0.0, 3.5, 0.5 ] }
									}
								}
							]
						}
					]
				},
				{
					"name": "Cube19",
					"from": [ 5.49, 6.8, 6.6 ],
					"to": [ 10.51, 14.0, 13.8 ],
					"rotationOrigin": [ 5.5, 8.8, 6.5 ],
					"rotationX": -45.0,
					"faces": {
						"north": { "texture": "#copper", "uv": [ 0.0, 0.0, 5.0, 7.0 ] },
						"east": { "texture": "#copper", "uv": [ 0.0, 0.0, 7.0, 7.0 ] },
						"south": { "texture": "#copper", "uv": [ 0.0, 0.0, 5.0, 7.0 ] },
						"west": { "texture": "#copper", "uv": [ 0.0, 0.0, 7.0, 7.0 ] },
						"up": { "texture": "#copper", "uv": [ 0.0, 0.0, 5.0, 7.0 ] },
						"down": { "texture": "#copper", "uv": [ 0.0, 0.0, 5.0, 7.0 ] }
					}
				}
			]
		},
		{
			"name": "stator2",
			"from": [ 0.0, 0.0, 0.0 ],
			"to": [ 16.0, 1.0, 16.0 ],
			"rotationOrigin": [ 8.0, 0.0, 8.0 ],
			"rotationY": 90.0,
			"faces": {
				"north": { "texture": "#iron", "uv": [ 0.0, 0.0, 16.0, 1.0 ] },
				"east": { "texture": "#iron", "uv": [ 0.0, 0.0, 16.0, 1.0 ] },
				"south": { "texture": "#iron", "uv": [ 0.0, 0.0, 16.0, 1.0 ] },
				"west": { "texture": "#iron", "uv": [ 0.0, 0.0, 16.0, 1.0 ] },
				"up": { "texture": "#iron", "uv": [ 0.0, 0.0, 16.0, 16.0 ] },
				"down": { "texture": "#iron", "uv": [ 0.0, 0.0, 16.0, 16.0 ] }
			},
			"children": [
				{
					"name": "Cube332",
					"from": [ 0.5, 0.3, 0.5 ],
					"to": [ 15.5, 1.3, 15.5 ],
					"rotationOrigin": [ 0.5, 0.3, 0.5 ],
					"faces": {
						"north": { "texture": "#steel", "uv": [ 0.0, 0.0, 15.0, 1.0 ] },
						"east": { "texture": "#steel", "uv": [ 0.0, 0.0, 15.0, 1.0 ] },
						"south": { "texture": "#steel", "uv": [ 0.0, 0.0, 15.0, 1.0 ] },
						"west": { "texture": "#steel", "uv": [ 0.0, 0.0, 15.0, 1.0 ] },
						"up": { "texture": "#steel", "uv": [ 0.0, 0.0, 15.0, 15.0 ] },
						"down": { "texture": "#steel", "uv": [ 0.0, 0.0, 15.0, 15.0 ] }
					}
				}
			]
		},
		{
			"name": "Cube",
			"from": [ 8.1, -2.8, 2.0 ],
			"to": [ 9.1, -2.3, 16.0 ],
			"rotationOrigin": [ 8.0, 5.6, 11.0 ],
			"rotationX": 90.0,
			"faces": {
				"north": { "texture": "#copper", "uv": [ 11.0, 3.5, 12.0, 4.0 ] },
				"east": { "texture": "#copper", "uv": [ 4.0, 5.0, 18.0, 5.5 ] },
				"south": { "texture": "#copper", "uv": [ 2.0, 4.5, 3.0, 5.0 ] },
				"west": { "texture": "#copper", "uv": [ 7.5, 10.0, 21.5, 10.5 ] },
				"up": { "texture": "#copper", "uv": [ 3.5, 3.5, 4.5, 17.5 ] },
				"down": { "texture": "#copper", "uv": [ 9.0, 1.5, 10.0, 15.5 ] }
			},
			"children": [
				{
					"name": "Cube2",
					"from": [ -1.2, 0.0, 0.0 ],
					"to": [ -0.2, 0.5, 14.0 ],
					"rotationOrigin": [ -0.1, 8.5, 8.5 ],
					"faces": {
						"north": { "texture": "#copper", "uv": [ 7.5, 3.5, 8.5, 4.0 ] },
						"east": { "texture": "#copper", "uv": [ 7.0, 10.5, 21.0, 11.0 ] },
						"south": { "texture": "#copper", "uv": [ 13.5, 1.5, 14.5, 2.0 ] },
						"west": { "texture": "#copper", "uv": [ 1.5, 5.0, 15.5, 5.5 ] },
						"up": { "texture": "#copper", "uv": [ 10.5, 2.0, 11.5, 16.0 ] },
						"down": { "texture": "#copper", "uv": [ 14.5, 1.5, 15.5, 15.5 ] }
					}
				}
			]
		}
	],
	"animations": [
		{
			"name": "open",
			"code": "open",
			"quantityframes": 30,
			"onActivityStopped": "Rewind",
			"onAnimationEnd": "Hold",
			"keyframes": [
				{
					"frame": 0,
					"elements": {
						"Rdver": { "rotationX": 0.0, "rotationY": 0.0, "rotationZ": 0.0 },
						"Ldver": { "rotationX": 0.0, "rotationY": 0.0, "rotationZ": 0.0 }
					}
				},
				{
					"frame": 29,
					"elements": {
						"Rdver": { "rotationX": 0.0, "rotationY": -135.0, "rotationZ": 0.0 },
						"Ldver": { "rotationX": 0.0, "rotationY": 135.0, "rotationZ": 0.0 }
					}
				}
			]
		}
	]
}