{
	"editor": {
		"allAngles": false,
		"entityTextureMode": false
	},
	"textureWidth": 16,
	"textureHeight": 16,
	"textureSizes": {
	},
	"textures": {
	},
	"elements": [
		{
			"name": "Cube",
			"from": [ 8.1, -0.5, 0.0 ],
			"to": [ 9.1, 0.5, 16.0 ],
			"rotationOrigin": [ 8.0, 8.0, 8.0 ],
			"faces": {
				"north": { "texture": "#material", "uv": [ 3.5, 2.0, 4.5, 3.0 ], "windMode": [-1,-1,-1,-1] },
				"east": { "texture": "#material", "uv": [ 4.5, 7.5, 20.5, 8.5 ], "windMode": [-1,-1,-1,-1] },
				"south": { "texture": "#material", "uv": [ 3.5, 14.0, 4.5, 15.0 ] },
				"west": { "texture": "#material", "uv": [ 1.5, 14.5, 17.5, 15.5 ] },
				"up": { "texture": "#material", "uv": [ 12.0, 4.0, 13.0, 20.0 ] },
				"down": { "texture": "#material", "uv": [ 14.0, 6.0, 15.0, 22.0 ], "windMode": [-1,-1,-1,-1] }
			}
		},
		{
			"name": "Cube2",
			"from": [ 6.9, -0.5, 0.0 ],
			"to": [ 7.9, 0.5, 16.0 ],
			"rotationOrigin": [ 8.0, 8.0, 8.0 ],
			"faces": {
				"north": { "texture": "#material", "uv": [ 9.5, 8.0, 10.5, 9.0 ] },
				"east": { "texture": "#material", "uv": [ 5.0, 7.0, 21.0, 8.0 ] },
				"south": { "texture": "#material", "uv": [ 4.0, 5.5, 5.0, 6.5 ] },
				"west": { "texture": "#material", "uv": [ 6.5, 2.5, 22.5, 3.5 ] },
				"up": { "texture": "#material", "uv": [ 14.0, 2.0, 15.0, 18.0 ] },
				"down": { "texture": "#material", "uv": [ 10.0, 6.5, 11.0, 22.5 ] }
			}
		},
		{
			"name": "Cube3",
			"from": [ 7.5, 0.7, 0.0 ],
			"to": [ 8.5, 1.2, 16.0 ],
			"rotationOrigin": [ 8.0, 9.0, 8.0 ],
			"faces": {
				"north": { "texture": "#material", "uv": [ 3.5, 5.5, 4.5, 6.0 ] },
				"east": { "texture": "#material", "uv": [ 3.5, 5.0, 19.5, 5.5 ] },
				"south": { "texture": "#material", "uv": [ 10.0, 5.5, 11.0, 6.0 ] },
				"west": { "texture": "#material", "uv": [ 4.0, 5.0, 20.0, 5.5 ] },
				"up": { "texture": "#material", "uv": [ 10.0, 1.5, 11.0, 17.5 ] },
				"down": { "texture": "#material", "uv": [ 5.5, 5.0, 6.5, 21.0 ] }
			}
		},
		{
			"name": "Cube4",
			"from": [ 6.8, -0.6, 0.2 ],
			"to": [ 9.2, 0.6, 15.8 ],
			"rotationOrigin": [ 6.5, -0.3, -0.5 ],
			"faces": {
				"north": { "texture": "#isolation", "uv": [ 0.0, 0.0, 2.0, 1.0 ], "windMode": [-1,-1,-1,-1] },
				"east": { "texture": "#isolation", "uv": [ 0.0, 0.0, 15.5, 1.0 ] },
				"south": { "texture": "#isolation", "uv": [ 0.0, 0.0, 2.0, 1.0 ] },
				"west": { "texture": "#isolation", "uv": [ 0.0, 0.0, 15.5, 1.0 ] },
				"up": { "texture": "#isolation", "uv": [ 0.0, 0.0, 2.0, 15.5 ] },
				"down": { "texture": "#isolation", "uv": [ 0.0, 0.0, 2.0, 15.5 ] }
			}
		},
		{
			"name": "Cube5",
			"from": [ 7.4, 0.6, 0.2 ],
			"to": [ 8.6, 1.3, 15.8 ],
			"rotationOrigin": [ 8.0, 9.0, 8.0 ],
			"faces": {
				"north": { "texture": "#isolation", "uv": [ 3.5, 5.5, 4.5, 6.0 ] },
				"east": { "texture": "#isolation", "uv": [ 3.5, 5.0, 19.0, 5.5 ] },
				"south": { "texture": "#isolation", "uv": [ 10.0, 5.5, 11.0, 6.0 ] },
				"west": { "texture": "#isolation", "uv": [ 4.0, 5.0, 19.5, 5.5 ] },
				"up": { "texture": "#isolation", "uv": [ 10.0, 1.5, 11.0, 17.0 ] },
				"down": { "texture": "#isolation", "uv": [ 5.5, 5.0, 6.5, 20.5 ] }
			}
		}
	]}