{
	"editor": {
		"allAngles": false,
		"entityTextureMode": false
	},
	"textureWidth": 16,
	"textureHeight": 16,
	"textureSizes": {
	},
	"elements": [
		{
			"name": "Cube",
			"from": [ 8.1, -0.5, -0.5 ],
			"to": [ 9.1, 0.5, 7.5 ],
			"rotationOrigin": [ 8.0, 8.0, 8.0 ],
			"faces": {
				"north": { "texture": "#material", "uv": [ 3.5, 2.0, 4.5, 3.0 ], "windMode": [-1,-1,-1,-1] },
				"east": { "texture": "#material", "uv": [ 4.5, 7.5, 12.5, 8.5 ], "windMode": [-1,-1,-1,-1] },
				"south": { "texture": "#material", "uv": [ 3.5, 14.0, 4.5, 15.0 ] },
				"west": { "texture": "#material", "uv": [ 1.5, 14.5, 9.5, 15.5 ] },
				"up": { "texture": "#material", "uv": [ 12.0, 4.0, 13.0, 12.0 ] },
				"down": { "texture": "#material", "uv": [ 14.0, 6.0, 15.0, 14.0 ], "windMode": [-1,-1,-1,-1] }
			}
		},
		{
			"name": "Cube2",
			"from": [ 6.9, -0.5, -0.5 ],
			"to": [ 7.9, 0.5, 7.5 ],
			"rotationOrigin": [ 8.0, 8.0, 8.0 ],
			"faces": {
				"north": { "texture": "#material", "uv": [ 9.5, 8.0, 10.5, 9.0 ] },
				"east": { "texture": "#material", "uv": [ 5.0, 7.0, 13.0, 8.0 ] },
				"south": { "texture": "#material", "uv": [ 4.0, 5.5, 5.0, 6.5 ] },
				"west": { "texture": "#material", "uv": [ 6.5, 2.5, 14.5, 3.5 ] },
				"up": { "texture": "#material", "uv": [ 14.0, 2.0, 15.0, 10.0 ] },
				"down": { "texture": "#material", "uv": [ 10.0, 6.5, 11.0, 14.5 ] }
			}
		},
		{
			"name": "Cube3",
			"from": [ 7.5, 0.7, -0.5 ],
			"to": [ 8.5, 1.2, 7.5 ],
			"rotationOrigin": [ 8.0, 9.0, 8.0 ],
			"faces": {
				"north": { "texture": "#material", "uv": [ 3.5, 5.5, 4.5, 6.0 ] },
				"east": { "texture": "#material", "uv": [ 3.5, 5.0, 11.5, 5.5 ] },
				"south": { "texture": "#material", "uv": [ 10.0, 5.5, 11.0, 6.0 ] },
				"west": { "texture": "#material", "uv": [ 4.0, 5.0, 12.0, 5.5 ] },
				"up": { "texture": "#material", "uv": [ 10.0, 1.5, 11.0, 9.5 ] },
				"down": { "texture": "#material", "uv": [ 5.5, 5.0, 6.5, 13.0 ] }
			}
		},
		{
			"name": "Cube4",
			"from": [ 6.8, -0.6, -0.4 ],
			"to": [ 9.2, 0.6, 7.4 ],
			"rotationOrigin": [ 6.5, -0.3, -0.5 ],
			"faces": {
				"north": {
					"texture": "#isolation",
					"uv": [ 0.0, 0.0, 2.0, 1.0 ],
					"windMode": [ -1, -1, -1, -1 ]
				},
				"east": {
					"texture": "#isolation",
					"uv": [ 0.0, 0.0, 7.5, 1.0 ]
				},
				"south": { "texture": "#isolation", "uv": [ 0.0, 0.0, 2.0, 1.0 ] },
				"west": { "texture": "#isolation", "uv": [ 0.0, 0.0, 7.5, 1.0 ] },
				"up": { "texture": "#isolation", "uv": [ 0.0, 0.0, 2.0, 7.5 ] },
				"down": { "texture": "#isolation", "uv": [ 0.0, 0.0, 2.0, 7.5 ] }
			}
		},
		{
			"name": "Cube5",
			"from": [ 7.4, 0.6, -0.4 ],
			"to": [ 8.6, 1.3, 7.4 ],
			"rotationOrigin": [ 8.0, 9.0, 8.0 ],
			"faces": {
				"north": { "texture": "#isolation", "uv": [ 3.5, 5.5, 4.5, 6.0 ] },
				"east": { "texture": "#isolation", "uv": [ 3.5, 5.0, 11.0, 5.5 ] },
				"south": { "texture": "#isolation", "uv": [ 10.0, 5.5, 11.0, 6.0 ] },
				"west": { "texture": "#isolation", "uv": [ 4.0, 5.0, 11.5, 5.5 ] },
				"up": { "texture": "#isolation", "uv": [ 10.0, 1.5, 11.0, 9.0 ] },
				"down": { "texture": "#isolation", "uv": [ 5.5, 5.0, 6.5, 12.5 ] }
			}
		}
	]}