{
	"editor": {
		"allAngles": false,
		"entityTextureMode": false
	},
	"textureWidth": 16,
	"textureHeight": 16,
	"textureSizes": {
	},
	"elements": [
		{
			"name": "Cube",
			"from": [ 8.1, -0.5, -0.5 ],
			"to": [ 9.1, 0.5, 7.5 ],
			"rotationOrigin": [ 8.0, 8.0, 8.0 ],
			"faces": {
				"north": { "texture": "#material", "uv": [ 10.0, 1.5, 11.0, 2.5 ] },
				"east": { "texture": "#material", "uv": [ 6.0, 4.5, 14.0, 5.5 ] },
				"south": { "texture": "#material", "uv": [ 5.5, 4.5, 6.5, 5.5 ] },
				"west": { "texture": "#material", "uv": [ 5.5, 5.5, 13.5, 6.5 ] },
				"up": { "texture": "#material", "uv": [ 4.0, 5.0, 5.0, 13.0 ] },
				"down": { "texture": "#material", "uv": [ 10.0, 3.0, 11.0, 11.0 ] }
			}
		},
		{
			"name": "Cube2",
			"from": [ 6.9, -0.5, -0.5 ],
			"to": [ 7.9, 0.5, 7.5 ],
			"rotationOrigin": [ 8.0, 8.0, 8.0 ],
			"faces": {
				"north": { "texture": "#material", "uv": [ 2.5, 2.5, 3.5, 3.5 ] },
				"east": { "texture": "#material", "uv": [ 4.0, 5.5, 12.0, 6.5 ] },
				"south": { "texture": "#material", "uv": [ 6.0, 6.5, 7.0, 7.5 ] },
				"west": { "texture": "#material", "uv": [ 1.0, 4.0, 9.0, 5.0 ] },
				"up": { "texture": "#material", "uv": [ 4.5, 4.0, 5.5, 12.0 ] },
				"down": { "texture": "#material", "uv": [ 7.0, 4.0, 8.0, 12.0 ] }
			}
		},
		{
			"name": "Cube3",
			"from": [ 8.1, 0.7, -0.5 ],
			"to": [ 9.1, 1.2, 7.5 ],
			"rotationOrigin": [ 8.0, 9.0, 8.0 ],
			"faces": {
				"north": { "texture": "#material", "uv": [ 0.0, 0.0, 1.0, 0.5 ] },
				"east": { "texture": "#material", "uv": [ 0.0, 0.0, 8.0, 0.5 ] },
				"south": { "texture": "#material", "uv": [ 0.0, 0.0, 1.0, 0.5 ] },
				"west": { "texture": "#material", "uv": [ 0.0, 0.0, 8.0, 0.5 ] },
				"up": { "texture": "#material", "uv": [ 0.0, 0.0, 1.0, 8.0 ] },
				"down": { "texture": "#material", "uv": [ 0.0, 0.0, 1.0, 8.0 ] }
			}
		},
		{
			"name": "Cube4",
			"from": [ 6.9, 0.7, -0.5 ],
			"to": [ 7.9, 1.2, 7.5 ],
			"rotationOrigin": [ 7.0, 9.0, 8.0 ],
			"faces": {
				"north": { "texture": "#material", "uv": [ 0.0, 0.0, 1.0, 0.5 ] },
				"east": { "texture": "#material", "uv": [ 0.0, 0.0, 8.0, 0.5 ] },
				"south": { "texture": "#material", "uv": [ 0.0, 0.0, 1.0, 0.5 ] },
				"west": { "texture": "#material", "uv": [ 0.0, 0.0, 8.0, 0.5 ] },
				"up": { "texture": "#material", "uv": [ 0.0, 0.0, 1.0, 8.0 ] },
				"down": { "texture": "#material", "uv": [ 0.0, 0.0, 1.0, 8.0 ] }
			}
		},
		{
			"name": "Cube5",
			"from": [ 6.8, -0.6, -0.4 ],
			"to": [ 9.2, 1.3, 7.4 ],
			"rotationOrigin": [ 7.1, -0.5, -0.5 ],
			"faces": {
				"north": {
					"texture": "#isolation",
					"uv": [ 0.0, 0.0, 2.0, 1.5 ]
				},
				"east": {
					"texture": "#isolation",
					"uv": [ 0.0, 0.0, 7.5, 1.5 ]
				},
				"south": {
					"texture": "#isolation",
					"uv": [ 0.0, 0.0, 2.0, 1.5 ]
				},
				"west": {
					"texture": "#isolation",
					"uv": [ 0.0, 0.0, 7.5, 1.5 ]
				},
				"up": {
					"texture": "#isolation",
					"uv": [ 0.0, 0.0, 2.0, 7.5 ]
				},
				"down": {
					"texture": "#isolation",
					"uv": [ 0.0, 0.0, 2.0, 7.5 ]
				}
			}
		}
	]}