{
	"editor": {
		"allAngles": false,
		"entityTextureMode": false
	},
	"textureWidth": 16,
	"textureHeight": 16,
	"textureSizes": {
	},
	"textures": {
	},
	"elements": [
		{
			"name": "Cube",
			"from": [ 6.7, -0.7, 6.7 ],
			"to": [ 9.3, 1.4, 9.3 ],
			"rotationOrigin": [ 8.0, 8.0, 7.0 ],
			"faces": {
				"north": { "texture": "#isolation", "uv": [ 11.5, 3.5, 14.0, 5.5 ] },
				"east": { "texture": "#isolation", "uv": [ 10.0, 5.5, 12.5, 7.5 ] },
				"south": { "texture": "#isolation", "uv": [ 11.5, 5.5, 14.0, 7.5 ] },
				"west": { "texture": "#isolation", "uv": [ 9.5, 5.0, 12.0, 7.0 ] },
				"up": { "texture": "#isolation", "uv": [ 8.0, 3.5, 10.5, 6.0 ] },
				"down": { "texture": "#isolation", "uv": [ 5.5, 6.5, 8.0, 9.0 ] }
			}
		}
	]}