{
	"editor": {
		"allAngles": false,
		"entityTextureMode": false
	},
	"textureWidth": 16,
	"textureHeight": 16,
	"textureSizes": {
	},
	"elements": [
		{
			"name": "Cube",
			"from": [ 8.1, -0.5, 0.0 ],
			"to": [ 9.1, 0.5, 16.0 ],
			"rotationOrigin": [ 8.0, 8.0, 8.0 ],
			"faces": {
				"north": { "texture": "#material", "uv": [ 10.0, 1.5, 11.0, 2.5 ] },
				"east": { "texture": "#material", "uv": [ 6.0, 4.5, 22.0, 5.5 ] },
				"south": { "texture": "#material", "uv": [ 5.5, 4.5, 6.5, 5.5 ] },
				"west": { "texture": "#material", "uv": [ 5.5, 5.5, 21.5, 6.5 ] },
				"up": { "texture": "#material", "uv": [ 4.0, 5.0, 5.0, 21.0 ] },
				"down": { "texture": "#material", "uv": [ 10.0, 3.0, 11.0, 19.0 ] }
			}
		},
		{
			"name": "Cube2",
			"from": [ 6.9, -0.5, 0.0 ],
			"to": [ 7.9, 0.5, 16.0 ],
			"rotationOrigin": [ 8.0, 8.0, 8.0 ],
			"faces": {
				"north": { "texture": "#material", "uv": [ 2.5, 2.5, 3.5, 3.5 ] },
				"east": { "texture": "#material", "uv": [ 4.0, 5.5, 20.0, 6.5 ] },
				"south": { "texture": "#material", "uv": [ 6.0, 6.5, 7.0, 7.5 ] },
				"west": { "texture": "#material", "uv": [ 1.0, 4.0, 17.0, 5.0 ] },
				"up": { "texture": "#material", "uv": [ 4.5, 4.0, 5.5, 20.0 ] },
				"down": { "texture": "#material", "uv": [ 7.0, 4.0, 8.0, 20.0 ] }
			}
		},
		{
			"name": "Cube3",
			"from": [ 8.1, 0.7, 0.0 ],
			"to": [ 9.1, 1.2, 16.0 ],
			"rotationOrigin": [ 8.0, 9.0, 8.0 ],
			"faces": {
				"north": { "texture": "#material", "uv": [ 0.0, 0.0, 1.0, 0.5 ] },
				"east": { "texture": "#material", "uv": [ 0.0, 0.0, 16.0, 0.5 ] },
				"south": { "texture": "#material", "uv": [ 0.0, 0.0, 1.0, 0.5 ] },
				"west": { "texture": "#material", "uv": [ 0.0, 0.0, 16.0, 0.5 ] },
				"up": { "texture": "#material", "uv": [ 0.0, 0.0, 1.0, 16.0 ] },
				"down": { "texture": "#material", "uv": [ 0.0, 0.0, 1.0, 16.0 ] }
			}
		},
		{
			"name": "Cube4",
			"from": [ 6.9, 0.7, 0.0 ],
			"to": [ 7.9, 1.2, 16.0 ],
			"rotationOrigin": [ 7.0, 9.0, 8.0 ],
			"faces": {
				"north": { "texture": "#material", "uv": [ 0.0, 0.0, 1.0, 0.5 ] },
				"east": { "texture": "#material", "uv": [ 0.0, 0.0, 16.0, 0.5 ] },
				"south": { "texture": "#material", "uv": [ 0.0, 0.0, 1.0, 0.5 ] },
				"west": { "texture": "#material", "uv": [ 0.0, 0.0, 16.0, 0.5 ] },
				"up": { "texture": "#material", "uv": [ 0.0, 0.0, 1.0, 16.0 ] },
				"down": { "texture": "#material", "uv": [ 0.0, 0.0, 1.0, 16.0 ] }
			}
		},
		{
			"name": "Cube5",
			"from": [ 6.8, -0.6, 0.2 ],
			"to": [ 9.2, 1.3, 15.8 ],
			"rotationOrigin": [ 7.1, -0.5, -0.5 ],
			"faces": {
				"north": { "texture": "#isolation", "uv": [ 0.0, 0.0, 2.0, 1.5 ] },
				"east": { "texture": "#isolation", "uv": [ 0.0, 0.0, 15.5, 1.5 ] },
				"south": { "texture": "#isolation", "uv": [ 0.0, 0.0, 2.0, 1.5 ] },
				"west": { "texture": "#isolation", "uv": [ 0.0, 0.0, 15.5, 1.5 ] },
				"up": { "texture": "#isolation", "uv": [ 0.0, 0.0, 2.0, 15.5 ] },
				"down": { "texture": "#isolation", "uv": [ 0.0, 0.0, 2.0, 15.5 ] }
			}
		}
	]}