{
	"editor": {
		"collapsedPaths": "Root/Cube2.088,Root/Cube2.43,Root/Cube2.54,Root/Cube2.42,Root/Cube2.89,Root/Cube2.041",
		"allAngles": false,
		"entityTextureMode": false
	},
	"textureWidth": 16,
	"textureHeight": 16,
	"textureSizes": {
	},
	"textures": {
	},
	"elements": [
		{
			"name": "Cube2.041",
			"from": [ 8.1, 0.2445, 0.41 ],
			"to": [ 8.6, 0.4926, 1.5358 ],
			"rotationOrigin": [ 7.65, 0.3686, 0.9115 ],
			"faces": {
				"north": { "texture": "#coke", "uv": [ 0.0, 0.0, 4.0, 4.0 ], "autoUv": false },
				"east": { "texture": "#coke", "uv": [ 0.0, 0.0, 4.0, 4.0 ], "autoUv": false },
				"south": { "texture": "#coke", "uv": [ 0.0, 0.0, 4.0, 4.0 ], "autoUv": false },
				"west": { "texture": "#coke", "uv": [ 0.0, 0.0, 4.0, 4.0 ], "autoUv": false },
				"up": { "texture": "#coke", "uv": [ 0.0, 0.0, 4.0, 4.0 ], "autoUv": false },
				"down": { "texture": "#coke", "uv": [ 0.0, 0.0, 4.0, 4.0 ], "autoUv": false }
			},
			"children": [
				{
					"name": "Cube2.043",
					"from": [ 0.5009, -0.2466, 0.12 ],
					"to": [ 1.0009, 0.0015, 1.1 ],
					"rotationOrigin": [ 0.0509, -0.1226, 0.0 ],
					"faces": {
						"north": { "texture": "#material", "uv": [ 0.0, 0.0, 4.0, 4.0 ], "autoUv": false },
						"east": { "texture": "#material", "uv": [ 0.0, 0.0, 4.0, 4.0 ], "autoUv": false },
						"south": { "texture": "#material", "uv": [ 0.0, 0.0, 4.0, 4.0 ], "autoUv": false },
						"west": { "texture": "#material", "uv": [ 0.0, 0.0, 4.0, 4.0 ], "autoUv": false },
						"up": { "texture": "#material", "uv": [ 0.0, 0.0, 4.0, 4.0 ], "autoUv": false },
						"down": { "texture": "#material", "uv": [ 0.0, 0.0, 4.0, 4.0 ], "autoUv": false }
					}
				},
				{
					"name": "Cube2.044",
					"from": [ 0.0, -0.2471, 0.0 ],
					"to": [ 0.5, 0.001, 1.1258 ],
					"rotationOrigin": [ -0.45, -0.1231, 0.0 ],
					"faces": {
						"north": { "texture": "#coke", "uv": [ 0.0, 0.0, 4.0, 4.0 ], "autoUv": false },
						"east": { "texture": "#coke", "uv": [ 0.0, 0.0, 4.0, 4.0 ], "autoUv": false },
						"south": { "texture": "#coke", "uv": [ 0.0, 0.0, 4.0, 4.0 ], "autoUv": false },
						"west": { "texture": "#coke", "uv": [ 0.0, 0.0, 4.0, 4.0 ], "autoUv": false },
						"up": { "texture": "#coke", "uv": [ 0.0, 0.0, 4.0, 4.0 ], "autoUv": false },
						"down": { "texture": "#coke", "uv": [ 0.0, 0.0, 4.0, 4.0 ], "autoUv": false }
					}
				},
				{
					"name": "Cube2.045",
					"from": [ 0.0, -0.2471, 1.0991 ],
					"to": [ 0.5, 0.001, 2.2249 ],
					"rotationOrigin": [ -0.45, -0.1231, 1.0991 ],
					"faces": {
						"north": { "texture": "#coke", "uv": [ 0.0, 0.0, 4.0, 4.0 ], "autoUv": false },
						"east": { "texture": "#coke", "uv": [ 0.0, 0.0, 4.0, 4.0 ], "autoUv": false },
						"south": { "texture": "#coke", "uv": [ 0.0, 0.0, 4.0, 4.0 ], "autoUv": false },
						"west": { "texture": "#coke", "uv": [ 0.0, 0.0, 4.0, 4.0 ], "autoUv": false },
						"up": { "texture": "#coke", "uv": [ 0.0, 0.0, 4.0, 4.0 ], "autoUv": false },
						"down": { "texture": "#coke", "uv": [ 0.0, 0.0, 4.0, 4.0 ], "autoUv": false }
					}
				},
				{
					"name": "Cube2.047",
					"from": [ 0.5009, 5.0E-4, 1.0991 ],
					"to": [ 1.0009, 0.2486, 2.2091 ],
					"rotationOrigin": [ 0.0509, 0.1245, 1.0991 ],
					"faces": {
						"north": { "texture": "#coke", "uv": [ 0.0, 0.0, 4.0, 4.0 ], "autoUv": false },
						"east": { "texture": "#coke", "uv": [ 0.0, 0.0, 4.0, 4.0 ], "autoUv": false },
						"south": { "texture": "#coke", "uv": [ 0.0, 0.0, 4.0, 4.0 ], "autoUv": false },
						"west": { "texture": "#coke", "uv": [ 0.0, 0.0, 4.0, 4.0 ], "autoUv": false },
						"up": { "texture": "#coke", "uv": [ 0.0, 0.0, 4.0, 4.0 ], "autoUv": false },
						"down": { "texture": "#coke", "uv": [ 0.0, 0.0, 4.0, 4.0 ], "autoUv": false }
					}
				},
				{
					"name": "Cube2.048",
					"from": [ 0.0, 0.0, 1.0991 ],
					"to": [ 0.5, 0.2481, 2.2249 ],
					"rotationOrigin": [ -0.45, 0.1241, 1.0991 ],
					"faces": {
						"north": { "texture": "#coke", "uv": [ 0.0, 0.0, 4.0, 4.0 ], "autoUv": false },
						"east": { "texture": "#coke", "uv": [ 0.0, 0.0, 4.0, 4.0 ], "autoUv": false },
						"south": { "texture": "#coke", "uv": [ 0.0, 0.0, 4.0, 4.0 ], "autoUv": false },
						"west": { "texture": "#coke", "uv": [ 0.0, 0.0, 4.0, 4.0 ], "autoUv": false },
						"up": { "texture": "#coke", "uv": [ 0.0, 0.0, 4.0, 4.0 ], "autoUv": false },
						"down": { "texture": "#coke", "uv": [ 0.0, 0.0, 4.0, 4.0 ], "autoUv": false }
					}
				},
				{
					"name": "Cube2.065",
					"from": [ 0.0, 0.0, 3.3063 ],
					"to": [ 0.5, 0.2481, 4.4321 ],
					"rotationOrigin": [ -0.45, 0.1241, 3.3063 ],
					"faces": {
						"north": { "texture": "#coke", "uv": [ 0.0, 0.0, 4.0, 4.0 ], "autoUv": false },
						"east": { "texture": "#coke", "uv": [ 0.0, 0.0, 4.0, 4.0 ], "autoUv": false },
						"south": { "texture": "#coke", "uv": [ 0.0, 0.0, 4.0, 4.0 ], "autoUv": false },
						"west": { "texture": "#coke", "uv": [ 0.0, 0.0, 4.0, 4.0 ], "autoUv": false },
						"up": { "texture": "#coke", "uv": [ 0.0, 0.0, 4.0, 4.0 ], "autoUv": false },
						"down": { "texture": "#coke", "uv": [ 0.0, 0.0, 4.0, 4.0 ], "autoUv": false }
					}
				},
				{
					"name": "Cube2.066",
					"from": [ 0.5009, 5.0E-4, 3.3063 ],
					"to": [ 1.0009, 0.2486, 4.4321 ],
					"rotationOrigin": [ 0.0509, 0.1245, 3.3063 ],
					"faces": {
						"north": { "texture": "#coke", "uv": [ 0.0, 0.0, 4.0, 4.0 ], "autoUv": false },
						"east": { "texture": "#coke", "uv": [ 0.0, 0.0, 4.0, 4.0 ], "autoUv": false },
						"south": { "texture": "#coke", "uv": [ 0.0, 0.0, 4.0, 4.0 ], "autoUv": false },
						"west": { "texture": "#coke", "uv": [ 0.0, 0.0, 4.0, 4.0 ], "autoUv": false },
						"up": { "texture": "#coke", "uv": [ 0.0, 0.0, 4.0, 4.0 ], "autoUv": false },
						"down": { "texture": "#coke", "uv": [ 0.0, 0.0, 4.0, 4.0 ], "autoUv": false }
					}
				},
				{
					"name": "Cube2.067",
					"from": [ 0.5009, -0.2466, 3.3063 ],
					"to": [ 1.0009, 0.0015, 4.4321 ],
					"rotationOrigin": [ 0.0509, -0.1226, 3.3063 ],
					"faces": {
						"north": { "texture": "#material", "uv": [ 0.0, 0.0, 4.0, 4.0 ], "autoUv": false },
						"east": { "texture": "#material", "uv": [ 0.0, 0.0, 4.0, 4.0 ], "autoUv": false },
						"south": { "texture": "#material", "uv": [ 0.0, 0.0, 4.0, 4.0 ], "autoUv": false },
						"west": { "texture": "#material", "uv": [ 0.0, 0.0, 4.0, 4.0 ], "autoUv": false },
						"up": { "texture": "#material", "uv": [ 0.0, 0.0, 4.0, 4.0 ], "autoUv": false },
						"down": { "texture": "#material", "uv": [ 0.0, 0.0, 4.0, 4.0 ], "autoUv": false }
					}
				},
				{
					"name": "Cube2.068",
					"from": [ 0.0, -0.2471, 3.3063 ],
					"to": [ 0.5, 0.001, 4.4321 ],
					"rotationOrigin": [ -0.45, -0.1231, 3.3063 ],
					"faces": {
						"north": { "texture": "#material", "uv": [ 0.0, 0.0, 4.0, 4.0 ], "autoUv": false },
						"east": { "texture": "#material", "uv": [ 0.0, 0.0, 4.0, 4.0 ], "autoUv": false },
						"south": { "texture": "#material", "uv": [ 0.0, 0.0, 4.0, 4.0 ], "autoUv": false },
						"west": { "texture": "#material", "uv": [ 0.0, 0.0, 4.0, 4.0 ], "autoUv": false },
						"up": { "texture": "#material", "uv": [ 0.0, 0.0, 4.0, 4.0 ], "autoUv": false },
						"down": { "texture": "#material", "uv": [ 0.0, 0.0, 4.0, 4.0 ], "autoUv": false }
					}
				},
				{
					"name": "Cube2.069",
					"from": [ 0.0, -0.2471, 2.2072 ],
					"to": [ 0.5, 0.001, 3.333 ],
					"rotationOrigin": [ -0.45, -0.1231, 2.2072 ],
					"faces": {
						"north": { "texture": "#coke", "uv": [ 0.0, 0.0, 4.0, 4.0 ], "autoUv": false },
						"east": { "texture": "#coke", "uv": [ 0.0, 0.0, 4.0, 4.0 ], "autoUv": false },
						"south": { "texture": "#coke", "uv": [ 0.0, 0.0, 4.0, 4.0 ], "autoUv": false },
						"west": { "texture": "#coke", "uv": [ 0.0, 0.0, 4.0, 4.0 ], "autoUv": false },
						"up": { "texture": "#coke", "uv": [ 0.0, 0.0, 4.0, 4.0 ], "autoUv": false },
						"down": { "texture": "#coke", "uv": [ 0.0, 0.0, 4.0, 4.0 ], "autoUv": false }
					}
				},
				{
					"name": "Cube2.070",
					"from": [ 0.5009, -0.2466, 2.2072 ],
					"to": [ 1.0009, 0.0015, 3.333 ],
					"rotationOrigin": [ 0.0509, -0.1226, 2.2072 ],
					"faces": {
						"north": { "texture": "#coke", "uv": [ 0.0, 0.0, 4.0, 4.0 ], "autoUv": false },
						"east": { "texture": "#coke", "uv": [ 0.0, 0.0, 4.0, 4.0 ], "autoUv": false },
						"south": { "texture": "#coke", "uv": [ 0.0, 0.0, 4.0, 4.0 ], "autoUv": false },
						"west": { "texture": "#coke", "uv": [ 0.0, 0.0, 4.0, 4.0 ], "autoUv": false },
						"up": { "texture": "#coke", "uv": [ 0.0, 0.0, 4.0, 4.0 ], "autoUv": false },
						"down": { "texture": "#coke", "uv": [ 0.0, 0.0, 4.0, 4.0 ], "autoUv": false }
					}
				},
				{
					"name": "Cube2.071",
					"from": [ 0.5009, 5.0E-4, 2.2072 ],
					"to": [ 1.0009, 0.2486, 3.3072 ],
					"rotationOrigin": [ 0.0509, 0.1245, 2.2072 ],
					"faces": {
						"north": { "texture": "#material", "uv": [ 0.0, 0.0, 4.0, 4.0 ], "autoUv": false },
						"east": { "texture": "#material", "uv": [ 0.0, 0.0, 4.0, 4.0 ], "autoUv": false },
						"south": { "texture": "#material", "uv": [ 0.0, 0.0, 4.0, 4.0 ], "autoUv": false },
						"west": { "texture": "#material", "uv": [ 0.0, 0.0, 4.0, 4.0 ], "autoUv": false },
						"up": { "texture": "#material", "uv": [ 0.0, 0.0, 4.0, 4.0 ], "autoUv": false },
						"down": { "texture": "#material", "uv": [ 0.0, 0.0, 4.0, 4.0 ], "autoUv": false }
					}
				},
				{
					"name": "Cube2.073",
					"from": [ 0.0, 0.0, 5.4881 ],
					"to": [ 0.5, 0.2481, 7.0878 ],
					"rotationOrigin": [ -0.45, 0.1241, 5.4881 ],
					"faces": {
						"north": { "texture": "#material", "uv": [ 0.0, 0.0, 4.0, 4.0 ], "autoUv": false },
						"east": { "texture": "#material", "uv": [ 0.0, 0.0, 4.0, 4.0 ], "autoUv": false },
						"south": { "texture": "#material", "uv": [ 0.0, 0.0, 4.0, 4.0 ], "autoUv": false },
						"west": { "texture": "#material", "uv": [ 0.0, 0.0, 4.0, 4.0 ], "autoUv": false },
						"up": { "texture": "#material", "uv": [ 0.0, 0.0, 4.0, 4.0 ], "autoUv": false },
						"down": { "texture": "#material", "uv": [ 0.0, 0.0, 4.0, 4.0 ], "autoUv": false }
					}
				},
				{
					"name": "Cube2.074",
					"from": [ 0.5009, 5.0E-4, 5.4881 ],
					"to": [ 1.0009, 0.2486, 7.0878 ],
					"rotationOrigin": [ 0.0509, 0.1245, 5.4881 ],
					"faces": {
						"north": { "texture": "#coke", "uv": [ 0.0, 0.0, 4.0, 4.0 ], "autoUv": false },
						"east": { "texture": "#coke", "uv": [ 0.0, 0.0, 4.0, 4.0 ], "autoUv": false },
						"south": { "texture": "#coke", "uv": [ 0.0, 0.0, 4.0, 4.0 ], "autoUv": false },
						"west": { "texture": "#coke", "uv": [ 0.0, 0.0, 4.0, 4.0 ], "autoUv": false },
						"up": { "texture": "#coke", "uv": [ 0.0, 0.0, 4.0, 4.0 ], "autoUv": false },
						"down": { "texture": "#coke", "uv": [ 0.0, 0.0, 4.0, 4.0 ], "autoUv": false }
					}
				},
				{
					"name": "Cube2.075",
					"from": [ 0.5009, -0.2466, 5.4881 ],
					"to": [ 1.0009, 0.0015, 7.0878 ],
					"rotationOrigin": [ 0.0509, -0.1226, 5.4881 ],
					"faces": {
						"north": { "texture": "#coke", "uv": [ 0.0, 0.0, 4.0, 4.0 ], "autoUv": false },
						"east": { "texture": "#coke", "uv": [ 0.0, 0.0, 4.0, 4.0 ], "autoUv": false },
						"south": { "texture": "#coke", "uv": [ 0.0, 0.0, 4.0, 4.0 ], "autoUv": false },
						"west": { "texture": "#coke", "uv": [ 0.0, 0.0, 4.0, 4.0 ], "autoUv": false },
						"up": { "texture": "#coke", "uv": [ 0.0, 0.0, 4.0, 4.0 ], "autoUv": false },
						"down": { "texture": "#coke", "uv": [ 0.0, 0.0, 4.0, 4.0 ], "autoUv": false }
					}
				},
				{
					"name": "Cube2.076",
					"from": [ 0.0, -0.2471, 5.4881 ],
					"to": [ 0.5, 0.001, 7.0878 ],
					"rotationOrigin": [ -0.45, -0.1231, 5.4881 ],
					"faces": {
						"north": { "texture": "#coke", "uv": [ 0.0, 0.0, 4.0, 4.0 ], "autoUv": false },
						"east": { "texture": "#coke", "uv": [ 0.0, 0.0, 4.0, 4.0 ], "autoUv": false },
						"south": { "texture": "#coke", "uv": [ 0.0, 0.0, 4.0, 4.0 ], "autoUv": false },
						"west": { "texture": "#coke", "uv": [ 0.0, 0.0, 4.0, 4.0 ], "autoUv": false },
						"up": { "texture": "#coke", "uv": [ 0.0, 0.0, 4.0, 4.0 ], "autoUv": false },
						"down": { "texture": "#coke", "uv": [ 0.0, 0.0, 4.0, 4.0 ], "autoUv": false }
					}
				},
				{
					"name": "Cube2.077",
					"from": [ 0.0, -0.2471, 4.3889 ],
					"to": [ 0.5, 0.001, 5.5147 ],
					"rotationOrigin": [ -0.45, -0.1231, 4.3889 ],
					"faces": {
						"north": { "texture": "#coke", "uv": [ 0.0, 0.0, 4.0, 4.0 ], "autoUv": false },
						"east": { "texture": "#coke", "uv": [ 0.0, 0.0, 4.0, 4.0 ], "autoUv": false },
						"south": { "texture": "#coke", "uv": [ 0.0, 0.0, 4.0, 4.0 ], "autoUv": false },
						"west": { "texture": "#coke", "uv": [ 0.0, 0.0, 4.0, 4.0 ], "autoUv": false },
						"up": { "texture": "#coke", "uv": [ 0.0, 0.0, 4.0, 4.0 ], "autoUv": false },
						"down": { "texture": "#coke", "uv": [ 0.0, 0.0, 4.0, 4.0 ], "autoUv": false }
					}
				},
				{
					"name": "Cube2.078",
					"from": [ 0.5009, -0.2466, 4.3889 ],
					"to": [ 1.0009, 0.0015, 5.5147 ],
					"rotationOrigin": [ 0.0509, -0.1226, 4.3889 ],
					"faces": {
						"north": { "texture": "#coke", "uv": [ 0.0, 0.0, 4.0, 4.0 ], "autoUv": false },
						"east": { "texture": "#coke", "uv": [ 0.0, 0.0, 4.0, 4.0 ], "autoUv": false },
						"south": { "texture": "#coke", "uv": [ 0.0, 0.0, 4.0, 4.0 ], "autoUv": false },
						"west": { "texture": "#coke", "uv": [ 0.0, 0.0, 4.0, 4.0 ], "autoUv": false },
						"up": { "texture": "#coke", "uv": [ 0.0, 0.0, 4.0, 4.0 ], "autoUv": false },
						"down": { "texture": "#coke", "uv": [ 0.0, 0.0, 4.0, 4.0 ], "autoUv": false }
					}
				},
				{
					"name": "Cube2.080",
					"from": [ 0.0, 0.0, 4.43 ],
					"to": [ 0.5, 0.2481, 5.488 ],
					"rotationOrigin": [ -0.45, 0.1241, 4.3889 ],
					"faces": {
						"north": { "texture": "#coke", "uv": [ 0.0, 0.0, 4.0, 4.0 ], "autoUv": false },
						"east": { "texture": "#coke", "uv": [ 0.0, 0.0, 4.0, 4.0 ], "autoUv": false },
						"south": { "texture": "#coke", "uv": [ 0.0, 0.0, 4.0, 4.0 ], "autoUv": false },
						"west": { "texture": "#coke", "uv": [ 0.0, 0.0, 4.0, 4.0 ], "autoUv": false },
						"up": { "texture": "#coke", "uv": [ 0.0, 0.0, 4.0, 4.0 ], "autoUv": false },
						"down": { "texture": "#coke", "uv": [ 0.0, 0.0, 4.0, 4.0 ], "autoUv": false }
					}
				},
				{
					"name": "Cube2.089",
					"from": [ 0.0, 0.0, -1.0007 ],
					"to": [ 0.5, 0.2481, 0.125 ],
					"rotationOrigin": [ -0.45, 0.1241, -1.0007 ],
					"faces": {
						"north": { "texture": "#coke", "uv": [ 0.0, 0.0, 4.0, 4.0 ], "autoUv": false },
						"east": { "texture": "#coke", "uv": [ 0.0, 0.0, 4.0, 4.0 ], "autoUv": false },
						"south": { "texture": "#coke", "uv": [ 0.0, 0.0, 4.0, 4.0 ], "autoUv": false },
						"west": { "texture": "#coke", "uv": [ 0.0, 0.0, 4.0, 4.0 ], "autoUv": false },
						"up": { "texture": "#coke", "uv": [ 0.0, 0.0, 4.0, 4.0 ], "autoUv": false },
						"down": { "texture": "#coke", "uv": [ 0.0, 0.0, 4.0, 4.0 ], "autoUv": false }
					}
				},
				{
					"name": "Cube2.090",
					"from": [ 0.5009, 5.0E-4, -1.0007 ],
					"to": [ 1.0009, 0.2486, 0.125 ],
					"rotationOrigin": [ 0.0509, 0.1245, -1.0007 ],
					"faces": {
						"north": { "texture": "#coke", "uv": [ 0.0, 0.0, 4.0, 4.0 ], "autoUv": false },
						"east": { "texture": "#coke", "uv": [ 0.0, 0.0, 4.0, 4.0 ], "autoUv": false },
						"south": { "texture": "#coke", "uv": [ 0.0, 0.0, 4.0, 4.0 ], "autoUv": false },
						"west": { "texture": "#coke", "uv": [ 0.0, 0.0, 4.0, 4.0 ], "autoUv": false },
						"up": { "texture": "#coke", "uv": [ 0.0, 0.0, 4.0, 4.0 ], "autoUv": false },
						"down": { "texture": "#coke", "uv": [ 0.0, 0.0, 4.0, 4.0 ], "autoUv": false }
					}
				},
				{
					"name": "Cube2.091",
					"from": [ 0.5009, -0.2466, -1.0007 ],
					"to": [ 1.0009, 0.0015, 0.125 ],
					"rotationOrigin": [ 0.0509, -0.1226, -1.0007 ],
					"faces": {
						"north": { "texture": "#coke", "uv": [ 0.0, 0.0, 4.0, 4.0 ], "autoUv": false },
						"east": { "texture": "#coke", "uv": [ 0.0, 0.0, 4.0, 4.0 ], "autoUv": false },
						"south": { "texture": "#coke", "uv": [ 0.0, 0.0, 4.0, 4.0 ], "autoUv": false },
						"west": { "texture": "#coke", "uv": [ 0.0, 0.0, 4.0, 4.0 ], "autoUv": false },
						"up": { "texture": "#coke", "uv": [ 0.0, 0.0, 4.0, 4.0 ], "autoUv": false },
						"down": { "texture": "#coke", "uv": [ 0.0, 0.0, 4.0, 4.0 ], "autoUv": false }
					}
				},
				{
					"name": "Cube2.092",
					"from": [ 0.0, -0.2471, -1.0007 ],
					"to": [ 0.5, 0.001, 0.125 ],
					"rotationOrigin": [ -0.45, -0.1231, -1.0007 ],
					"faces": {
						"north": { "texture": "#coke", "uv": [ 0.0, 0.0, 4.0, 4.0 ], "autoUv": false },
						"east": { "texture": "#coke", "uv": [ 0.0, 0.0, 4.0, 4.0 ], "autoUv": false },
						"south": { "texture": "#coke", "uv": [ 0.0, 0.0, 4.0, 4.0 ], "autoUv": false },
						"west": { "texture": "#coke", "uv": [ 0.0, 0.0, 4.0, 4.0 ], "autoUv": false },
						"up": { "texture": "#coke", "uv": [ 0.0, 0.0, 4.0, 4.0 ], "autoUv": false },
						"down": { "texture": "#coke", "uv": [ 0.0, 0.0, 4.0, 4.0 ], "autoUv": false }
					}
				}
			]
		},
		{
			"name": "Cube2.42",
			"from": [ 6.9, 0.2445, 0.41 ],
			"to": [ 7.4, 0.4926, 1.5358 ],
			"rotationOrigin": [ 6.65, 0.3686, 0.9115 ],
			"faces": {
				"north": { "texture": "#coke", "uv": [ 0.0, 0.0, 4.0, 4.0 ], "autoUv": false },
				"east": { "texture": "#coke", "uv": [ 0.0, 0.0, 4.0, 4.0 ], "autoUv": false },
				"south": { "texture": "#coke", "uv": [ 0.0, 0.0, 4.0, 4.0 ], "autoUv": false },
				"west": { "texture": "#coke", "uv": [ 0.0, 0.0, 4.0, 4.0 ], "autoUv": false },
				"up": { "texture": "#coke", "uv": [ 0.0, 0.0, 4.0, 4.0 ], "autoUv": false },
				"down": { "texture": "#coke", "uv": [ 0.0, 0.0, 4.0, 4.0 ], "autoUv": false }
			},
			"children": [
				{
					"name": "Cube2.44",
					"from": [ 0.5009, -0.2466, 0.0 ],
					"to": [ 1.0009, 0.0015, 1.1258 ],
					"rotationOrigin": [ 0.0509, -0.1226, 0.0 ],
					"faces": {
						"north": { "texture": "#material", "uv": [ 0.0, 0.0, 4.0, 4.0 ], "autoUv": false },
						"east": { "texture": "#material", "uv": [ 0.0, 0.0, 4.0, 4.0 ], "autoUv": false },
						"south": { "texture": "#material", "uv": [ 0.0, 0.0, 4.0, 4.0 ], "autoUv": false },
						"west": { "texture": "#material", "uv": [ 0.0, 0.0, 4.0, 4.0 ], "autoUv": false },
						"up": { "texture": "#material", "uv": [ 0.0, 0.0, 4.0, 4.0 ], "autoUv": false },
						"down": { "texture": "#material", "uv": [ 0.0, 0.0, 4.0, 4.0 ], "autoUv": false }
					}
				},
				{
					"name": "Cube2.45",
					"from": [ 0.0, -0.2471, 0.0 ],
					"to": [ 0.5, 0.001, 1.1258 ],
					"rotationOrigin": [ -0.45, -0.1231, 0.0 ],
					"faces": {
						"north": { "texture": "#coke", "uv": [ 0.0, 0.0, 4.0, 4.0 ], "autoUv": false },
						"east": { "texture": "#coke", "uv": [ 0.0, 0.0, 4.0, 4.0 ], "autoUv": false },
						"south": { "texture": "#coke", "uv": [ 0.0, 0.0, 4.0, 4.0 ], "autoUv": false },
						"west": { "texture": "#coke", "uv": [ 0.0, 0.0, 4.0, 4.0 ], "autoUv": false },
						"up": { "texture": "#coke", "uv": [ 0.0, 0.0, 4.0, 4.0 ], "autoUv": false },
						"down": { "texture": "#coke", "uv": [ 0.0, 0.0, 4.0, 4.0 ], "autoUv": false }
					}
				},
				{
					"name": "Cube2.46",
					"from": [ 0.0, -0.2471, 1.0991 ],
					"to": [ 0.5, 0.001, 2.2249 ],
					"rotationOrigin": [ -0.45, -0.1231, 1.0991 ],
					"faces": {
						"north": { "texture": "#coke", "uv": [ 0.0, 0.0, 4.0, 4.0 ], "autoUv": false },
						"east": { "texture": "#coke", "uv": [ 0.0, 0.0, 4.0, 4.0 ], "autoUv": false },
						"south": { "texture": "#coke", "uv": [ 0.0, 0.0, 4.0, 4.0 ], "autoUv": false },
						"west": { "texture": "#coke", "uv": [ 0.0, 0.0, 4.0, 4.0 ], "autoUv": false },
						"up": { "texture": "#coke", "uv": [ 0.0, 0.0, 4.0, 4.0 ], "autoUv": false },
						"down": { "texture": "#coke", "uv": [ 0.0, 0.0, 4.0, 4.0 ], "autoUv": false }
					}
				},
				{
					"name": "Cube2.48",
					"from": [ 0.5009, 5.0E-4, 1.0991 ],
					"to": [ 1.0009, 0.2486, 2.2249 ],
					"rotationOrigin": [ 0.0509, 0.1245, 1.0991 ],
					"faces": {
						"north": { "texture": "#coke", "uv": [ 0.0, 0.0, 4.0, 4.0 ], "autoUv": false },
						"east": { "texture": "#coke", "uv": [ 0.0, 0.0, 4.0, 4.0 ], "autoUv": false },
						"south": { "texture": "#coke", "uv": [ 0.0, 0.0, 4.0, 4.0 ], "autoUv": false },
						"west": { "texture": "#coke", "uv": [ 0.0, 0.0, 4.0, 4.0 ], "autoUv": false },
						"up": { "texture": "#coke", "uv": [ 0.0, 0.0, 4.0, 4.0 ], "autoUv": false },
						"down": { "texture": "#coke", "uv": [ 0.0, 0.0, 4.0, 4.0 ], "autoUv": false }
					}
				},
				{
					"name": "Cube2.49",
					"from": [ 0.0, 0.0, 1.0991 ],
					"to": [ 0.5, 0.2481, 2.2249 ],
					"rotationOrigin": [ -0.45, 0.1241, 1.0991 ],
					"faces": {
						"north": { "texture": "#coke", "uv": [ 0.0, 0.0, 4.0, 4.0 ], "autoUv": false },
						"east": { "texture": "#coke", "uv": [ 0.0, 0.0, 4.0, 4.0 ], "autoUv": false },
						"south": { "texture": "#coke", "uv": [ 0.0, 0.0, 4.0, 4.0 ], "autoUv": false },
						"west": { "texture": "#coke", "uv": [ 0.0, 0.0, 4.0, 4.0 ], "autoUv": false },
						"up": { "texture": "#coke", "uv": [ 0.0, 0.0, 4.0, 4.0 ], "autoUv": false },
						"down": { "texture": "#coke", "uv": [ 0.0, 0.0, 4.0, 4.0 ], "autoUv": false }
					}
				},
				{
					"name": "Cube2.66",
					"from": [ 0.0, 0.0, 3.3063 ],
					"to": [ 0.5, 0.2481, 4.4321 ],
					"rotationOrigin": [ -0.45, 0.1241, 3.3063 ],
					"faces": {
						"north": { "texture": "#coke", "uv": [ 0.0, 0.0, 4.0, 4.0 ], "autoUv": false },
						"east": { "texture": "#coke", "uv": [ 0.0, 0.0, 4.0, 4.0 ], "autoUv": false },
						"south": { "texture": "#coke", "uv": [ 0.0, 0.0, 4.0, 4.0 ], "autoUv": false },
						"west": { "texture": "#coke", "uv": [ 0.0, 0.0, 4.0, 4.0 ], "autoUv": false },
						"up": { "texture": "#coke", "uv": [ 0.0, 0.0, 4.0, 4.0 ], "autoUv": false },
						"down": { "texture": "#coke", "uv": [ 0.0, 0.0, 4.0, 4.0 ], "autoUv": false }
					}
				},
				{
					"name": "Cube2.67",
					"from": [ 0.5009, 5.0E-4, 3.3063 ],
					"to": [ 1.0009, 0.2486, 4.4321 ],
					"rotationOrigin": [ 0.0509, 0.1245, 3.3063 ],
					"faces": {
						"north": { "texture": "#coke", "uv": [ 0.0, 0.0, 4.0, 4.0 ], "autoUv": false },
						"east": { "texture": "#coke", "uv": [ 0.0, 0.0, 4.0, 4.0 ], "autoUv": false },
						"south": { "texture": "#coke", "uv": [ 0.0, 0.0, 4.0, 4.0 ], "autoUv": false },
						"west": { "texture": "#coke", "uv": [ 0.0, 0.0, 4.0, 4.0 ], "autoUv": false },
						"up": { "texture": "#coke", "uv": [ 0.0, 0.0, 4.0, 4.0 ], "autoUv": false },
						"down": { "texture": "#coke", "uv": [ 0.0, 0.0, 4.0, 4.0 ], "autoUv": false }
					}
				},
				{
					"name": "Cube2.68",
					"from": [ 0.5009, -0.2466, 3.3063 ],
					"to": [ 1.0009, 0.0015, 4.4321 ],
					"rotationOrigin": [ 0.0509, -0.1226, 3.3063 ],
					"faces": {
						"north": { "texture": "#material", "uv": [ 0.0, 0.0, 4.0, 4.0 ], "autoUv": false },
						"east": { "texture": "#material", "uv": [ 0.0, 0.0, 4.0, 4.0 ], "autoUv": false },
						"south": { "texture": "#material", "uv": [ 0.0, 0.0, 4.0, 4.0 ], "autoUv": false },
						"west": { "texture": "#material", "uv": [ 0.0, 0.0, 4.0, 4.0 ], "autoUv": false },
						"up": { "texture": "#material", "uv": [ 0.0, 0.0, 4.0, 4.0 ], "autoUv": false },
						"down": { "texture": "#material", "uv": [ 0.0, 0.0, 4.0, 4.0 ], "autoUv": false }
					}
				},
				{
					"name": "Cube2.69",
					"from": [ 0.0, -0.2471, 3.3063 ],
					"to": [ 0.5, 0.001, 4.4321 ],
					"rotationOrigin": [ -0.45, -0.1231, 3.3063 ],
					"faces": {
						"north": { "texture": "#material", "uv": [ 0.0, 0.0, 4.0, 4.0 ], "autoUv": false },
						"east": { "texture": "#material", "uv": [ 0.0, 0.0, 4.0, 4.0 ], "autoUv": false },
						"south": { "texture": "#material", "uv": [ 0.0, 0.0, 4.0, 4.0 ], "autoUv": false },
						"west": { "texture": "#material", "uv": [ 0.0, 0.0, 4.0, 4.0 ], "autoUv": false },
						"up": { "texture": "#material", "uv": [ 0.0, 0.0, 4.0, 4.0 ], "autoUv": false },
						"down": { "texture": "#material", "uv": [ 0.0, 0.0, 4.0, 4.0 ], "autoUv": false }
					}
				},
				{
					"name": "Cube2.70",
					"from": [ 0.0, -0.2471, 2.2072 ],
					"to": [ 0.5, 0.001, 3.333 ],
					"rotationOrigin": [ -0.45, -0.1231, 2.2072 ],
					"faces": {
						"north": { "texture": "#coke", "uv": [ 0.0, 0.0, 4.0, 4.0 ], "autoUv": false },
						"east": { "texture": "#coke", "uv": [ 0.0, 0.0, 4.0, 4.0 ], "autoUv": false },
						"south": { "texture": "#coke", "uv": [ 0.0, 0.0, 4.0, 4.0 ], "autoUv": false },
						"west": { "texture": "#coke", "uv": [ 0.0, 0.0, 4.0, 4.0 ], "autoUv": false },
						"up": { "texture": "#coke", "uv": [ 0.0, 0.0, 4.0, 4.0 ], "autoUv": false },
						"down": { "texture": "#coke", "uv": [ 0.0, 0.0, 4.0, 4.0 ], "autoUv": false }
					}
				},
				{
					"name": "Cube2.71",
					"from": [ 0.5009, -0.2466, 2.2072 ],
					"to": [ 1.0009, 0.0015, 3.333 ],
					"rotationOrigin": [ 0.0509, -0.1226, 2.2072 ],
					"faces": {
						"north": { "texture": "#coke", "uv": [ 0.0, 0.0, 4.0, 4.0 ], "autoUv": false },
						"east": { "texture": "#coke", "uv": [ 0.0, 0.0, 4.0, 4.0 ], "autoUv": false },
						"south": { "texture": "#coke", "uv": [ 0.0, 0.0, 4.0, 4.0 ], "autoUv": false },
						"west": { "texture": "#coke", "uv": [ 0.0, 0.0, 4.0, 4.0 ], "autoUv": false },
						"up": { "texture": "#coke", "uv": [ 0.0, 0.0, 4.0, 4.0 ], "autoUv": false },
						"down": { "texture": "#coke", "uv": [ 0.0, 0.0, 4.0, 4.0 ], "autoUv": false }
					}
				},
				{
					"name": "Cube2.72",
					"from": [ 0.5009, 5.0E-4, 2.2072 ],
					"to": [ 1.0009, 0.2486, 3.333 ],
					"rotationOrigin": [ 0.0509, 0.1245, 2.2072 ],
					"faces": {
						"north": { "texture": "#material", "uv": [ 0.0, 0.0, 4.0, 4.0 ], "autoUv": false },
						"east": { "texture": "#material", "uv": [ 0.0, 0.0, 4.0, 4.0 ], "autoUv": false },
						"south": { "texture": "#material", "uv": [ 0.0, 0.0, 4.0, 4.0 ], "autoUv": false },
						"west": { "texture": "#material", "uv": [ 0.0, 0.0, 4.0, 4.0 ], "autoUv": false },
						"up": { "texture": "#material", "uv": [ 0.0, 0.0, 4.0, 4.0 ], "autoUv": false },
						"down": { "texture": "#material", "uv": [ 0.0, 0.0, 4.0, 4.0 ], "autoUv": false }
					}
				},
				{
					"name": "Cube2.74",
					"from": [ 0.0, 0.0, 5.4881 ],
					"to": [ 0.5, 0.2481, 7.0878 ],
					"rotationOrigin": [ -0.45, 0.1241, 5.4881 ],
					"faces": {
						"north": { "texture": "#material", "uv": [ 0.0, 0.0, 4.0, 4.0 ], "autoUv": false },
						"east": { "texture": "#material", "uv": [ 0.0, 0.0, 4.0, 4.0 ], "autoUv": false },
						"south": { "texture": "#material", "uv": [ 0.0, 0.0, 4.0, 4.0 ], "autoUv": false },
						"west": { "texture": "#material", "uv": [ 0.0, 0.0, 4.0, 4.0 ], "autoUv": false },
						"up": { "texture": "#material", "uv": [ 0.0, 0.0, 4.0, 4.0 ], "autoUv": false },
						"down": { "texture": "#material", "uv": [ 0.0, 0.0, 4.0, 4.0 ], "autoUv": false }
					}
				},
				{
					"name": "Cube2.75",
					"from": [ 0.5009, 5.0E-4, 5.4881 ],
					"to": [ 1.0009, 0.2486, 7.0878 ],
					"rotationOrigin": [ 0.0509, 0.1245, 5.4881 ],
					"faces": {
						"north": { "texture": "#coke", "uv": [ 0.0, 0.0, 4.0, 4.0 ], "autoUv": false },
						"east": { "texture": "#coke", "uv": [ 0.0, 0.0, 4.0, 4.0 ], "autoUv": false },
						"south": { "texture": "#coke", "uv": [ 0.0, 0.0, 4.0, 4.0 ], "autoUv": false },
						"west": { "texture": "#coke", "uv": [ 0.0, 0.0, 4.0, 4.0 ], "autoUv": false },
						"up": { "texture": "#coke", "uv": [ 0.0, 0.0, 4.0, 4.0 ], "autoUv": false },
						"down": { "texture": "#coke", "uv": [ 0.0, 0.0, 4.0, 4.0 ], "autoUv": false }
					}
				},
				{
					"name": "Cube2.76",
					"from": [ 0.5009, -0.2466, 5.4881 ],
					"to": [ 1.0009, 0.0015, 7.0878 ],
					"rotationOrigin": [ 0.0509, -0.1226, 5.4881 ],
					"faces": {
						"north": { "texture": "#coke", "uv": [ 0.0, 0.0, 4.0, 4.0 ], "autoUv": false },
						"east": { "texture": "#coke", "uv": [ 0.0, 0.0, 4.0, 4.0 ], "autoUv": false },
						"south": { "texture": "#coke", "uv": [ 0.0, 0.0, 4.0, 4.0 ], "autoUv": false },
						"west": { "texture": "#coke", "uv": [ 0.0, 0.0, 4.0, 4.0 ], "autoUv": false },
						"up": { "texture": "#coke", "uv": [ 0.0, 0.0, 4.0, 4.0 ], "autoUv": false },
						"down": { "texture": "#coke", "uv": [ 0.0, 0.0, 4.0, 4.0 ], "autoUv": false }
					}
				},
				{
					"name": "Cube2.77",
					"from": [ 0.0, -0.2471, 5.4881 ],
					"to": [ 0.5, 0.001, 7.0878 ],
					"rotationOrigin": [ -0.45, -0.1231, 5.4881 ],
					"faces": {
						"north": { "texture": "#coke", "uv": [ 0.0, 0.0, 4.0, 4.0 ], "autoUv": false },
						"east": { "texture": "#coke", "uv": [ 0.0, 0.0, 4.0, 4.0 ], "autoUv": false },
						"south": { "texture": "#coke", "uv": [ 0.0, 0.0, 4.0, 4.0 ], "autoUv": false },
						"west": { "texture": "#coke", "uv": [ 0.0, 0.0, 4.0, 4.0 ], "autoUv": false },
						"up": { "texture": "#coke", "uv": [ 0.0, 0.0, 4.0, 4.0 ], "autoUv": false },
						"down": { "texture": "#coke", "uv": [ 0.0, 0.0, 4.0, 4.0 ], "autoUv": false }
					}
				},
				{
					"name": "Cube2.78",
					"from": [ 0.0, -0.2471, 4.3889 ],
					"to": [ 0.5, 0.001, 5.5147 ],
					"rotationOrigin": [ -0.45, -0.1231, 4.3889 ],
					"faces": {
						"north": { "texture": "#coke", "uv": [ 0.0, 0.0, 4.0, 4.0 ], "autoUv": false },
						"east": { "texture": "#coke", "uv": [ 0.0, 0.0, 4.0, 4.0 ], "autoUv": false },
						"south": { "texture": "#coke", "uv": [ 0.0, 0.0, 4.0, 4.0 ], "autoUv": false },
						"west": { "texture": "#coke", "uv": [ 0.0, 0.0, 4.0, 4.0 ], "autoUv": false },
						"up": { "texture": "#coke", "uv": [ 0.0, 0.0, 4.0, 4.0 ], "autoUv": false },
						"down": { "texture": "#coke", "uv": [ 0.0, 0.0, 4.0, 4.0 ], "autoUv": false }
					}
				},
				{
					"name": "Cube2.79",
					"from": [ 0.5009, -0.2466, 4.3889 ],
					"to": [ 1.0009, 0.0015, 5.5147 ],
					"rotationOrigin": [ 0.0509, -0.1226, 4.3889 ],
					"faces": {
						"north": { "texture": "#coke", "uv": [ 0.0, 0.0, 4.0, 4.0 ], "autoUv": false },
						"east": { "texture": "#coke", "uv": [ 0.0, 0.0, 4.0, 4.0 ], "autoUv": false },
						"south": { "texture": "#coke", "uv": [ 0.0, 0.0, 4.0, 4.0 ], "autoUv": false },
						"west": { "texture": "#coke", "uv": [ 0.0, 0.0, 4.0, 4.0 ], "autoUv": false },
						"up": { "texture": "#coke", "uv": [ 0.0, 0.0, 4.0, 4.0 ], "autoUv": false },
						"down": { "texture": "#coke", "uv": [ 0.0, 0.0, 4.0, 4.0 ], "autoUv": false }
					}
				},
				{
					"name": "Cube2.81",
					"from": [ 0.0, 0.0, 4.3889 ],
					"to": [ 0.5, 0.2481, 5.5147 ],
					"rotationOrigin": [ -0.45, 0.1241, 4.3889 ],
					"faces": {
						"north": { "texture": "#coke", "uv": [ 0.0, 0.0, 4.0, 4.0 ], "autoUv": false },
						"east": { "texture": "#coke", "uv": [ 0.0, 0.0, 4.0, 4.0 ], "autoUv": false },
						"south": { "texture": "#coke", "uv": [ 0.0, 0.0, 4.0, 4.0 ], "autoUv": false },
						"west": { "texture": "#coke", "uv": [ 0.0, 0.0, 4.0, 4.0 ], "autoUv": false },
						"up": { "texture": "#coke", "uv": [ 0.0, 0.0, 4.0, 4.0 ], "autoUv": false },
						"down": { "texture": "#coke", "uv": [ 0.0, 0.0, 4.0, 4.0 ], "autoUv": false }
					}
				},
				{
					"name": "Cube2.90",
					"from": [ 0.0, 0.0, -1.0007 ],
					"to": [ 0.5, 0.2481, 0.125 ],
					"rotationOrigin": [ -0.45, 0.1241, -1.0007 ],
					"faces": {
						"north": { "texture": "#coke", "uv": [ 0.0, 0.0, 4.0, 4.0 ], "autoUv": false },
						"east": { "texture": "#coke", "uv": [ 0.0, 0.0, 4.0, 4.0 ], "autoUv": false },
						"south": { "texture": "#coke", "uv": [ 0.0, 0.0, 4.0, 4.0 ], "autoUv": false },
						"west": { "texture": "#coke", "uv": [ 0.0, 0.0, 4.0, 4.0 ], "autoUv": false },
						"up": { "texture": "#coke", "uv": [ 0.0, 0.0, 4.0, 4.0 ], "autoUv": false },
						"down": { "texture": "#coke", "uv": [ 0.0, 0.0, 4.0, 4.0 ], "autoUv": false }
					}
				},
				{
					"name": "Cube2.91",
					"from": [ 0.5009, 5.0E-4, -1.0007 ],
					"to": [ 1.0009, 0.2486, 0.125 ],
					"rotationOrigin": [ 0.0509, 0.1245, -1.0007 ],
					"faces": {
						"north": { "texture": "#coke", "uv": [ 0.0, 0.0, 4.0, 4.0 ], "autoUv": false },
						"east": { "texture": "#coke", "uv": [ 0.0, 0.0, 4.0, 4.0 ], "autoUv": false },
						"south": { "texture": "#coke", "uv": [ 0.0, 0.0, 4.0, 4.0 ], "autoUv": false },
						"west": { "texture": "#coke", "uv": [ 0.0, 0.0, 4.0, 4.0 ], "autoUv": false },
						"up": { "texture": "#coke", "uv": [ 0.0, 0.0, 4.0, 4.0 ], "autoUv": false },
						"down": { "texture": "#coke", "uv": [ 0.0, 0.0, 4.0, 4.0 ], "autoUv": false }
					}
				},
				{
					"name": "Cube2.92",
					"from": [ 0.5009, -0.2466, -1.0007 ],
					"to": [ 1.0009, 0.0015, 0.125 ],
					"rotationOrigin": [ 0.0509, -0.1226, -1.0007 ],
					"faces": {
						"north": { "texture": "#coke", "uv": [ 0.0, 0.0, 4.0, 4.0 ], "autoUv": false },
						"east": { "texture": "#coke", "uv": [ 0.0, 0.0, 4.0, 4.0 ], "autoUv": false },
						"south": { "texture": "#coke", "uv": [ 0.0, 0.0, 4.0, 4.0 ], "autoUv": false },
						"west": { "texture": "#coke", "uv": [ 0.0, 0.0, 4.0, 4.0 ], "autoUv": false },
						"up": { "texture": "#coke", "uv": [ 0.0, 0.0, 4.0, 4.0 ], "autoUv": false },
						"down": { "texture": "#coke", "uv": [ 0.0, 0.0, 4.0, 4.0 ], "autoUv": false }
					}
				},
				{
					"name": "Cube2.93",
					"from": [ 0.0, -0.2471, -1.0007 ],
					"to": [ 0.5, 0.001, 0.125 ],
					"rotationOrigin": [ -0.45, -0.1231, -1.0007 ],
					"faces": {
						"north": { "texture": "#coke", "uv": [ 0.0, 0.0, 4.0, 4.0 ], "autoUv": false },
						"east": { "texture": "#coke", "uv": [ 0.0, 0.0, 4.0, 4.0 ], "autoUv": false },
						"south": { "texture": "#coke", "uv": [ 0.0, 0.0, 4.0, 4.0 ], "autoUv": false },
						"west": { "texture": "#coke", "uv": [ 0.0, 0.0, 4.0, 4.0 ], "autoUv": false },
						"up": { "texture": "#coke", "uv": [ 0.0, 0.0, 4.0, 4.0 ], "autoUv": false },
						"down": { "texture": "#coke", "uv": [ 0.0, 0.0, 4.0, 4.0 ], "autoUv": false }
					}
				}
			]
		},
		{
			"name": "Cube2.43",
			"from": [ 6.9, 0.9, 0.41 ],
			"to": [ 7.4, 1.1481, 1.5358 ],
			"rotationOrigin": [ 6.65, 1.3686, 0.9115 ],
			"faces": {
				"north": { "texture": "#coke", "uv": [ 0.0, 0.0, 4.0, 4.0 ], "autoUv": false },
				"east": { "texture": "#coke", "uv": [ 0.0, 0.0, 4.0, 4.0 ], "autoUv": false },
				"south": { "texture": "#coke", "uv": [ 0.0, 0.0, 4.0, 4.0 ], "autoUv": false },
				"west": { "texture": "#coke", "uv": [ 0.0, 0.0, 4.0, 4.0 ], "autoUv": false },
				"up": { "texture": "#coke", "uv": [ 0.0, 0.0, 4.0, 4.0 ], "autoUv": false },
				"down": { "texture": "#coke", "uv": [ 0.0, 0.0, 4.0, 4.0 ], "autoUv": false }
			},
			"children": [
				{
					"name": "Cube2.47",
					"from": [ 0.5009, -0.2466, 0.0 ],
					"to": [ 1.0009, 0.0015, 1.1258 ],
					"rotationOrigin": [ 0.0509, -0.1226, 0.0 ],
					"faces": {
						"north": { "texture": "#material", "uv": [ 0.0, 0.0, 4.0, 4.0 ], "autoUv": false },
						"east": { "texture": "#material", "uv": [ 0.0, 0.0, 4.0, 4.0 ], "autoUv": false },
						"south": { "texture": "#material", "uv": [ 0.0, 0.0, 4.0, 4.0 ], "autoUv": false },
						"west": { "texture": "#material", "uv": [ 0.0, 0.0, 4.0, 4.0 ], "autoUv": false },
						"up": { "texture": "#material", "uv": [ 0.0, 0.0, 4.0, 4.0 ], "autoUv": false },
						"down": { "texture": "#material", "uv": [ 0.0, 0.0, 4.0, 4.0 ], "autoUv": false }
					}
				},
				{
					"name": "Cube2.50",
					"from": [ 0.0, -0.2471, 0.0 ],
					"to": [ 0.5, 0.001, 1.1258 ],
					"rotationOrigin": [ -0.45, -0.1231, 0.0 ],
					"faces": {
						"north": { "texture": "#coke", "uv": [ 0.0, 0.0, 4.0, 4.0 ], "autoUv": false },
						"east": { "texture": "#coke", "uv": [ 0.0, 0.0, 4.0, 4.0 ], "autoUv": false },
						"south": { "texture": "#coke", "uv": [ 0.0, 0.0, 4.0, 4.0 ], "autoUv": false },
						"west": { "texture": "#coke", "uv": [ 0.0, 0.0, 4.0, 4.0 ], "autoUv": false },
						"up": { "texture": "#coke", "uv": [ 0.0, 0.0, 4.0, 4.0 ], "autoUv": false },
						"down": { "texture": "#coke", "uv": [ 0.0, 0.0, 4.0, 4.0 ], "autoUv": false }
					}
				},
				{
					"name": "Cube2.51",
					"from": [ 0.0, -0.2471, 1.0991 ],
					"to": [ 0.5, 0.001, 2.2249 ],
					"rotationOrigin": [ -0.45, -0.1231, 1.0991 ],
					"faces": {
						"north": { "texture": "#coke", "uv": [ 0.0, 0.0, 4.0, 4.0 ], "autoUv": false },
						"east": { "texture": "#coke", "uv": [ 0.0, 0.0, 4.0, 4.0 ], "autoUv": false },
						"south": { "texture": "#coke", "uv": [ 0.0, 0.0, 4.0, 4.0 ], "autoUv": false },
						"west": { "texture": "#coke", "uv": [ 0.0, 0.0, 4.0, 4.0 ], "autoUv": false },
						"up": { "texture": "#coke", "uv": [ 0.0, 0.0, 4.0, 4.0 ], "autoUv": false },
						"down": { "texture": "#coke", "uv": [ 0.0, 0.0, 4.0, 4.0 ], "autoUv": false }
					}
				},
				{
					"name": "Cube2.52",
					"from": [ 0.5009, 5.0E-4, 1.0991 ],
					"to": [ 1.0009, 0.2486, 2.2249 ],
					"rotationOrigin": [ 0.0509, 0.1245, 1.0991 ],
					"faces": {
						"north": { "texture": "#coke", "uv": [ 0.0, 0.0, 4.0, 4.0 ], "autoUv": false },
						"east": { "texture": "#coke", "uv": [ 0.0, 0.0, 4.0, 4.0 ], "autoUv": false },
						"south": { "texture": "#coke", "uv": [ 0.0, 0.0, 4.0, 4.0 ], "autoUv": false },
						"west": { "texture": "#coke", "uv": [ 0.0, 0.0, 4.0, 4.0 ], "autoUv": false },
						"up": { "texture": "#coke", "uv": [ 0.0, 0.0, 4.0, 4.0 ], "autoUv": false },
						"down": { "texture": "#coke", "uv": [ 0.0, 0.0, 4.0, 4.0 ], "autoUv": false }
					}
				},
				{
					"name": "Cube2.53",
					"from": [ 0.0, 0.0, 1.0991 ],
					"to": [ 0.5, 0.2481, 2.2249 ],
					"rotationOrigin": [ -0.45, 0.1241, 1.0991 ],
					"faces": {
						"north": { "texture": "#coke", "uv": [ 0.0, 0.0, 4.0, 4.0 ], "autoUv": false },
						"east": { "texture": "#coke", "uv": [ 0.0, 0.0, 4.0, 4.0 ], "autoUv": false },
						"south": { "texture": "#coke", "uv": [ 0.0, 0.0, 4.0, 4.0 ], "autoUv": false },
						"west": { "texture": "#coke", "uv": [ 0.0, 0.0, 4.0, 4.0 ], "autoUv": false },
						"up": { "texture": "#coke", "uv": [ 0.0, 0.0, 4.0, 4.0 ], "autoUv": false },
						"down": { "texture": "#coke", "uv": [ 0.0, 0.0, 4.0, 4.0 ], "autoUv": false }
					}
				},
				{
					"name": "Cube2.73",
					"from": [ 0.0, 0.0, 3.3063 ],
					"to": [ 0.5, 0.2481, 4.4321 ],
					"rotationOrigin": [ -0.45, 0.1241, 3.3063 ],
					"faces": {
						"north": { "texture": "#coke", "uv": [ 0.0, 0.0, 4.0, 4.0 ], "autoUv": false },
						"east": { "texture": "#coke", "uv": [ 0.0, 0.0, 4.0, 4.0 ], "autoUv": false },
						"south": { "texture": "#coke", "uv": [ 0.0, 0.0, 4.0, 4.0 ], "autoUv": false },
						"west": { "texture": "#coke", "uv": [ 0.0, 0.0, 4.0, 4.0 ], "autoUv": false },
						"up": { "texture": "#coke", "uv": [ 0.0, 0.0, 4.0, 4.0 ], "autoUv": false },
						"down": { "texture": "#coke", "uv": [ 0.0, 0.0, 4.0, 4.0 ], "autoUv": false }
					}
				},
				{
					"name": "Cube2.80",
					"from": [ 0.5009, 5.0E-4, 3.3063 ],
					"to": [ 1.0009, 0.2486, 4.4321 ],
					"rotationOrigin": [ 0.0509, 0.1245, 3.3063 ],
					"faces": {
						"north": { "texture": "#coke", "uv": [ 0.0, 0.0, 4.0, 4.0 ], "autoUv": false },
						"east": { "texture": "#coke", "uv": [ 0.0, 0.0, 4.0, 4.0 ], "autoUv": false },
						"south": { "texture": "#coke", "uv": [ 0.0, 0.0, 4.0, 4.0 ], "autoUv": false },
						"west": { "texture": "#coke", "uv": [ 0.0, 0.0, 4.0, 4.0 ], "autoUv": false },
						"up": { "texture": "#coke", "uv": [ 0.0, 0.0, 4.0, 4.0 ], "autoUv": false },
						"down": { "texture": "#coke", "uv": [ 0.0, 0.0, 4.0, 4.0 ], "autoUv": false }
					}
				},
				{
					"name": "Cube2.82",
					"from": [ 0.5009, -0.2466, 3.3063 ],
					"to": [ 1.0009, 0.0015, 4.4321 ],
					"rotationOrigin": [ 0.0509, -0.1226, 3.3063 ],
					"faces": {
						"north": { "texture": "#material", "uv": [ 0.0, 0.0, 4.0, 4.0 ], "autoUv": false },
						"east": { "texture": "#material", "uv": [ 0.0, 0.0, 4.0, 4.0 ], "autoUv": false },
						"south": { "texture": "#material", "uv": [ 0.0, 0.0, 4.0, 4.0 ], "autoUv": false },
						"west": { "texture": "#material", "uv": [ 0.0, 0.0, 4.0, 4.0 ], "autoUv": false },
						"up": { "texture": "#material", "uv": [ 0.0, 0.0, 4.0, 4.0 ], "autoUv": false },
						"down": { "texture": "#material", "uv": [ 0.0, 0.0, 4.0, 4.0 ], "autoUv": false }
					}
				},
				{
					"name": "Cube2.83",
					"from": [ 0.0, -0.2471, 3.3063 ],
					"to": [ 0.5, 0.001, 4.4321 ],
					"rotationOrigin": [ -0.45, -0.1231, 3.3063 ],
					"faces": {
						"north": { "texture": "#material", "uv": [ 0.0, 0.0, 4.0, 4.0 ], "autoUv": false },
						"east": { "texture": "#material", "uv": [ 0.0, 0.0, 4.0, 4.0 ], "autoUv": false },
						"south": { "texture": "#material", "uv": [ 0.0, 0.0, 4.0, 4.0 ], "autoUv": false },
						"west": { "texture": "#material", "uv": [ 0.0, 0.0, 4.0, 4.0 ], "autoUv": false },
						"up": { "texture": "#material", "uv": [ 0.0, 0.0, 4.0, 4.0 ], "autoUv": false },
						"down": { "texture": "#material", "uv": [ 0.0, 0.0, 4.0, 4.0 ], "autoUv": false }
					}
				},
				{
					"name": "Cube2.84",
					"from": [ 0.0, -0.2471, 2.2072 ],
					"to": [ 0.5, 0.001, 3.333 ],
					"rotationOrigin": [ -0.45, -0.1231, 2.2072 ],
					"faces": {
						"north": { "texture": "#coke", "uv": [ 0.0, 0.0, 4.0, 4.0 ], "autoUv": false },
						"east": { "texture": "#coke", "uv": [ 0.0, 0.0, 4.0, 4.0 ], "autoUv": false },
						"south": { "texture": "#coke", "uv": [ 0.0, 0.0, 4.0, 4.0 ], "autoUv": false },
						"west": { "texture": "#coke", "uv": [ 0.0, 0.0, 4.0, 4.0 ], "autoUv": false },
						"up": { "texture": "#coke", "uv": [ 0.0, 0.0, 4.0, 4.0 ], "autoUv": false },
						"down": { "texture": "#coke", "uv": [ 0.0, 0.0, 4.0, 4.0 ], "autoUv": false }
					}
				},
				{
					"name": "Cube2.85",
					"from": [ 0.5009, -0.2466, 2.2072 ],
					"to": [ 1.0009, 0.0015, 3.333 ],
					"rotationOrigin": [ 0.0509, -0.1226, 2.2072 ],
					"faces": {
						"north": { "texture": "#coke", "uv": [ 0.0, 0.0, 4.0, 4.0 ], "autoUv": false },
						"east": { "texture": "#coke", "uv": [ 0.0, 0.0, 4.0, 4.0 ], "autoUv": false },
						"south": { "texture": "#coke", "uv": [ 0.0, 0.0, 4.0, 4.0 ], "autoUv": false },
						"west": { "texture": "#coke", "uv": [ 0.0, 0.0, 4.0, 4.0 ], "autoUv": false },
						"up": { "texture": "#coke", "uv": [ 0.0, 0.0, 4.0, 4.0 ], "autoUv": false },
						"down": { "texture": "#coke", "uv": [ 0.0, 0.0, 4.0, 4.0 ], "autoUv": false }
					}
				},
				{
					"name": "Cube2.86",
					"from": [ 0.5009, 5.0E-4, 2.2072 ],
					"to": [ 1.0009, 0.2486, 3.333 ],
					"rotationOrigin": [ 0.0509, 0.1245, 2.2072 ],
					"faces": {
						"north": { "texture": "#material", "uv": [ 0.0, 0.0, 4.0, 4.0 ], "autoUv": false },
						"east": { "texture": "#material", "uv": [ 0.0, 0.0, 4.0, 4.0 ], "autoUv": false },
						"south": { "texture": "#material", "uv": [ 0.0, 0.0, 4.0, 4.0 ], "autoUv": false },
						"west": { "texture": "#material", "uv": [ 0.0, 0.0, 4.0, 4.0 ], "autoUv": false },
						"up": { "texture": "#material", "uv": [ 0.0, 0.0, 4.0, 4.0 ], "autoUv": false },
						"down": { "texture": "#material", "uv": [ 0.0, 0.0, 4.0, 4.0 ], "autoUv": false }
					}
				},
				{
					"name": "Cube2.87",
					"from": [ 0.0, 0.0, 5.4881 ],
					"to": [ 0.5, 0.2481, 7.0878 ],
					"rotationOrigin": [ -0.45, 0.1241, 5.4881 ],
					"faces": {
						"north": { "texture": "#material", "uv": [ 0.0, 0.0, 4.0, 4.0 ], "autoUv": false },
						"east": { "texture": "#material", "uv": [ 0.0, 0.0, 4.0, 4.0 ], "autoUv": false },
						"south": { "texture": "#material", "uv": [ 0.0, 0.0, 4.0, 4.0 ], "autoUv": false },
						"west": { "texture": "#material", "uv": [ 0.0, 0.0, 4.0, 4.0 ], "autoUv": false },
						"up": { "texture": "#material", "uv": [ 0.0, 0.0, 4.0, 4.0 ], "autoUv": false },
						"down": { "texture": "#material", "uv": [ 0.0, 0.0, 4.0, 4.0 ], "autoUv": false }
					}
				},
				{
					"name": "Cube2.88",
					"from": [ 0.5009, 5.0E-4, 5.4881 ],
					"to": [ 1.0009, 0.2486, 7.0878 ],
					"rotationOrigin": [ 0.0509, 0.1245, 5.4881 ],
					"faces": {
						"north": { "texture": "#coke", "uv": [ 0.0, 0.0, 4.0, 4.0 ], "autoUv": false },
						"east": { "texture": "#coke", "uv": [ 0.0, 0.0, 4.0, 4.0 ], "autoUv": false },
						"south": { "texture": "#coke", "uv": [ 0.0, 0.0, 4.0, 4.0 ], "autoUv": false },
						"west": { "texture": "#coke", "uv": [ 0.0, 0.0, 4.0, 4.0 ], "autoUv": false },
						"up": { "texture": "#coke", "uv": [ 0.0, 0.0, 4.0, 4.0 ], "autoUv": false },
						"down": { "texture": "#coke", "uv": [ 0.0, 0.0, 4.0, 4.0 ], "autoUv": false }
					}
				},
				{
					"name": "Cube2.89",
					"from": [ 0.5009, -0.2466, 5.4881 ],
					"to": [ 1.0009, 0.0015, 7.0878 ],
					"rotationOrigin": [ 0.0509, -0.1226, 5.4881 ],
					"faces": {
						"north": { "texture": "#coke", "uv": [ 0.0, 0.0, 4.0, 4.0 ], "autoUv": false },
						"east": { "texture": "#coke", "uv": [ 0.0, 0.0, 4.0, 4.0 ], "autoUv": false },
						"south": { "texture": "#coke", "uv": [ 0.0, 0.0, 4.0, 4.0 ], "autoUv": false },
						"west": { "texture": "#coke", "uv": [ 0.0, 0.0, 4.0, 4.0 ], "autoUv": false },
						"up": { "texture": "#coke", "uv": [ 0.0, 0.0, 4.0, 4.0 ], "autoUv": false },
						"down": { "texture": "#coke", "uv": [ 0.0, 0.0, 4.0, 4.0 ], "autoUv": false }
					}
				},
				{
					"name": "Cube2.94",
					"from": [ 0.0, -0.2471, 5.4881 ],
					"to": [ 0.5, 0.001, 7.0878 ],
					"rotationOrigin": [ -0.45, -0.1231, 5.4881 ],
					"faces": {
						"north": { "texture": "#coke", "uv": [ 0.0, 0.0, 4.0, 4.0 ], "autoUv": false },
						"east": { "texture": "#coke", "uv": [ 0.0, 0.0, 4.0, 4.0 ], "autoUv": false },
						"south": { "texture": "#coke", "uv": [ 0.0, 0.0, 4.0, 4.0 ], "autoUv": false },
						"west": { "texture": "#coke", "uv": [ 0.0, 0.0, 4.0, 4.0 ], "autoUv": false },
						"up": { "texture": "#coke", "uv": [ 0.0, 0.0, 4.0, 4.0 ], "autoUv": false },
						"down": { "texture": "#coke", "uv": [ 0.0, 0.0, 4.0, 4.0 ], "autoUv": false }
					}
				},
				{
					"name": "Cube2.95",
					"from": [ 0.0, -0.2471, 4.3889 ],
					"to": [ 0.5, 0.001, 5.5147 ],
					"rotationOrigin": [ -0.45, -0.1231, 4.3889 ],
					"faces": {
						"north": { "texture": "#coke", "uv": [ 0.0, 0.0, 4.0, 4.0 ], "autoUv": false },
						"east": { "texture": "#coke", "uv": [ 0.0, 0.0, 4.0, 4.0 ], "autoUv": false },
						"south": { "texture": "#coke", "uv": [ 0.0, 0.0, 4.0, 4.0 ], "autoUv": false },
						"west": { "texture": "#coke", "uv": [ 0.0, 0.0, 4.0, 4.0 ], "autoUv": false },
						"up": { "texture": "#coke", "uv": [ 0.0, 0.0, 4.0, 4.0 ], "autoUv": false },
						"down": { "texture": "#coke", "uv": [ 0.0, 0.0, 4.0, 4.0 ], "autoUv": false }
					}
				},
				{
					"name": "Cube2.96",
					"from": [ 0.5009, -0.2466, 4.3889 ],
					"to": [ 1.0009, 0.0015, 5.5147 ],
					"rotationOrigin": [ 0.0509, -0.1226, 4.3889 ],
					"faces": {
						"north": { "texture": "#coke", "uv": [ 0.0, 0.0, 4.0, 4.0 ], "autoUv": false },
						"east": { "texture": "#coke", "uv": [ 0.0, 0.0, 4.0, 4.0 ], "autoUv": false },
						"south": { "texture": "#coke", "uv": [ 0.0, 0.0, 4.0, 4.0 ], "autoUv": false },
						"west": { "texture": "#coke", "uv": [ 0.0, 0.0, 4.0, 4.0 ], "autoUv": false },
						"up": { "texture": "#coke", "uv": [ 0.0, 0.0, 4.0, 4.0 ], "autoUv": false },
						"down": { "texture": "#coke", "uv": [ 0.0, 0.0, 4.0, 4.0 ], "autoUv": false }
					}
				},
				{
					"name": "Cube2.97",
					"from": [ 0.0, 0.0, 4.3889 ],
					"to": [ 0.5, 0.2481, 5.5147 ],
					"rotationOrigin": [ -0.45, 0.1241, 4.3889 ],
					"faces": {
						"north": { "texture": "#coke", "uv": [ 0.0, 0.0, 4.0, 4.0 ], "autoUv": false },
						"east": { "texture": "#coke", "uv": [ 0.0, 0.0, 4.0, 4.0 ], "autoUv": false },
						"south": { "texture": "#coke", "uv": [ 0.0, 0.0, 4.0, 4.0 ], "autoUv": false },
						"west": { "texture": "#coke", "uv": [ 0.0, 0.0, 4.0, 4.0 ], "autoUv": false },
						"up": { "texture": "#coke", "uv": [ 0.0, 0.0, 4.0, 4.0 ], "autoUv": false },
						"down": { "texture": "#coke", "uv": [ 0.0, 0.0, 4.0, 4.0 ], "autoUv": false }
					}
				},
				{
					"name": "Cube2.98",
					"from": [ 0.0, 0.0, -1.0007 ],
					"to": [ 0.5, 0.2481, 0.125 ],
					"rotationOrigin": [ -0.45, 0.1241, -1.0007 ],
					"faces": {
						"north": { "texture": "#coke", "uv": [ 0.0, 0.0, 4.0, 4.0 ], "autoUv": false },
						"east": { "texture": "#coke", "uv": [ 0.0, 0.0, 4.0, 4.0 ], "autoUv": false },
						"south": { "texture": "#coke", "uv": [ 0.0, 0.0, 4.0, 4.0 ], "autoUv": false },
						"west": { "texture": "#coke", "uv": [ 0.0, 0.0, 4.0, 4.0 ], "autoUv": false },
						"up": { "texture": "#coke", "uv": [ 0.0, 0.0, 4.0, 4.0 ], "autoUv": false },
						"down": { "texture": "#coke", "uv": [ 0.0, 0.0, 4.0, 4.0 ], "autoUv": false }
					}
				},
				{
					"name": "Cube2.99",
					"from": [ 0.5009, 5.0E-4, -1.0007 ],
					"to": [ 1.0009, 0.2486, 0.125 ],
					"rotationOrigin": [ 0.0509, 0.1245, -1.0007 ],
					"faces": {
						"north": { "texture": "#coke", "uv": [ 0.0, 0.0, 4.0, 4.0 ], "autoUv": false },
						"east": { "texture": "#coke", "uv": [ 0.0, 0.0, 4.0, 4.0 ], "autoUv": false },
						"south": { "texture": "#coke", "uv": [ 0.0, 0.0, 4.0, 4.0 ], "autoUv": false },
						"west": { "texture": "#coke", "uv": [ 0.0, 0.0, 4.0, 4.0 ], "autoUv": false },
						"up": { "texture": "#coke", "uv": [ 0.0, 0.0, 4.0, 4.0 ], "autoUv": false },
						"down": { "texture": "#coke", "uv": [ 0.0, 0.0, 4.0, 4.0 ], "autoUv": false }
					}
				},
				{
					"name": "Cube2.100",
					"from": [ 0.5009, -0.2466, -1.0007 ],
					"to": [ 1.0009, 0.0015, 0.125 ],
					"rotationOrigin": [ 0.0509, -0.1226, -1.0007 ],
					"faces": {
						"north": { "texture": "#coke", "uv": [ 0.0, 0.0, 4.0, 4.0 ], "autoUv": false },
						"east": { "texture": "#coke", "uv": [ 0.0, 0.0, 4.0, 4.0 ], "autoUv": false },
						"south": { "texture": "#coke", "uv": [ 0.0, 0.0, 4.0, 4.0 ], "autoUv": false },
						"west": { "texture": "#coke", "uv": [ 0.0, 0.0, 4.0, 4.0 ], "autoUv": false },
						"up": { "texture": "#coke", "uv": [ 0.0, 0.0, 4.0, 4.0 ], "autoUv": false },
						"down": { "texture": "#coke", "uv": [ 0.0, 0.0, 4.0, 4.0 ], "autoUv": false }
					}
				},
				{
					"name": "Cube2.101",
					"from": [ 0.0, -0.2471, -1.0007 ],
					"to": [ 0.5, 0.001, 0.125 ],
					"rotationOrigin": [ -0.45, -0.1231, -1.0007 ],
					"faces": {
						"north": { "texture": "#coke", "uv": [ 0.0, 0.0, 4.0, 4.0 ], "autoUv": false },
						"east": { "texture": "#coke", "uv": [ 0.0, 0.0, 4.0, 4.0 ], "autoUv": false },
						"south": { "texture": "#coke", "uv": [ 0.0, 0.0, 4.0, 4.0 ], "autoUv": false },
						"west": { "texture": "#coke", "uv": [ 0.0, 0.0, 4.0, 4.0 ], "autoUv": false },
						"up": { "texture": "#coke", "uv": [ 0.0, 0.0, 4.0, 4.0 ], "autoUv": false },
						"down": { "texture": "#coke", "uv": [ 0.0, 0.0, 4.0, 4.0 ], "autoUv": false }
					}
				}
			]
		},
		{
			"name": "Cube2.54",
			"from": [ 8.1, -0.2, 3.3 ],
			"to": [ 8.6, 0.0481, 4.4258 ],
			"rotationOrigin": [ 7.65, 0.3686, 4.91 ],
			"rotationX": -180.0,
			"faces": {
				"north": { "texture": "#coke", "uv": [ 0.0, 0.0, 4.0, 4.0 ], "autoUv": false },
				"east": { "texture": "#coke", "uv": [ 0.0, 0.0, 4.0, 4.0 ], "autoUv": false },
				"south": { "texture": "#coke", "uv": [ 0.0, 0.0, 4.0, 4.0 ], "autoUv": false },
				"west": { "texture": "#coke", "uv": [ 0.0, 0.0, 4.0, 4.0 ], "autoUv": false },
				"up": { "texture": "#coke", "uv": [ 0.0, 0.0, 4.0, 4.0 ], "autoUv": false },
				"down": { "texture": "#coke", "uv": [ 0.0, 0.0, 4.0, 4.0 ], "autoUv": false }
			},
			"children": [
				{
					"name": "Cube2.55",
					"from": [ 0.5009, -0.2466, 0.0 ],
					"to": [ 1.0009, 0.0015, 1.1258 ],
					"rotationOrigin": [ 0.0509, -0.1226, 0.0 ],
					"faces": {
						"north": { "texture": "#material", "uv": [ 0.0, 0.0, 4.0, 4.0 ], "autoUv": false },
						"east": { "texture": "#material", "uv": [ 0.0, 0.0, 4.0, 4.0 ], "autoUv": false },
						"south": { "texture": "#material", "uv": [ 0.0, 0.0, 4.0, 4.0 ], "autoUv": false },
						"west": { "texture": "#material", "uv": [ 0.0, 0.0, 4.0, 4.0 ], "autoUv": false },
						"up": { "texture": "#material", "uv": [ 0.0, 0.0, 4.0, 4.0 ], "autoUv": false },
						"down": { "texture": "#material", "uv": [ 0.0, 0.0, 4.0, 4.0 ], "autoUv": false }
					}
				},
				{
					"name": "Cube2.56",
					"from": [ 0.0, -0.2471, 0.0 ],
					"to": [ 0.5, 0.001, 1.1258 ],
					"rotationOrigin": [ -0.45, -0.1231, 0.0 ],
					"faces": {
						"north": { "texture": "#coke", "uv": [ 0.0, 0.0, 4.0, 4.0 ], "autoUv": false },
						"east": { "texture": "#coke", "uv": [ 0.0, 0.0, 4.0, 4.0 ], "autoUv": false },
						"south": { "texture": "#coke", "uv": [ 0.0, 0.0, 4.0, 4.0 ], "autoUv": false },
						"west": { "texture": "#coke", "uv": [ 0.0, 0.0, 4.0, 4.0 ], "autoUv": false },
						"up": { "texture": "#coke", "uv": [ 0.0, 0.0, 4.0, 4.0 ], "autoUv": false },
						"down": { "texture": "#coke", "uv": [ 0.0, 0.0, 4.0, 4.0 ], "autoUv": false }
					}
				},
				{
					"name": "Cube2.57",
					"from": [ 0.0, -0.2471, 1.0991 ],
					"to": [ 0.5, 0.001, 2.2249 ],
					"rotationOrigin": [ -0.45, -0.1231, 1.0991 ],
					"faces": {
						"north": { "texture": "#coke", "uv": [ 0.0, 0.0, 4.0, 4.0 ], "autoUv": false },
						"east": { "texture": "#coke", "uv": [ 0.0, 0.0, 4.0, 4.0 ], "autoUv": false },
						"south": { "texture": "#coke", "uv": [ 0.0, 0.0, 4.0, 4.0 ], "autoUv": false },
						"west": { "texture": "#coke", "uv": [ 0.0, 0.0, 4.0, 4.0 ], "autoUv": false },
						"up": { "texture": "#coke", "uv": [ 0.0, 0.0, 4.0, 4.0 ], "autoUv": false },
						"down": { "texture": "#coke", "uv": [ 0.0, 0.0, 4.0, 4.0 ], "autoUv": false }
					}
				},
				{
					"name": "Cube2.58",
					"from": [ 0.5009, 5.0E-4, 1.0991 ],
					"to": [ 1.0009, 0.2486, 2.2249 ],
					"rotationOrigin": [ 0.0509, 0.1245, 1.0991 ],
					"faces": {
						"north": { "texture": "#coke", "uv": [ 0.0, 0.0, 4.0, 4.0 ], "autoUv": false },
						"east": { "texture": "#coke", "uv": [ 0.0, 0.0, 4.0, 4.0 ], "autoUv": false },
						"south": { "texture": "#coke", "uv": [ 0.0, 0.0, 4.0, 4.0 ], "autoUv": false },
						"west": { "texture": "#coke", "uv": [ 0.0, 0.0, 4.0, 4.0 ], "autoUv": false },
						"up": { "texture": "#coke", "uv": [ 0.0, 0.0, 4.0, 4.0 ], "autoUv": false },
						"down": { "texture": "#coke", "uv": [ 0.0, 0.0, 4.0, 4.0 ], "autoUv": false }
					}
				},
				{
					"name": "Cube2.59",
					"from": [ 0.0, 0.0, 1.0991 ],
					"to": [ 0.5, 0.2481, 2.2249 ],
					"rotationOrigin": [ -0.45, 0.1241, 1.0991 ],
					"faces": {
						"north": { "texture": "#coke", "uv": [ 0.0, 0.0, 4.0, 4.0 ], "autoUv": false },
						"east": { "texture": "#coke", "uv": [ 0.0, 0.0, 4.0, 4.0 ], "autoUv": false },
						"south": { "texture": "#coke", "uv": [ 0.0, 0.0, 4.0, 4.0 ], "autoUv": false },
						"west": { "texture": "#coke", "uv": [ 0.0, 0.0, 4.0, 4.0 ], "autoUv": false },
						"up": { "texture": "#coke", "uv": [ 0.0, 0.0, 4.0, 4.0 ], "autoUv": false },
						"down": { "texture": "#coke", "uv": [ 0.0, 0.0, 4.0, 4.0 ], "autoUv": false }
					}
				},
				{
					"name": "Cube2.102",
					"from": [ 0.0, 0.0, 3.3063 ],
					"to": [ 0.5, 0.2481, 4.4321 ],
					"rotationOrigin": [ -0.45, 0.1241, 3.3063 ],
					"faces": {
						"north": { "texture": "#coke", "uv": [ 0.0, 0.0, 4.0, 4.0 ], "autoUv": false },
						"east": { "texture": "#coke", "uv": [ 0.0, 0.0, 4.0, 4.0 ], "autoUv": false },
						"south": { "texture": "#coke", "uv": [ 0.0, 0.0, 4.0, 4.0 ], "autoUv": false },
						"west": { "texture": "#coke", "uv": [ 0.0, 0.0, 4.0, 4.0 ], "autoUv": false },
						"up": { "texture": "#coke", "uv": [ 0.0, 0.0, 4.0, 4.0 ], "autoUv": false },
						"down": { "texture": "#coke", "uv": [ 0.0, 0.0, 4.0, 4.0 ], "autoUv": false }
					}
				},
				{
					"name": "Cube2.103",
					"from": [ 0.5009, 5.0E-4, 3.3063 ],
					"to": [ 1.0009, 0.2486, 4.4321 ],
					"rotationOrigin": [ 0.0509, 0.1245, 3.3063 ],
					"faces": {
						"north": { "texture": "#coke", "uv": [ 0.0, 0.0, 4.0, 4.0 ], "autoUv": false },
						"east": { "texture": "#coke", "uv": [ 0.0, 0.0, 4.0, 4.0 ], "autoUv": false },
						"south": { "texture": "#coke", "uv": [ 0.0, 0.0, 4.0, 4.0 ], "autoUv": false },
						"west": { "texture": "#coke", "uv": [ 0.0, 0.0, 4.0, 4.0 ], "autoUv": false },
						"up": { "texture": "#coke", "uv": [ 0.0, 0.0, 4.0, 4.0 ], "autoUv": false },
						"down": { "texture": "#coke", "uv": [ 0.0, 0.0, 4.0, 4.0 ], "autoUv": false }
					}
				},
				{
					"name": "Cube2.104",
					"from": [ 0.5009, -0.2466, 3.3063 ],
					"to": [ 1.0009, 0.0015, 4.4321 ],
					"rotationOrigin": [ 0.0509, -0.1226, 3.3063 ],
					"faces": {
						"north": { "texture": "#material", "uv": [ 0.0, 0.0, 4.0, 4.0 ], "autoUv": false },
						"east": { "texture": "#material", "uv": [ 0.0, 0.0, 4.0, 4.0 ], "autoUv": false },
						"south": { "texture": "#material", "uv": [ 0.0, 0.0, 4.0, 4.0 ], "autoUv": false },
						"west": { "texture": "#material", "uv": [ 0.0, 0.0, 4.0, 4.0 ], "autoUv": false },
						"up": { "texture": "#material", "uv": [ 0.0, 0.0, 4.0, 4.0 ], "autoUv": false },
						"down": { "texture": "#material", "uv": [ 0.0, 0.0, 4.0, 4.0 ], "autoUv": false }
					}
				},
				{
					"name": "Cube2.105",
					"from": [ 0.0, -0.2471, 3.3063 ],
					"to": [ 0.5, 0.001, 4.4321 ],
					"rotationOrigin": [ -0.45, -0.1231, 3.3063 ],
					"faces": {
						"north": { "texture": "#material", "uv": [ 0.0, 0.0, 4.0, 4.0 ], "autoUv": false },
						"east": { "texture": "#material", "uv": [ 0.0, 0.0, 4.0, 4.0 ], "autoUv": false },
						"south": { "texture": "#material", "uv": [ 0.0, 0.0, 4.0, 4.0 ], "autoUv": false },
						"west": { "texture": "#material", "uv": [ 0.0, 0.0, 4.0, 4.0 ], "autoUv": false },
						"up": { "texture": "#material", "uv": [ 0.0, 0.0, 4.0, 4.0 ], "autoUv": false },
						"down": { "texture": "#material", "uv": [ 0.0, 0.0, 4.0, 4.0 ], "autoUv": false }
					}
				},
				{
					"name": "Cube2.106",
					"from": [ 0.0, -0.2471, 2.2072 ],
					"to": [ 0.5, 0.001, 3.333 ],
					"rotationOrigin": [ -0.45, -0.1231, 2.2072 ],
					"faces": {
						"north": { "texture": "#coke", "uv": [ 0.0, 0.0, 4.0, 4.0 ], "autoUv": false },
						"east": { "texture": "#coke", "uv": [ 0.0, 0.0, 4.0, 4.0 ], "autoUv": false },
						"south": { "texture": "#coke", "uv": [ 0.0, 0.0, 4.0, 4.0 ], "autoUv": false },
						"west": { "texture": "#coke", "uv": [ 0.0, 0.0, 4.0, 4.0 ], "autoUv": false },
						"up": { "texture": "#coke", "uv": [ 0.0, 0.0, 4.0, 4.0 ], "autoUv": false },
						"down": { "texture": "#coke", "uv": [ 0.0, 0.0, 4.0, 4.0 ], "autoUv": false }
					}
				},
				{
					"name": "Cube2.107",
					"from": [ 0.5009, -0.2466, 2.2072 ],
					"to": [ 1.0009, 0.0015, 3.333 ],
					"rotationOrigin": [ 0.0509, -0.1226, 2.2072 ],
					"faces": {
						"north": { "texture": "#coke", "uv": [ 0.0, 0.0, 4.0, 4.0 ], "autoUv": false },
						"east": { "texture": "#coke", "uv": [ 0.0, 0.0, 4.0, 4.0 ], "autoUv": false },
						"south": { "texture": "#coke", "uv": [ 0.0, 0.0, 4.0, 4.0 ], "autoUv": false },
						"west": { "texture": "#coke", "uv": [ 0.0, 0.0, 4.0, 4.0 ], "autoUv": false },
						"up": { "texture": "#coke", "uv": [ 0.0, 0.0, 4.0, 4.0 ], "autoUv": false },
						"down": { "texture": "#coke", "uv": [ 0.0, 0.0, 4.0, 4.0 ], "autoUv": false }
					}
				},
				{
					"name": "Cube2.108",
					"from": [ 0.5009, 5.0E-4, 2.2072 ],
					"to": [ 1.0009, 0.2486, 3.333 ],
					"rotationOrigin": [ 0.0509, 0.1245, 2.2072 ],
					"faces": {
						"north": { "texture": "#material", "uv": [ 0.0, 0.0, 4.0, 4.0 ], "autoUv": false },
						"east": { "texture": "#material", "uv": [ 0.0, 0.0, 4.0, 4.0 ], "autoUv": false },
						"south": { "texture": "#material", "uv": [ 0.0, 0.0, 4.0, 4.0 ], "autoUv": false },
						"west": { "texture": "#material", "uv": [ 0.0, 0.0, 4.0, 4.0 ], "autoUv": false },
						"up": { "texture": "#material", "uv": [ 0.0, 0.0, 4.0, 4.0 ], "autoUv": false },
						"down": { "texture": "#material", "uv": [ 0.0, 0.0, 4.0, 4.0 ], "autoUv": false }
					}
				},
				{
					"name": "Cube2.109",
					"from": [ 0.0, 0.0, 5.4881 ],
					"to": [ 0.5, 0.2481, 7.0878 ],
					"rotationOrigin": [ -0.45, 0.1241, 5.4881 ],
					"faces": {
						"north": { "texture": "#material", "uv": [ 0.0, 0.0, 4.0, 4.0 ], "autoUv": false },
						"east": { "texture": "#material", "uv": [ 0.0, 0.0, 4.0, 4.0 ], "autoUv": false },
						"south": { "texture": "#material", "uv": [ 0.0, 0.0, 4.0, 4.0 ], "autoUv": false },
						"west": { "texture": "#material", "uv": [ 0.0, 0.0, 4.0, 4.0 ], "autoUv": false },
						"up": { "texture": "#material", "uv": [ 0.0, 0.0, 4.0, 4.0 ], "autoUv": false },
						"down": { "texture": "#material", "uv": [ 0.0, 0.0, 4.0, 4.0 ], "autoUv": false }
					}
				},
				{
					"name": "Cube2.110",
					"from": [ 0.5009, 5.0E-4, 5.4881 ],
					"to": [ 1.0009, 0.2486, 7.0878 ],
					"rotationOrigin": [ 0.0509, 0.1245, 5.4881 ],
					"faces": {
						"north": { "texture": "#coke", "uv": [ 0.0, 0.0, 4.0, 4.0 ], "autoUv": false },
						"east": { "texture": "#coke", "uv": [ 0.0, 0.0, 4.0, 4.0 ], "autoUv": false },
						"south": { "texture": "#coke", "uv": [ 0.0, 0.0, 4.0, 4.0 ], "autoUv": false },
						"west": { "texture": "#coke", "uv": [ 0.0, 0.0, 4.0, 4.0 ], "autoUv": false },
						"up": { "texture": "#coke", "uv": [ 0.0, 0.0, 4.0, 4.0 ], "autoUv": false },
						"down": { "texture": "#coke", "uv": [ 0.0, 0.0, 4.0, 4.0 ], "autoUv": false }
					}
				},
				{
					"name": "Cube2.111",
					"from": [ 0.5009, -0.2466, 5.4881 ],
					"to": [ 1.0009, 0.0015, 7.0878 ],
					"rotationOrigin": [ 0.0509, -0.1226, 5.4881 ],
					"faces": {
						"north": { "texture": "#coke", "uv": [ 0.0, 0.0, 4.0, 4.0 ], "autoUv": false },
						"east": { "texture": "#coke", "uv": [ 0.0, 0.0, 4.0, 4.0 ], "autoUv": false },
						"south": { "texture": "#coke", "uv": [ 0.0, 0.0, 4.0, 4.0 ], "autoUv": false },
						"west": { "texture": "#coke", "uv": [ 0.0, 0.0, 4.0, 4.0 ], "autoUv": false },
						"up": { "texture": "#coke", "uv": [ 0.0, 0.0, 4.0, 4.0 ], "autoUv": false },
						"down": { "texture": "#coke", "uv": [ 0.0, 0.0, 4.0, 4.0 ], "autoUv": false }
					}
				},
				{
					"name": "Cube2.112",
					"from": [ 0.0, -0.2471, 5.4881 ],
					"to": [ 0.5, 0.001, 7.0878 ],
					"rotationOrigin": [ -0.45, -0.1231, 5.4881 ],
					"faces": {
						"north": { "texture": "#coke", "uv": [ 0.0, 0.0, 4.0, 4.0 ], "autoUv": false },
						"east": { "texture": "#coke", "uv": [ 0.0, 0.0, 4.0, 4.0 ], "autoUv": false },
						"south": { "texture": "#coke", "uv": [ 0.0, 0.0, 4.0, 4.0 ], "autoUv": false },
						"west": { "texture": "#coke", "uv": [ 0.0, 0.0, 4.0, 4.0 ], "autoUv": false },
						"up": { "texture": "#coke", "uv": [ 0.0, 0.0, 4.0, 4.0 ], "autoUv": false },
						"down": { "texture": "#coke", "uv": [ 0.0, 0.0, 4.0, 4.0 ], "autoUv": false }
					}
				},
				{
					"name": "Cube2.113",
					"from": [ 0.0, -0.2471, 4.3889 ],
					"to": [ 0.5, 0.001, 5.5147 ],
					"rotationOrigin": [ -0.45, -0.1231, 4.3889 ],
					"faces": {
						"north": { "texture": "#coke", "uv": [ 0.0, 0.0, 4.0, 4.0 ], "autoUv": false },
						"east": { "texture": "#coke", "uv": [ 0.0, 0.0, 4.0, 4.0 ], "autoUv": false },
						"south": { "texture": "#coke", "uv": [ 0.0, 0.0, 4.0, 4.0 ], "autoUv": false },
						"west": { "texture": "#coke", "uv": [ 0.0, 0.0, 4.0, 4.0 ], "autoUv": false },
						"up": { "texture": "#coke", "uv": [ 0.0, 0.0, 4.0, 4.0 ], "autoUv": false },
						"down": { "texture": "#coke", "uv": [ 0.0, 0.0, 4.0, 4.0 ], "autoUv": false }
					}
				},
				{
					"name": "Cube2.114",
					"from": [ 0.5009, -0.2466, 4.3889 ],
					"to": [ 1.0009, 0.0015, 5.5147 ],
					"rotationOrigin": [ 0.0509, -0.1226, 4.3889 ],
					"faces": {
						"north": { "texture": "#coke", "uv": [ 0.0, 0.0, 4.0, 4.0 ], "autoUv": false },
						"east": { "texture": "#coke", "uv": [ 0.0, 0.0, 4.0, 4.0 ], "autoUv": false },
						"south": { "texture": "#coke", "uv": [ 0.0, 0.0, 4.0, 4.0 ], "autoUv": false },
						"west": { "texture": "#coke", "uv": [ 0.0, 0.0, 4.0, 4.0 ], "autoUv": false },
						"up": { "texture": "#coke", "uv": [ 0.0, 0.0, 4.0, 4.0 ], "autoUv": false },
						"down": { "texture": "#coke", "uv": [ 0.0, 0.0, 4.0, 4.0 ], "autoUv": false }
					}
				},
				{
					"name": "Cube2.115",
					"from": [ 0.0, 0.0, 4.3889 ],
					"to": [ 0.5, 0.2481, 5.5147 ],
					"rotationOrigin": [ -0.45, 0.1241, 4.3889 ],
					"faces": {
						"north": { "texture": "#coke", "uv": [ 0.0, 0.0, 4.0, 4.0 ], "autoUv": false },
						"east": { "texture": "#coke", "uv": [ 0.0, 0.0, 4.0, 4.0 ], "autoUv": false },
						"south": { "texture": "#coke", "uv": [ 0.0, 0.0, 4.0, 4.0 ], "autoUv": false },
						"west": { "texture": "#coke", "uv": [ 0.0, 0.0, 4.0, 4.0 ], "autoUv": false },
						"up": { "texture": "#coke", "uv": [ 0.0, 0.0, 4.0, 4.0 ], "autoUv": false },
						"down": { "texture": "#coke", "uv": [ 0.0, 0.0, 4.0, 4.0 ], "autoUv": false }
					}
				},
				{
					"name": "Cube2.116",
					"from": [ 0.0, 0.0, -1.0007 ],
					"to": [ 0.5, 0.2481, 0.125 ],
					"rotationOrigin": [ -0.45, 0.1241, -1.0007 ],
					"faces": {
						"north": { "texture": "#coke", "uv": [ 0.0, 0.0, 4.0, 4.0 ], "autoUv": false },
						"east": { "texture": "#coke", "uv": [ 0.0, 0.0, 4.0, 4.0 ], "autoUv": false },
						"south": { "texture": "#coke", "uv": [ 0.0, 0.0, 4.0, 4.0 ], "autoUv": false },
						"west": { "texture": "#coke", "uv": [ 0.0, 0.0, 4.0, 4.0 ], "autoUv": false },
						"up": { "texture": "#coke", "uv": [ 0.0, 0.0, 4.0, 4.0 ], "autoUv": false },
						"down": { "texture": "#coke", "uv": [ 0.0, 0.0, 4.0, 4.0 ], "autoUv": false }
					}
				},
				{
					"name": "Cube2.117",
					"from": [ 0.5009, 5.0E-4, -1.0007 ],
					"to": [ 1.0009, 0.2486, 0.125 ],
					"rotationOrigin": [ 0.0509, 0.1245, -1.0007 ],
					"faces": {
						"north": { "texture": "#coke", "uv": [ 0.0, 0.0, 4.0, 4.0 ], "autoUv": false },
						"east": { "texture": "#coke", "uv": [ 0.0, 0.0, 4.0, 4.0 ], "autoUv": false },
						"south": { "texture": "#coke", "uv": [ 0.0, 0.0, 4.0, 4.0 ], "autoUv": false },
						"west": { "texture": "#coke", "uv": [ 0.0, 0.0, 4.0, 4.0 ], "autoUv": false },
						"up": { "texture": "#coke", "uv": [ 0.0, 0.0, 4.0, 4.0 ], "autoUv": false },
						"down": { "texture": "#coke", "uv": [ 0.0, 0.0, 4.0, 4.0 ], "autoUv": false }
					}
				},
				{
					"name": "Cube2.118",
					"from": [ 0.5009, -0.2466, -1.0007 ],
					"to": [ 1.0009, 0.0015, 0.125 ],
					"rotationOrigin": [ 0.0509, -0.1226, -1.0007 ],
					"faces": {
						"north": { "texture": "#coke", "uv": [ 0.0, 0.0, 4.0, 4.0 ], "autoUv": false },
						"east": { "texture": "#coke", "uv": [ 0.0, 0.0, 4.0, 4.0 ], "autoUv": false },
						"south": { "texture": "#coke", "uv": [ 0.0, 0.0, 4.0, 4.0 ], "autoUv": false },
						"west": { "texture": "#coke", "uv": [ 0.0, 0.0, 4.0, 4.0 ], "autoUv": false },
						"up": { "texture": "#coke", "uv": [ 0.0, 0.0, 4.0, 4.0 ], "autoUv": false },
						"down": { "texture": "#coke", "uv": [ 0.0, 0.0, 4.0, 4.0 ], "autoUv": false }
					}
				},
				{
					"name": "Cube2.119",
					"from": [ 0.0, -0.2471, -1.0007 ],
					"to": [ 0.5, 0.001, 0.125 ],
					"rotationOrigin": [ -0.45, -0.1231, -1.0007 ],
					"faces": {
						"north": { "texture": "#coke", "uv": [ 0.0, 0.0, 4.0, 4.0 ], "autoUv": false },
						"east": { "texture": "#coke", "uv": [ 0.0, 0.0, 4.0, 4.0 ], "autoUv": false },
						"south": { "texture": "#coke", "uv": [ 0.0, 0.0, 4.0, 4.0 ], "autoUv": false },
						"west": { "texture": "#coke", "uv": [ 0.0, 0.0, 4.0, 4.0 ], "autoUv": false },
						"up": { "texture": "#coke", "uv": [ 0.0, 0.0, 4.0, 4.0 ], "autoUv": false },
						"down": { "texture": "#coke", "uv": [ 0.0, 0.0, 4.0, 4.0 ], "autoUv": false }
					}
				}
			]
		}
	]}