﻿{
  "code": "edrill",
  "class": "EDrill",
  "attributes": {
    "chargable": true,
    "consume": 20,
    "handbook": {
      "groupBy": [ "edrill-*" ],
      "extraSections": [
        {
          "title": "electricalprogressiveequipment:item-handbooktitle-edrill",
          "text": "electricalprogressiveequipment:item-handbooktext-edrill"
        }
      ]
    },
    "toolrackTransform": {
      "translation": {
        "x": 0.1,
        "y": -0.66,
        "z": 0
      },
      "rotation": {
        "x": 180,
        "y": 90,
        "z": 0
      },
      "scale": 1.3
    },
    "groundStorageTransform": {
      "translation": {
        "x": 0,
        "y": 0,
        "z": 0
      },
      "rotation": {
        "x": -180,
        "y": -180,
        "z": -180
      },
      "origin": {
        "x": 0.5,
        "y": 0.2,
        "z": 0.5299
      },
      "scale": 0.9
    }
  },
  "shape": { "base": "item/electricalgdrill" },
  "durability": 1000,
  "heldTpIdleAnimation": "holdbothhandslarge",
  "heldRightReadyAnimation": "holdbothhandslarge",
  "heldTpUseAnimation": "twohandplaceblock",
  "heldTpHitAnimation": "twohandplaceblock",
  "creativeinventory": {
    "general": [ "*" ],
    "electricity": [ "*" ]
  },
  "tool": "pickaxe",
  "enabled": true,
  "miningtierbytype": {
    "*": 5
  },
  "behaviors": [
    {
      "name": "GroundStorable",
      "properties": {
        "layout": "WallHalves",
        "wallOffY": 0,
        "ctrlKey": true
      }
    }
  ],
  "miningspeedbytype": {
    "*": {
      "soil": 5,
      "sand": 5,
      "gravel": 5,
      "snow": 5,
      "ceramic": 3.25,
      "stone": 9,
      "ore": 9,
      "metal": 9,
      "ice": 4.25
    }
  },
  "attacktierbytype": {
    "*": 3
  },
  "attackpowerbytype": {
    "*": 2.0
  },
  "attackRange": 1.5,
  "fpHandTransform": {
    "translation": {
      "x": -1.09,
      "y": 0.4,
      "z": 0.2
    },
    "rotation": {
      "x": 6,
      "y": 0,
      "z": 0
    },
    "scale": 2.6
  },
  "guiTransform": {
    "rotation": {
      "x": -46,
      "y": -137,
      "z": -180
    },
    "origin": {
      "x": 0.6,
      "y": 0.1,
      "z": 0.62
    },
    "scale": 2.3
  },
  "tpHandTransform": {
    "translation": {
      "x": -0.3,
      "y": -0.35,
      "z": -0.1
    },
    "rotation": {
      "x": -80,
      "y": -172,
      "z": 101
    },
    "origin": {
      "x": 0.8,
      "y": -0.6,
      "z": -0.3
    },
    "scale": 0.86
  },
  "groundTransform": {
    "translation": {
      "x": 0,
      "y": 0,
      "z": 0
    },
    "rotation": {
      "x": -180,
      "y": 0,
      "z": -180
    },
    "origin": {
      "x": 0.5,
      "y": 0.1,
      "z": 0.5299
    },
    "scale": 4.5
  }

}