﻿[
	{
		"file": "game:itemtypes/resource/ore-graded.json",
		"op": "addmerge",
		"path": "/crushingPropsByType",
		"value": {
			"ore-poor-ilmenite-*": {
				"crushedStack": {
					"type": "item",
					"code": "nugget-ilmenite",
					"stacksize": 5
				},
				"hardnessTier": 4
			},
			"ore-medium-ilmenite-*": {
				"crushedStack": {
					"type": "item",
					"code": "nugget-ilmenite",
					"stacksize": 6
				},
				"hardnessTier": 4
			},
			"ore-rich-ilmenite-*": {
				"crushedStack": {
					"type": "item",
					"code": "nugget-ilmenite",
					"stacksize": 7
				},
				"hardnessTier": 4
			},
			"ore-bountiful-ilmenite-*": {
				"crushedStack": {
					"type": "item",
					"code": "nugget-ilmenite",
					"stacksize": 9
				},
				"hardnessTier": 4
			},

			"ore-poor-chromite-*": {
				"crushedStack": {
					"type": "item",
					"code": "nugget-chromite",
					"stacksize": 5
				},
				"hardnessTier": 4
			},
			"ore-medium-chromite-*": {
				"crushedStack": {
					"type": "item",
					"code": "nugget-chromite",
					"stacksize": 6
				},
				"hardnessTier": 4
			},
			"ore-rich-chromite-*": {
				"crushedStack": {
					"type": "item",
					"code": "nugget-chromite",
					"stacksize": 7
				},
				"hardnessTier": 4
			},
			"ore-bountiful-chromite-*": {
				"crushedStack": {
					"type": "item",
					"code": "nugget-chromite",
					"stacksize": 9
				},
				"hardnessTier": 4
			},

			"ore-poor-pentlandite-*": {
				"crushedStack": {
					"type": "item",
					"code": "nugget-pentlandite",
					"stacksize": 5
				},
				"hardnessTier": 3
			},
			"ore-medium-pentlandite-*": {
				"crushedStack": {
					"type": "item",
					"code": "nugget-pentlandite",
					"stacksize": 6
				},
				"hardnessTier": 3
			},
			"ore-rich-pentlandite-*": {
				"crushedStack": {
					"type": "item",
					"code": "nugget-pentlandite",
					"stacksize": 7
				},
				"hardnessTier": 3
			},
			"ore-bountiful-pentlandite-*": {
				"crushedStack": {
					"type": "item",
					"code": "nugget-pentlandite",
					"stacksize": 9
				},
				"hardnessTier": 3
			},

			"ore-poor-uranium-*": {
				"crushedStack": {
					"type": "item",
					"code": "nugget-uranium",
					"stacksize": 5
				},
				"hardnessTier": 4
			},
			"ore-medium-uranium-*": {
				"crushedStack": {
					"type": "item",
					"code": "nugget-uranium",
					"stacksize": 6
				},
				"hardnessTier": 4
			},
			"ore-rich-uranium-*": {
				"crushedStack": {
					"type": "item",
					"code": "nugget-uranium",
					"stacksize": 7
				},
				"hardnessTier": 4
			},
			"ore-bountiful-uranium-*": {
				"crushedStack": {
					"type": "item",
					"code": "nugget-uranium",
					"stacksize": 9
				},
				"hardnessTier": 4
			},

			"ore-poor-rhodochrosite-*": {
				"crushedStack": {
					"type": "item",
					"code": "nugget-rhodochrosite",
					"stacksize": 5
				},
				"hardnessTier": 3
			},
			"ore-medium-rhodochrosite-*": {
				"crushedStack": {
					"type": "item",
					"code": "nugget-rhodochrosite",
					"stacksize": 6
				},
				"hardnessTier": 3
			},
			"ore-rich-rhodochrosite-*": {
				"crushedStack": {
					"type": "item",
					"code": "nugget-rhodochrosite",
					"stacksize": 7
				},
				"hardnessTier": 3
			},
			"ore-bountiful-rhodochrosite-*": {
				"crushedStack": {
					"type": "item",
					"code": "nugget-rhodochrosite",
					"stacksize": 9
				},
				"hardnessTier": 3
			},

			"ore-poor-cassiterite-*": {
				"crushedStack": {
					"type": "item",
					"code": "nugget-cassiterite",
					"stacksize": 3
				},
				"hardnessTier": 2
			},
			"ore-medium-cassiterite-*": {
				"crushedStack": {
					"type": "item",
					"code": "nugget-cassiterite",
					"stacksize": 4
				},
				"hardnessTier": 2
			},
			"ore-rich-cassiterite-*": {
				"crushedStack": {
					"type": "item",
					"code": "nugget-cassiterite",
					"stacksize": 5
				},
				"hardnessTier": 2
			},
			"ore-bountiful-cassiterite-*": {
				"crushedStack": {
					"type": "item",
					"code": "nugget-cassiterite",
					"stacksize": 6
				},
				"hardnessTier": 2
			},

			"ore-poor-quartz_nativegold-*": {
				"crushedStack": {
					"type": "item",
					"code": "nugget-nativegold",
					"stacksize": 3
				},
				"hardnessTier": 2
			},
			"ore-medium-quartz_nativegold-*": {
				"crushedStack": {
					"type": "item",
					"code": "nugget-nativegold",
					"stacksize": 4
				},
				"hardnessTier": 2
			},
			"ore-rich-quartz_nativegold-*": {
				"crushedStack": {
					"type": "item",
					"code": "nugget-nativegold",
					"stacksize": 5
				},
				"hardnessTier": 2
			},
			"ore-bountiful-quartz_nativegold-*": {
				"crushedStack": {
					"type": "item",
					"code": "nugget-nativegold",
					"stacksize": 6
				},
				"hardnessTier": 2
			},

			"ore-poor-quartz_nativesilver-*": {
				"crushedStack": {
					"type": "item",
					"code": "nugget-nativesilver",
					"stacksize": 4
				},
				"hardnessTier": 2
			},
			"ore-medium-quartz_nativesilver-*": {
				"crushedStack": {
					"type": "item",
					"code": "nugget-nativesilver",
					"stacksize": 5
				},
				"hardnessTier": 2
			},
			"ore-rich-quartz_nativesilver-*": {
				"crushedStack": {
					"type": "item",
					"code": "nugget-nativesilver",
					"stacksize": 6
				},
				"hardnessTier": 2
			},
			"ore-bountiful-quartz_nativesilver-*": {
				"crushedStack": {
					"type": "item",
					"code": "nugget-nativesilver",
					"stacksize": 7
				},
				"hardnessTier": 2
			},
			"ore-poor-galena_nativesilver-*": {
				"crushedStack": {
					"type": "item",
					"code": "nugget-nativesilver",
					"stacksize": 4
				},
				"hardnessTier": 2
			},
			"ore-medium-galena_nativesilver-*": {
				"crushedStack": {
					"type": "item",
					"code": "nugget-nativesilver",
					"stacksize": 5
				},
				"hardnessTier": 2
			},

			"ore-poor-hematite-*": {
				"crushedStack": {
					"type": "item",
					"code": "nugget-hematite",
					"stacksize": 6
				},
				"hardnessTier": 3
			},
			"ore-medium-hematite-*": {
				"crushedStack": {
					"type": "item",
					"code": "nugget-hematite",
					"stacksize": 7
				},
				"hardnessTier": 3
			},
			"ore-rich-hematite-*": {
				"crushedStack": {
					"type": "item",
					"code": "nugget-hematite",
					"stacksize": 8
				},
				"hardnessTier": 3
			},
			"ore-bountiful-hematite-*": {
				"crushedStack": {
					"type": "item",
					"code": "nugget-hematite",
					"stacksize": 10
				},
				"hardnessTier": 3
			},

			"ore-poor-bismuthinite-*": {
				"crushedStack": {
					"type": "item",
					"code": "nugget-bismuthinite",
					"stacksize": 5
				},
				"hardnessTier": 2
			},
			"ore-medium-bismuthinite-*": {
				"crushedStack": {
					"type": "item",
					"code": "nugget-bismuthinite",
					"stacksize": 6
				},
				"hardnessTier": 2
			},
			"ore-rich-bismuthinite-*": {
				"crushedStack": {
					"type": "item",
					"code": "nugget-bismuthinite",
					"stacksize": 7
				},
				"hardnessTier": 2
			},
			"ore-bountiful-bismuthinite-*": {
				"crushedStack": {
					"type": "item",
					"code": "nugget-bismuthinite",
					"stacksize": 9
				},
				"hardnessTier": 2
			},

			"ore-poor-sphalerite-*": {
				"crushedStack": {
					"type": "item",
					"code": "nugget-sphalerite",
					"stacksize": 5
				},
				"hardnessTier": 2
			},
			"ore-medium-sphalerite-*": {
				"crushedStack": {
					"type": "item",
					"code": "nugget-sphalerite",
					"stacksize": 6
				},
				"hardnessTier": 2
			},
			"ore-rich-sphalerite-*": {
				"crushedStack": {
					"type": "item",
					"code": "nugget-sphalerite",
					"stacksize": 7
				},
				"hardnessTier": 2
			},
			"ore-bountiful-sphalerite-*": {
				"crushedStack": {
					"type": "item",
					"code": "nugget-sphalerite",
					"stacksize": 9
				},
				"hardnessTier": 2
			},

			"ore-poor-nativecopper-*": {
				"crushedStack": {
					"type": "item",
					"code": "nugget-nativecopper",
					"stacksize": 5
				},
				"hardnessTier": 2
			},
			"ore-medium-nativecopper-*": {
				"crushedStack": {
					"type": "item",
					"code": "nugget-nativecopper",
					"stacksize": 6
				},
				"hardnessTier": 2
			},
			"ore-rich-nativecopper-*": {
				"crushedStack": {
					"type": "item",
					"code": "nugget-nativecopper",
					"stacksize": 7
				},
				"hardnessTier": 2
			},
			"ore-bountiful-nativecopper-*": {
				"crushedStack": {
					"type": "item",
					"code": "nugget-nativecopper",
					"stacksize": 9
				},
				"hardnessTier": 2
			},

			"ore-poor-malachite-*": {
				"crushedStack": {
					"type": "item",
					"code": "nugget-malachite",
					"stacksize": 5
				},
				"hardnessTier": 2
			},
			"ore-medium-malachite-*": {
				"crushedStack": {
					"type": "item",
					"code": "nugget-malachite",
					"stacksize": 6
				},
				"hardnessTier": 2
			},
			"ore-rich-malachite-*": {
				"crushedStack": {
					"type": "item",
					"code": "nugget-malachite",
					"stacksize": 7
				},
				"hardnessTier": 2
			},
			"ore-bountiful-malachite-*": {
				"crushedStack": {
					"type": "item",
					"code": "nugget-malachite",
					"stacksize": 9
				},
				"hardnessTier": 2
			},

			"ore-poor-galena-*": {
				"crushedStack": {
					"type": "item",
					"code": "nugget-galena",
					"stacksize": 5
				},
				"hardnessTier": 2
			},
			"ore-medium-galena-*": {
				"crushedStack": {
					"type": "item",
					"code": "nugget-galena",
					"stacksize": 6
				},
				"hardnessTier": 2
			},
			"ore-rich-galena-*": {
				"crushedStack": {
					"type": "item",
					"code": "nugget-galena",
					"stacksize": 7
				},
				"hardnessTier": 2
			},
			"ore-bountiful-galena-*": {
				"crushedStack": {
					"type": "item",
					"code": "nugget-galena",
					"stacksize": 9
				},
				"hardnessTier": 2
			},

			"ore-poor-limonite-*": {
				"crushedStack": {
					"type": "item",
					"code": "nugget-limonite",
					"stacksize": 6
				},
				"hardnessTier": 3
			},
			"ore-medium-limonite-*": {
				"crushedStack": {
					"type": "item",
					"code": "nugget-limonite",
					"stacksize": 7
				},
				"hardnessTier": 3
			},
			"ore-rich-limonite-*": {
				"crushedStack": {
					"type": "item",
					"code": "nugget-limonite",
					"stacksize": 8
				},
				"hardnessTier": 3
			},
			"ore-bountiful-limonite-*": {
				"crushedStack": {
					"type": "item",
					"code": "nugget-limonite",
					"stacksize": 10
				},
				"hardnessTier": 3
			},

			"ore-poor-magnetite-*": {
				"crushedStack": {
					"type": "item",
					"code": "nugget-magnetite",
					"stacksize": 6
				},
				"hardnessTier": 3
			},
			"ore-medium-magnetite-*": {
				"crushedStack": {
					"type": "item",
					"code": "nugget-magnetite",
					"stacksize": 7
				},
				"hardnessTier": 3
			},
			"ore-rich-magnetite-*": {
				"crushedStack": {
					"type": "item",
					"code": "nugget-magnetite",
					"stacksize": 8
				},
				"hardnessTier": 3
			},
			"ore-bountiful-magnetite-*": {
				"crushedStack": {
					"type": "item",
					"code": "nugget-magnetite",
					"stacksize": 10
				},
				"hardnessTier": 3
			}
		}
	}
]
