{
	"editor": {
		"collapsedPaths": ",Root/Cube1",
		"allAngles": false,
		"entityTextureMode": false
	},
	"textureWidth": 16,
	"textureHeight": 16,
	"textureSizes": {
	},
	"textures": {
		"copper": "block/copper",
		"oak": "block/oak"
	},
	"elements": [
		{
			"name": "Cube1",
			"from": [ 5.5, -0.25, 4.5 ],
			"to": [ 10.5, 1.5, 11.5 ],
			"rotationOrigin": [ 8.0, 8.0, 8.0 ],
			"faces": {
				"north": { "texture": "#oak", "uv": [ 0.0, 0.0, 5.0, 1.5 ] },
				"east": { "texture": "#oak", "uv": [ 0.0, 0.0, 7.0, 1.5 ] },
				"south": { "texture": "#oak", "uv": [ 0.0, 0.0, 5.0, 1.5 ] },
				"west": { "texture": "#oak", "uv": [ 0.0, 0.0, 7.0, 1.5 ] },
				"up": { "texture": "#oak", "uv": [ 0.0, 0.0, 5.0, 7.0 ] },
				"down": { "texture": "#oak", "uv": [ 0.0, 0.0, 5.0, 7.0 ] }
			},
			"children": [
				{
					"name": "Cube3",
					"from": [ 2.3, 2.73, 6.0 ],
					"to": [ 2.7, 10.73, 6.7 ],
					"rotationOrigin": [ 3.0, 2.8382, 6.39 ],
					"rotationX": -67.5,
					"faces": {
						"north": { "texture": "#copper", "uv": [ 0.0, 0.0, 0.5, 8.0 ] },
						"east": { "texture": "#copper", "uv": [ 0.0, 0.0, 0.5, 8.0 ] },
						"south": { "texture": "#copper", "uv": [ 0.0, 0.0, 0.5, 8.0 ] },
						"west": { "texture": "#copper", "uv": [ 0.0, 0.0, 0.5, 8.0 ] },
						"up": { "texture": "#copper", "uv": [ 0.0, 0.0, 0.5, 0.5 ] },
						"down": { "texture": "#copper", "uv": [ 0.0, 0.0, 0.5, 0.5 ] }
					},
					"children": [
						{
							"name": "Cube4",
							"from": [ -0.3, 7.3846, -0.2619 ],
							"to": [ 0.7, 10.3846, 0.9381 ],
							"rotationOrigin": [ -2.3, 5.3846, 0.5381 ],
							"faces": {
								"north": { "texture": "#oak", "uv": [ 0.0, 0.5, 3.0, 1.5 ], "rotation": 90 },
								"east": { "texture": "#oak", "uv": [ 0.0, 0.0, 3.0, 1.0 ], "rotation": 90 },
								"south": { "texture": "#oak", "uv": [ 0.0, 0.5, 3.0, 1.5 ], "rotation": 90 },
								"west": { "texture": "#oak", "uv": [ 0.0, 0.0, 3.0, 1.0 ], "rotation": 90 },
								"up": { "texture": "#oak", "uv": [ 0.0, 10.5, 1.0, 11.5 ] },
								"down": { "texture": "#oak", "uv": [ 13.5, 9.0, 14.5, 10.0 ] }
							}
						}
					]
				},
				{
					"name": "Cube10",
					"from": [ 2.0, 1.65, 0.5 ],
					"to": [ 3.0, 2.45, 1.5 ],
					"rotationOrigin": [ 2.0, 1.0, 0.0 ],
					"faces": {
						"north": { "texture": "#copper", "uv": [ 0.0, 0.0, 1.0, 0.5 ] },
						"east": { "texture": "#copper", "uv": [ 0.0, 0.0, 1.0, 0.5 ] },
						"south": { "texture": "#copper", "uv": [ 0.0, 0.0, 1.0, 0.5 ] },
						"west": { "texture": "#copper", "uv": [ 0.0, 0.0, 1.0, 0.5 ] },
						"up": { "texture": "#copper", "uv": [ 0.0, 0.0, 1.0, 1.0 ] },
						"down": { "texture": "#copper", "uv": [ 0.0, 0.0, 1.0, 1.0 ] }
					},
					"children": [
						{
							"name": "Cube11",
							"from": [ 0.7, 0.8, 0.0 ],
							"to": [ 1.0, 1.5, 1.0 ],
							"rotationOrigin": [ 1.0, -0.14, -0.5 ],
							"faces": {
								"north": { "texture": "#copper", "uv": [ 0.0, 0.0, 0.5, 0.5 ] },
								"east": { "texture": "#copper", "uv": [ 0.0, 0.0, 1.0, 0.5 ] },
								"south": { "texture": "#copper", "uv": [ 0.0, 0.0, 0.5, 0.5 ] },
								"west": { "texture": "#copper", "uv": [ 0.0, 0.0, 1.0, 0.5 ] },
								"up": { "texture": "#copper", "uv": [ 0.0, 0.0, 0.5, 1.0 ] },
								"down": { "texture": "#copper", "uv": [ 0.0, 0.0, 0.5, 1.0 ] }
							}
						},
						{
							"name": "Cube10",
							"from": [ 0.0, 0.8, 0.0 ],
							"to": [ 0.3, 1.5, 1.0 ],
							"rotationOrigin": [ 0.0, -0.14, -0.5 ],
							"faces": {
								"north": { "texture": "#copper", "uv": [ 0.0, 0.0, 0.5, 0.5 ] },
								"east": { "texture": "#copper", "uv": [ 0.0, 0.0, 1.0, 0.5 ] },
								"south": { "texture": "#copper", "uv": [ 0.0, 0.0, 0.5, 0.5 ] },
								"west": { "texture": "#copper", "uv": [ 0.0, 0.0, 1.0, 0.5 ] },
								"up": { "texture": "#copper", "uv": [ 0.0, 0.0, 0.5, 1.0 ] },
								"down": { "texture": "#copper", "uv": [ 0.0, 0.0, 0.5, 1.0 ] }
							}
						}
					]
				},
				{
					"name": "Cube12",
					"from": [ 2.0, 1.65, 5.5 ],
					"to": [ 3.0, 2.25, 6.5 ],
					"rotationOrigin": [ 2.0, 1.0, 5.0 ],
					"faces": {
						"north": { "texture": "#copper", "uv": [ 0.0, 0.0, 1.0, 0.5 ] },
						"east": { "texture": "#copper", "uv": [ 0.0, 0.0, 1.0, 0.5 ] },
						"south": { "texture": "#copper", "uv": [ 0.0, 0.0, 1.0, 0.5 ] },
						"west": { "texture": "#copper", "uv": [ 0.0, 0.0, 1.0, 0.5 ] },
						"up": { "texture": "#copper", "uv": [ 0.0, 0.0, 1.0, 1.0 ] },
						"down": { "texture": "#copper", "uv": [ 0.0, 0.0, 1.0, 1.0 ] }
					},
					"children": [
						{
							"name": "Cube13",
							"from": [ 0.7, 0.6, 0.0 ],
							"to": [ 1.0, 1.5, 1.0 ],
							"rotationOrigin": [ 1.0, -0.14, -0.5 ],
							"faces": {
								"north": { "texture": "#copper", "uv": [ 0.0, 0.0, 0.5, 0.5 ] },
								"east": { "texture": "#copper", "uv": [ 0.0, 0.0, 1.0, 0.5 ] },
								"south": { "texture": "#copper", "uv": [ 0.0, 0.0, 0.5, 0.5 ] },
								"west": { "texture": "#copper", "uv": [ 0.0, 0.0, 1.0, 0.5 ] },
								"up": { "texture": "#copper", "uv": [ 0.0, 0.0, 0.5, 1.0 ] },
								"down": { "texture": "#copper", "uv": [ 0.0, 0.0, 0.5, 1.0 ] }
							}
						},
						{
							"name": "Cube14",
							"from": [ 0.0, 0.6, 0.0 ],
							"to": [ 0.3, 1.5, 1.0 ],
							"rotationOrigin": [ 0.0, -0.14, -0.5 ],
							"faces": {
								"north": { "texture": "#copper", "uv": [ 0.0, 0.0, 0.5, 0.5 ] },
								"east": { "texture": "#copper", "uv": [ 0.0, 0.0, 1.0, 0.5 ] },
								"south": { "texture": "#copper", "uv": [ 0.0, 0.0, 0.5, 0.5 ] },
								"west": { "texture": "#copper", "uv": [ 0.0, 0.0, 1.0, 0.5 ] },
								"up": { "texture": "#copper", "uv": [ 0.0, 0.0, 0.5, 1.0 ] },
								"down": { "texture": "#copper", "uv": [ 0.0, 0.0, 0.5, 1.0 ] }
							}
						},
						{
							"name": "Cube7",
							"from": [ -0.1, 1.1, 0.55 ],
							"to": [ 1.1, 1.3, 0.75 ],
							"rotationOrigin": [ 0.0, 1.0, 1.0 ],
							"faces": {
								"north": { "texture": "#copper", "uv": [ 0.0, 0.0, 1.0, 0.5 ] },
								"east": { "texture": "#copper", "uv": [ 11.5, 10.5, 12.0, 11.0 ] },
								"south": { "texture": "#copper", "uv": [ 0.0, 0.0, 1.0, 0.5 ] },
								"west": { "texture": "#copper", "uv": [ 11.0, 10.0, 11.5, 10.5 ] },
								"up": { "texture": "#copper", "uv": [ 0.0, 0.0, 1.0, 0.5 ] },
								"down": { "texture": "#copper", "uv": [ 0.0, 0.0, 1.0, 0.5 ] }
							}
						}
					]
				}
			]
		},
		{
			"name": "Cube5",
			"from": [ 5.0, -0.25, 4.0 ],
			"to": [ 11.0, 1.0, 12.0 ],
			"rotationOrigin": [ 8.0, 8.0, 8.0 ],
			"faces": {
				"north": { "texture": "#oak", "uv": [ 4.0, 7.0, 10.0, 8.0 ] },
				"east": { "texture": "#oak", "uv": [ 0.5, 2.5, 1.5, 10.5 ], "rotation": 90 },
				"south": { "texture": "#oak", "uv": [ 9.0, 10.5, 15.0, 11.5 ] },
				"west": { "texture": "#oak", "uv": [ 11.5, 4.5, 12.5, 12.5 ], "rotation": 90 },
				"up": { "texture": "#oak", "uv": [ 0.0, 0.5, 6.0, 8.5 ] },
				"down": { "texture": "#oak", "uv": [ 0.0, 0.0, 6.0, 8.0 ] }
			}
		},
		{
			"name": "Cube6",
			"from": [ 5.2, -0.25, 4.2 ],
			"to": [ 10.85, 1.25, 11.75 ],
			"rotationOrigin": [ 8.0, 8.0, 8.0 ],
			"faces": {
				"north": { "texture": "#oak", "uv": [ 4.5, 6.5, 10.0, 8.0 ], "windMode": [-1,-1,-1,-1] },
				"east": { "texture": "#oak", "uv": [ 0.0, 0.0, 7.5, 1.5 ], "windMode": [-1,-1,-1,-1] },
				"south": { "texture": "#oak", "uv": [ 0.0, 0.0, 5.5, 1.5 ] },
				"west": { "texture": "#oak", "uv": [ 0.0, 0.0, 7.5, 1.5 ] },
				"up": { "texture": "#oak", "uv": [ 0.0, 0.0, 5.5, 7.5 ] },
				"down": { "texture": "#oak", "uv": [ 0.0, 0.0, 5.5, 7.5 ] }
			}
		}
	]}