﻿{
	"editor": {
		"collapsedPaths": "Root/termo-generator/Dveri/Rdver,Root/termo-generator/Korpus,Root/termo-generator/Dveri/Ldver",
		"allAngles": false,
		"entityTextureMode": false
	},
	"textureWidth": 16,
	"textureHeight": 16,
	"textureSizes": {
	},
	"textures": {
		"copper": "game:block/metal/plate/copper",
		"zinc": "game:block/metal/plate/zinc",
		"zinc-sgorevshiy": "block/zinc-sgorevshiy"
	},
	"elements": [
		{
			"name": "plastini",
			"from": [ 0.0, -15.0, 0.0 ],
			"to": [ 0.0, -15.0, 0.0 ],
			"rotationOrigin": [ 8.0, -15.0, 8.0 ],
			"faces": {
				"north": { "texture": "#zinc", "uv": [ 0.0, 0.0, 0.5, 0.5 ] },
				"east": { "texture": "#zinc", "uv": [ 0.0, 0.0, 0.5, 0.5 ] },
				"south": { "texture": "#zinc", "uv": [ 0.0, 0.0, 0.5, 0.5 ] },
				"west": { "texture": "#zinc", "uv": [ 0.0, 0.0, 0.5, 0.5 ] },
				"up": { "texture": "#zinc", "uv": [ 0.0, 0.0, 0.5, 0.5 ] },
				"down": { "texture": "#zinc", "uv": [ 0.0, 0.0, 0.5, 0.5 ] }
			},
			"children": [
				{
					"name": "Cube29",
					"from": [ 7.85, 15.0, 2.0 ],
					"to": [ 8.15, 31.0, 14.0 ],
					"rotationOrigin": [ 8.0, 0.0, 8.0 ],
					"rotationX": -180.0,
					"rotationZ": -180.0,
					"faces": {
						"north": { "texture": "#zinc", "uv": [ 0.0, 0.0, 0.5, 16.0 ] },
						"east": { "texture": "#zinc", "uv": [ 0.0, 0.0, 12.0, 16.0 ] },
						"south": { "texture": "#zinc", "uv": [ 0.0, 0.0, 0.5, 16.0 ] },
						"west": { "texture": "#zinc", "uv": [ 0.0, 0.0, 12.0, 16.0 ] },
						"up": { "texture": "#zinc", "uv": [ 0.0, 0.0, 0.5, 12.0 ] },
						"down": { "texture": "#zinc", "uv": [ 0.0, 0.0, 0.5, 12.0 ] }
					}
				},
				{
					"name": "Cube36",
					"from": [ 7.85, 15.0, 2.0 ],
					"to": [ 8.15, 31.0, 14.0 ],
					"rotationOrigin": [ 8.0, 0.0, 8.0 ],
					"rotationX": -180.0,
					"rotationY": -22.5,
					"rotationZ": -180.0,
					"faces": {
						"north": { "texture": "#zinc", "uv": [ 0.0, 0.0, 0.5, 16.0 ] },
						"east": { "texture": "#zinc", "uv": [ 0.0, 0.0, 12.0, 16.0 ] },
						"south": { "texture": "#zinc", "uv": [ 0.0, 0.0, 0.5, 16.0 ] },
						"west": { "texture": "#zinc", "uv": [ 0.0, 0.0, 12.0, 16.0 ] },
						"up": { "texture": "#zinc", "uv": [ 0.0, 0.0, 0.5, 12.0 ] },
						"down": { "texture": "#zinc", "uv": [ 0.0, 0.0, 0.5, 12.0 ] }
					}
				},
				{
					"name": "Cube37",
					"from": [ 7.85, 15.0, 2.0 ],
					"to": [ 8.15, 31.0, 14.0 ],
					"rotationOrigin": [ 8.0, 0.0, 8.0 ],
					"rotationX": -180.0,
					"rotationY": -45.0,
					"rotationZ": -180.0,
					"faces": {
						"north": { "texture": "#zinc", "uv": [ 0.0, 0.0, 0.5, 16.0 ] },
						"east": { "texture": "#zinc", "uv": [ 0.0, 0.0, 12.0, 16.0 ] },
						"south": { "texture": "#zinc", "uv": [ 0.0, 0.0, 0.5, 16.0 ] },
						"west": { "texture": "#zinc", "uv": [ 0.0, 0.0, 12.0, 16.0 ] },
						"up": { "texture": "#zinc", "uv": [ 0.0, 0.0, 0.5, 12.0 ] },
						"down": { "texture": "#zinc", "uv": [ 0.0, 0.0, 0.5, 12.0 ] }
					}
				},
				{
					"name": "Cube38",
					"from": [ 7.85, 15.0, 2.0 ],
					"to": [ 8.15, 31.0, 14.0 ],
					"rotationOrigin": [ 8.0, 0.0, 8.0 ],
					"rotationX": -180.0,
					"rotationY": -67.5,
					"rotationZ": -180.0,
					"faces": {
						"north": { "texture": "#zinc", "uv": [ 0.0, 0.0, 0.5, 16.0 ] },
						"east": { "texture": "#zinc", "uv": [ 0.0, 0.0, 12.0, 16.0 ] },
						"south": { "texture": "#zinc", "uv": [ 0.0, 0.0, 0.5, 16.0 ] },
						"west": { "texture": "#zinc", "uv": [ 0.0, 0.0, 12.0, 16.0 ] },
						"up": { "texture": "#zinc", "uv": [ 0.0, 0.0, 0.5, 12.0 ] },
						"down": { "texture": "#zinc", "uv": [ 0.0, 0.0, 0.5, 12.0 ] }
					}
				},
				{
					"name": "Cube39",
					"from": [ 7.85, 15.0, 2.0 ],
					"to": [ 8.15, 31.0, 14.0 ],
					"rotationOrigin": [ 8.0, 0.0, 8.0 ],
					"rotationX": -180.0,
					"rotationY": -90.0,
					"rotationZ": -180.0,
					"faces": {
						"north": { "texture": "#zinc", "uv": [ 0.0, 0.0, 0.5, 16.0 ] },
						"east": { "texture": "#zinc", "uv": [ 0.0, 0.0, 12.0, 16.0 ] },
						"south": { "texture": "#zinc", "uv": [ 0.0, 0.0, 0.5, 16.0 ] },
						"west": { "texture": "#zinc", "uv": [ 0.0, 0.0, 12.0, 16.0 ] },
						"up": { "texture": "#zinc", "uv": [ 0.0, 0.0, 0.5, 12.0 ] },
						"down": { "texture": "#zinc", "uv": [ 0.0, 0.0, 0.5, 12.0 ] }
					}
				},
				{
					"name": "Cube40",
					"from": [ 7.85, 15.0, 2.0 ],
					"to": [ 8.15, 31.0, 14.0 ],
					"rotationOrigin": [ 8.0, 0.0, 8.0 ],
					"rotationX": -180.0,
					"rotationY": -112.5,
					"rotationZ": -180.0,
					"faces": {
						"north": { "texture": "#zinc", "uv": [ 0.0, 0.0, 0.5, 16.0 ] },
						"east": { "texture": "#zinc", "uv": [ 0.0, 0.0, 12.0, 16.0 ] },
						"south": { "texture": "#zinc", "uv": [ 0.0, 0.0, 0.5, 16.0 ] },
						"west": { "texture": "#zinc", "uv": [ 0.0, 0.0, 12.0, 16.0 ] },
						"up": { "texture": "#zinc", "uv": [ 0.0, 0.0, 0.5, 12.0 ] },
						"down": { "texture": "#zinc", "uv": [ 0.0, 0.0, 0.5, 12.0 ] }
					}
				},
				{
					"name": "Cube41",
					"from": [ 7.85, 15.0, 2.0 ],
					"to": [ 8.15, 31.0, 14.0 ],
					"rotationOrigin": [ 8.0, 0.0, 8.0 ],
					"rotationX": -180.0,
					"rotationY": -135.0,
					"rotationZ": -180.0,
					"faces": {
						"north": { "texture": "#zinc", "uv": [ 0.0, 0.0, 0.5, 16.0 ] },
						"east": { "texture": "#zinc", "uv": [ 0.0, 0.0, 12.0, 16.0 ] },
						"south": { "texture": "#zinc", "uv": [ 0.0, 0.0, 0.5, 16.0 ] },
						"west": { "texture": "#zinc", "uv": [ 0.0, 0.0, 12.0, 16.0 ] },
						"up": { "texture": "#zinc", "uv": [ 0.0, 0.0, 0.5, 12.0 ] },
						"down": { "texture": "#zinc", "uv": [ 0.0, 0.0, 0.5, 12.0 ] }
					}
				},
				{
					"name": "Cube42",
					"from": [ 7.85, 15.0, 2.0 ],
					"to": [ 8.15, 31.0, 14.0 ],
					"rotationOrigin": [ 8.0, 0.0, 8.0 ],
					"rotationX": -180.0,
					"rotationY": -157.5,
					"rotationZ": -180.0,
					"faces": {
						"north": { "texture": "#zinc", "uv": [ 0.0, 0.0, 0.5, 16.0 ] },
						"east": { "texture": "#zinc", "uv": [ 0.0, 0.0, 12.0, 16.0 ] },
						"south": { "texture": "#zinc", "uv": [ 0.0, 0.0, 0.5, 16.0 ] },
						"west": { "texture": "#zinc", "uv": [ 0.0, 0.0, 12.0, 16.0 ] },
						"up": { "texture": "#zinc", "uv": [ 0.0, 0.0, 0.5, 12.0 ] },
						"down": { "texture": "#zinc", "uv": [ 0.0, 0.0, 0.5, 12.0 ] }
					}
				}
			]
		},
		{
			"name": "Cube22",
			"from": [ 6.25, -0.49, 6.25 ],
			"to": [ 9.75, 17.01, 9.75 ],
			"rotationOrigin": [ 8.0, -5.5, 8.0 ],
			"rotationY": -45.0,
			"faces": {
				"north": { "texture": "#copper", "uv": [ 0.0, 0.0, 3.5, 16.0 ], "autoUv": false },
				"east": { "texture": "#copper", "uv": [ 0.0, 0.0, 3.5, 16.0 ], "autoUv": false },
				"south": { "texture": "#copper", "uv": [ 0.0, 0.0, 3.5, 16.0 ], "autoUv": false },
				"west": { "texture": "#copper", "uv": [ 0.0, 0.0, 3.5, 16.0 ], "autoUv": false },
				"up": { "texture": "#zinc-sgorevshiy", "uv": [ 0.0, 0.0, 3.5, 3.5 ] },
				"down": { "texture": "#copper", "uv": [ 0.0, 0.0, 3.5, 3.5 ] }
			}
		},
		{
			"name": "Cube21",
			"from": [ 6.25, -0.5, 6.25 ],
			"to": [ 9.75, 17.0, 9.75 ],
			"rotationOrigin": [ 8.0, -5.5, 8.0 ],
			"faces": {
				"north": { "texture": "#copper", "uv": [ 0.0, 0.0, 3.5, 16.0 ], "autoUv": false },
				"east": { "texture": "#copper", "uv": [ 0.0, 0.0, 3.5, 16.0 ], "autoUv": false },
				"south": { "texture": "#copper", "uv": [ 0.0, 0.0, 3.5, 16.0 ], "autoUv": false },
				"west": { "texture": "#copper", "uv": [ 0.0, 0.0, 3.5, 16.0 ], "autoUv": false },
				"up": { "texture": "#zinc-sgorevshiy", "uv": [ 0.0, 0.0, 3.5, 3.5 ] },
				"down": { "texture": "#copper", "uv": [ 0.0, 0.0, 3.5, 3.5 ] }
			}
		}
	]}