﻿{
  "code": "charger",
  "class": "BlockECharger",
  "entityClass": "BlockEntityECharger",
  "entityBehaviors": [
    {
      "name": "BEBehaviorECharger"
    },
    {
      "name": "ElectricalProgressive"
    }
  ],



  "attributes": {
    "maxConsumption": 200,
    "consume": 20,
    "voltage": 128,
    "maxCurrent": 20.0,
    "isolatedEnvironment": false,
    "isolated": true,
    "handbook": {
      "groupBy": [ "charger-*" ],
      "extraSections": [
        {
          "title": "electricalprogressiveqol:block-handbooktitle-charger",
          "text": "electricalprogressiveqol:block-handbooktext-charger"
        }
      ]
    }
  },


  "behaviors": [
    { "name": "Container" },
    {
      "name": "HorizontalOrientable",
      "properties": {
        "dropBlockFace": "south"
      }
    }
  ],


  "blockMaterial": "Stone",

  "creativeinventory": {
    "general": [ "*-disabled-south", "*-burned-south" ],
    "electricity": [ "*-disabled-south" ]
  },

  "variantgroups": [
    {
      "code": "state",
      "states": [ "disabled", "enabled", "burned" ]
    },
    {
      "code": "side",
      "loadFromProperties": "abstract/horizontalorientation"
    }
  ],




  "shapebytype": {
    "*-north": {
      "base": "block/charger/charger-{state}",
      "rotateY": 0
    },
    "*-east": {
      "base": "block/charger/charger-{state}",
      "rotateY": 270
    },
    "*-south": {
      "base": "block/charger/charger-{state}",
      "rotateY": 180
    },
    "*-west": {
      "base": "block/charger/charger-{state}",
      "rotateY": 90
    }
  },


  "replaceable": 500,
  "lightAbsorption": 0,
  "lightHsvByType": {
    "*-disabled-*": [ 0, 0, 0 ],
    "*-enabled-*": [ 7, 7, 11 ]
  },

  "resistance": 3.5,
  "sounds": {
    "walk": "game:walk/stone",
    "byTool": {
      "Pickaxe": {
        "hit": "game:block/rock-hit-pickaxe",
        "break": "game:block/rock-break-pickaxe"
      }
    }
  },
  "sideSolid": {
    "all": false
  },
  "sideOpaque": {
    "all": false
  },
  "collisionBox": {
    "x1": 0.0625,
    "y1": 0,
    "z1": 0.0625,
    "x2": 0.9375,
    "y2": 0.875,
    "z2": 0.9375
  },
  "selectionBox": {
    "x1": 0.0625,
    "y1": 0,
    "z1": 0.0625,
    "x2": 0.9375,
    "y2": 0.875,
    "z2": 0.9375
  },
  "heldTpIdleAnimation": "holdbothhandslarge",
  "heldRightReadyAnimation": "heldblockready",
  "heldTpUseAnimation": "twohandplaceblock",
  "tpHandTransform": {
    "translation": {
      "x": -1.43,
      "y": -0.91,
      "z": -0.7
    },
    "rotation": {
      "x": -2,
      "y": 25,
      "z": -78
    },
    "scale": 0.4
  }
}