{
	"editor": {
		"allAngles": false,
		"entityTextureMode": false
	},
	"textureWidth": 16,
	"textureHeight": 16,
	"textureSizes": {
	},
	"textures": {
		"copper": "block/copper",
		"oak": "block/oak",
		"steel": "block/steel",
		"zinc": "block/zinc"
	},
	"elements": [
		{
			"name": "rotor",
			"from": [ 0.0, 7.0, 6.0 ],
			"to": [ 14.0, 9.0, 10.0 ],
			"rotationOrigin": [ 8.0, 8.0, 8.0 ],
			"rotationY": -90.0,
			"faces": {
				"north": { "texture": "#oak", "uv": [ 0.0, 0.0, 14.0, 2.0 ] },
				"east": { "texture": "#oak", "uv": [ 0.0, 0.0, 4.0, 2.0 ] },
				"south": { "texture": "#oak", "uv": [ 0.0, 0.0, 14.0, 2.0 ] },
				"west": { "texture": "#oak", "uv": [ 0.0, 0.0, 4.0, 2.0 ] },
				"up": { "texture": "#oak", "uv": [ 0.0, 0.0, 14.0, 4.0 ] },
				"down": { "texture": "#oak", "uv": [ 0.0, 0.0, 14.0, 4.0 ] }
			},
			"children": [
				{
					"name": "Cube3",
					"from": [ 0.01, -1.0, 1.0 ],
					"to": [ 14.01, 3.0, 3.0 ],
					"rotationOrigin": [ 2.0, 1.0, 2.0 ],
					"faces": {
						"north": { "texture": "#oak", "uv": [ 0.0, 0.0, 14.0, 4.0 ] },
						"east": { "texture": "#oak", "uv": [ 0.0, 0.0, 2.0, 4.0 ] },
						"south": { "texture": "#oak", "uv": [ 0.0, 0.0, 14.0, 4.0 ] },
						"west": { "texture": "#oak", "uv": [ 0.0, 0.0, 2.0, 4.0 ] },
						"up": { "texture": "#oak", "uv": [ 0.0, 0.0, 14.0, 2.0 ] },
						"down": { "texture": "#oak", "uv": [ 0.0, 0.0, 14.0, 2.0 ] }
					}
				},
				{
					"name": "Cube79",
					"from": [ 2.5, 5.0, 0.5 ],
					"to": [ 13.5, 6.0, 3.5 ],
					"rotationOrigin": [ 2.0, 1.0, 2.0 ],
					"rotationX": -90.0,
					"faces": {
						"north": { "texture": "#zinc", "uv": [ 0.0, 0.0, 11.0, 1.0 ] },
						"east": { "texture": "#zinc", "uv": [ 0.0, 0.0, 3.0, 1.0 ] },
						"south": { "texture": "#zinc", "uv": [ 0.0, 0.0, 11.0, 1.0 ] },
						"west": { "texture": "#zinc", "uv": [ 0.0, 0.0, 3.0, 1.0 ] },
						"up": { "texture": "#zinc", "uv": [ 0.0, 0.0, 11.0, 3.0 ] },
						"down": { "texture": "#zinc", "uv": [ 0.0, 0.0, 11.0, 3.0 ] }
					},
					"children": [
						{
							"name": "Cube80",
							"from": [ -0.5, -0.5, -0.5 ],
							"to": [ 0.5, 1.5, 3.5 ],
							"rotationOrigin": [ 1.0, -1.0, 1.0 ],
							"faces": {
								"north": { "texture": "#zinc", "uv": [ 0.0, 0.0, 1.0, 2.0 ] },
								"east": { "texture": "#zinc", "uv": [ 0.0, 0.0, 4.0, 2.0 ] },
								"south": { "texture": "#zinc", "uv": [ 0.0, 0.0, 1.0, 2.0 ] },
								"west": { "texture": "#zinc", "uv": [ 0.0, 0.0, 4.0, 2.0 ] },
								"up": { "texture": "#zinc", "uv": [ 0.0, 0.0, 1.0, 4.0 ] },
								"down": { "texture": "#zinc", "uv": [ 0.0, 0.0, 1.0, 4.0 ] }
							}
						},
						{
							"name": "Cube81",
							"from": [ 1.5, -3.0, 1.0 ],
							"to": [ 9.5, 0.5, 2.0 ],
							"rotationOrigin": [ 1.0, -2.0, 3.5 ],
							"faces": {
								"north": { "texture": "#steel", "uv": [ 0.0, 0.0, 8.0, 3.5 ] },
								"east": { "texture": "#steel", "uv": [ 0.0, 0.0, 1.0, 3.5 ] },
								"south": { "texture": "#steel", "uv": [ 0.0, 0.0, 8.0, 3.5 ] },
								"west": { "texture": "#steel", "uv": [ 0.0, 0.0, 1.0, 3.5 ] },
								"up": { "texture": "#steel", "uv": [ 0.0, 0.0, 8.0, 1.0 ] },
								"down": { "texture": "#steel", "uv": [ 0.0, 0.0, 8.0, 1.0 ] }
							}
						},
						{
							"name": "Cube82",
							"from": [ 10.5, -0.5, -0.5 ],
							"to": [ 11.5, 1.5, 3.5 ],
							"rotationOrigin": [ 12.0, -1.0, 1.0 ],
							"faces": {
								"north": { "texture": "#zinc", "uv": [ 0.0, 0.0, 1.0, 2.0 ] },
								"east": { "texture": "#zinc", "uv": [ 0.0, 0.0, 4.0, 2.0 ] },
								"south": { "texture": "#zinc", "uv": [ 0.0, 0.0, 1.0, 2.0 ] },
								"west": { "texture": "#zinc", "uv": [ 0.0, 0.0, 4.0, 2.0 ] },
								"up": { "texture": "#zinc", "uv": [ 0.0, 0.0, 1.0, 4.0 ] },
								"down": { "texture": "#zinc", "uv": [ 0.0, 0.0, 1.0, 4.0 ] }
							}
						},
						{
							"name": "Cube83",
							"from": [ 0.6, -0.3, -0.3 ],
							"to": [ 0.9, 1.3, 3.3 ],
							"rotationOrigin": [ 2.1, -0.8, 1.2 ],
							"faces": {
								"north": { "texture": "#copper", "uv": [ 0.0, 0.0, 0.5, 1.5 ] },
								"east": { "texture": "#copper", "uv": [ 0.0, 0.0, 3.5, 1.5 ] },
								"south": { "texture": "#copper", "uv": [ 0.0, 0.0, 0.5, 1.5 ] },
								"west": { "texture": "#copper", "uv": [ 0.0, 0.0, 3.5, 1.5 ] },
								"up": { "texture": "#copper", "uv": [ 0.0, 0.0, 0.5, 3.5 ] },
								"down": { "texture": "#copper", "uv": [ 0.0, 0.0, 0.5, 3.5 ] }
							}
						},
						{
							"name": "Cube84",
							"from": [ 1.1, -0.3, -0.3 ],
							"to": [ 1.4, 1.3, 3.3 ],
							"rotationOrigin": [ 2.6, -0.8, 1.2 ],
							"faces": {
								"north": { "texture": "#copper", "uv": [ 0.0, 0.0, 0.5, 1.5 ] },
								"east": { "texture": "#copper", "uv": [ 0.0, 0.0, 3.5, 1.5 ] },
								"south": { "texture": "#copper", "uv": [ 0.0, 0.0, 0.5, 1.5 ] },
								"west": { "texture": "#copper", "uv": [ 0.0, 0.0, 3.5, 1.5 ] },
								"up": { "texture": "#copper", "uv": [ 0.0, 0.0, 0.5, 3.5 ] },
								"down": { "texture": "#copper", "uv": [ 0.0, 0.0, 0.5, 3.5 ] }
							}
						},
						{
							"name": "Cube85",
							"from": [ 1.6, -0.3, -0.3 ],
							"to": [ 1.9, 1.3, 3.3 ],
							"rotationOrigin": [ 3.1, -0.8, 1.2 ],
							"faces": {
								"north": { "texture": "#copper", "uv": [ 0.0, 0.0, 0.5, 1.5 ] },
								"east": { "texture": "#copper", "uv": [ 0.0, 0.0, 3.5, 1.5 ] },
								"south": { "texture": "#copper", "uv": [ 0.0, 0.0, 0.5, 1.5 ] },
								"west": { "texture": "#copper", "uv": [ 0.0, 0.0, 3.5, 1.5 ] },
								"up": { "texture": "#copper", "uv": [ 0.0, 0.0, 0.5, 3.5 ] },
								"down": { "texture": "#copper", "uv": [ 0.0, 0.0, 0.5, 3.5 ] }
							}
						},
						{
							"name": "Cube86",
							"from": [ 2.1, -0.3, -0.3 ],
							"to": [ 2.4, 1.3, 3.3 ],
							"rotationOrigin": [ 3.6, -0.8, 1.2 ],
							"faces": {
								"north": { "texture": "#copper", "uv": [ 0.0, 0.0, 0.5, 1.5 ] },
								"east": { "texture": "#copper", "uv": [ 0.0, 0.0, 3.5, 1.5 ] },
								"south": { "texture": "#copper", "uv": [ 0.0, 0.0, 0.5, 1.5 ] },
								"west": { "texture": "#copper", "uv": [ 0.0, 0.0, 3.5, 1.5 ] },
								"up": { "texture": "#copper", "uv": [ 0.0, 0.0, 0.5, 3.5 ] },
								"down": { "texture": "#copper", "uv": [ 0.0, 0.0, 0.5, 3.5 ] }
							}
						},
						{
							"name": "Cube87",
							"from": [ 2.6, -0.3, -0.3 ],
							"to": [ 2.9, 1.3, 3.3 ],
							"rotationOrigin": [ 4.1, -0.8, 1.2 ],
							"faces": {
								"north": { "texture": "#copper", "uv": [ 0.0, 0.0, 0.5, 1.5 ] },
								"east": { "texture": "#copper", "uv": [ 0.0, 0.0, 3.5, 1.5 ] },
								"south": { "texture": "#copper", "uv": [ 0.0, 0.0, 0.5, 1.5 ] },
								"west": { "texture": "#copper", "uv": [ 0.0, 0.0, 3.5, 1.5 ] },
								"up": { "texture": "#copper", "uv": [ 0.0, 0.0, 0.5, 3.5 ] },
								"down": { "texture": "#copper", "uv": [ 0.0, 0.0, 0.5, 3.5 ] }
							}
						},
						{
							"name": "Cube88",
							"from": [ 3.1, -0.3, -0.3 ],
							"to": [ 3.4, 1.3, 3.3 ],
							"rotationOrigin": [ 4.6, -0.8, 1.2 ],
							"faces": {
								"north": { "texture": "#copper", "uv": [ 0.0, 0.0, 0.5, 1.5 ] },
								"east": { "texture": "#copper", "uv": [ 0.0, 0.0, 3.5, 1.5 ] },
								"south": { "texture": "#copper", "uv": [ 0.0, 0.0, 0.5, 1.5 ] },
								"west": { "texture": "#copper", "uv": [ 0.0, 0.0, 3.5, 1.5 ] },
								"up": { "texture": "#copper", "uv": [ 0.0, 0.0, 0.5, 3.5 ] },
								"down": { "texture": "#copper", "uv": [ 0.0, 0.0, 0.5, 3.5 ] }
							}
						},
						{
							"name": "Cube89",
							"from": [ 3.6, -0.3, -0.3 ],
							"to": [ 3.9, 1.3, 3.3 ],
							"rotationOrigin": [ 5.1, -0.8, 1.2 ],
							"faces": {
								"north": { "texture": "#copper", "uv": [ 0.0, 0.0, 0.5, 1.5 ] },
								"east": { "texture": "#copper", "uv": [ 0.0, 0.0, 3.5, 1.5 ] },
								"south": { "texture": "#copper", "uv": [ 0.0, 0.0, 0.5, 1.5 ] },
								"west": { "texture": "#copper", "uv": [ 0.0, 0.0, 3.5, 1.5 ] },
								"up": { "texture": "#copper", "uv": [ 0.0, 0.0, 0.5, 3.5 ] },
								"down": { "texture": "#copper", "uv": [ 0.0, 0.0, 0.5, 3.5 ] }
							}
						},
						{
							"name": "Cube90",
							"from": [ 4.1, -0.3, -0.3 ],
							"to": [ 4.4, 1.3, 3.3 ],
							"rotationOrigin": [ 5.6, -0.8, 1.2 ],
							"faces": {
								"north": { "texture": "#copper", "uv": [ 0.0, 0.0, 0.5, 1.5 ] },
								"east": { "texture": "#copper", "uv": [ 0.0, 0.0, 3.5, 1.5 ] },
								"south": { "texture": "#copper", "uv": [ 0.0, 0.0, 0.5, 1.5 ] },
								"west": { "texture": "#copper", "uv": [ 0.0, 0.0, 3.5, 1.5 ] },
								"up": { "texture": "#copper", "uv": [ 0.0, 0.0, 0.5, 3.5 ] },
								"down": { "texture": "#copper", "uv": [ 0.0, 0.0, 0.5, 3.5 ] }
							}
						},
						{
							"name": "Cube91",
							"from": [ 4.6, -0.3, -0.3 ],
							"to": [ 4.9, 1.3, 3.3 ],
							"rotationOrigin": [ 6.1, -0.8, 1.2 ],
							"faces": {
								"north": { "texture": "#copper", "uv": [ 0.0, 0.0, 0.5, 1.5 ] },
								"east": { "texture": "#copper", "uv": [ 0.0, 0.0, 3.5, 1.5 ] },
								"south": { "texture": "#copper", "uv": [ 0.0, 0.0, 0.5, 1.5 ] },
								"west": { "texture": "#copper", "uv": [ 0.0, 0.0, 3.5, 1.5 ] },
								"up": { "texture": "#copper", "uv": [ 0.0, 0.0, 0.5, 3.5 ] },
								"down": { "texture": "#copper", "uv": [ 0.0, 0.0, 0.5, 3.5 ] }
							}
						},
						{
							"name": "Cube92",
							"from": [ 5.1, -0.3, -0.3 ],
							"to": [ 5.4, 1.3, 3.3 ],
							"rotationOrigin": [ 6.6, -0.8, 1.2 ],
							"faces": {
								"north": { "texture": "#copper", "uv": [ 0.0, 0.0, 0.5, 1.5 ] },
								"east": { "texture": "#copper", "uv": [ 0.0, 0.0, 3.5, 1.5 ] },
								"south": { "texture": "#copper", "uv": [ 0.0, 0.0, 0.5, 1.5 ] },
								"west": { "texture": "#copper", "uv": [ 0.0, 0.0, 3.5, 1.5 ] },
								"up": { "texture": "#copper", "uv": [ 0.0, 0.0, 0.5, 3.5 ] },
								"down": { "texture": "#copper", "uv": [ 0.0, 0.0, 0.5, 3.5 ] }
							}
						},
						{
							"name": "Cube93",
							"from": [ 5.6, -0.3, -0.3 ],
							"to": [ 5.9, 1.3, 3.3 ],
							"rotationOrigin": [ 7.1, -0.8, 1.2 ],
							"faces": {
								"north": { "texture": "#copper", "uv": [ 0.0, 0.0, 0.5, 1.5 ] },
								"east": { "texture": "#copper", "uv": [ 0.0, 0.0, 3.5, 1.5 ] },
								"south": { "texture": "#copper", "uv": [ 0.0, 0.0, 0.5, 1.5 ] },
								"west": { "texture": "#copper", "uv": [ 0.0, 0.0, 3.5, 1.5 ] },
								"up": { "texture": "#copper", "uv": [ 0.0, 0.0, 0.5, 3.5 ] },
								"down": { "texture": "#copper", "uv": [ 0.0, 0.0, 0.5, 3.5 ] }
							}
						},
						{
							"name": "Cube94",
							"from": [ 6.1, -0.3, -0.3 ],
							"to": [ 6.4, 1.3, 3.3 ],
							"rotationOrigin": [ 7.6, -0.8, 1.2 ],
							"faces": {
								"north": { "texture": "#copper", "uv": [ 0.0, 0.0, 0.5, 1.5 ] },
								"east": { "texture": "#copper", "uv": [ 0.0, 0.0, 3.5, 1.5 ] },
								"south": { "texture": "#copper", "uv": [ 0.0, 0.0, 0.5, 1.5 ] },
								"west": { "texture": "#copper", "uv": [ 0.0, 0.0, 3.5, 1.5 ] },
								"up": { "texture": "#copper", "uv": [ 0.0, 0.0, 0.5, 3.5 ] },
								"down": { "texture": "#copper", "uv": [ 0.0, 0.0, 0.5, 3.5 ] }
							}
						},
						{
							"name": "Cube95",
							"from": [ 6.6, -0.3, -0.3 ],
							"to": [ 6.9, 1.3, 3.3 ],
							"rotationOrigin": [ 8.1, -0.8, 1.2 ],
							"faces": {
								"north": { "texture": "#copper", "uv": [ 0.0, 0.0, 0.5, 1.5 ] },
								"east": { "texture": "#copper", "uv": [ 0.0, 0.0, 3.5, 1.5 ] },
								"south": { "texture": "#copper", "uv": [ 0.0, 0.0, 0.5, 1.5 ] },
								"west": { "texture": "#copper", "uv": [ 0.0, 0.0, 3.5, 1.5 ] },
								"up": { "texture": "#copper", "uv": [ 0.0, 0.0, 0.5, 3.5 ] },
								"down": { "texture": "#copper", "uv": [ 0.0, 0.0, 0.5, 3.5 ] }
							}
						},
						{
							"name": "Cube96",
							"from": [ 7.1, -0.3, -0.3 ],
							"to": [ 7.4, 1.3, 3.3 ],
							"rotationOrigin": [ 8.6, -0.8, 1.2 ],
							"faces": {
								"north": { "texture": "#copper", "uv": [ 0.0, 0.0, 0.5, 1.5 ] },
								"east": { "texture": "#copper", "uv": [ 0.0, 0.0, 3.5, 1.5 ] },
								"south": { "texture": "#copper", "uv": [ 0.0, 0.0, 0.5, 1.5 ] },
								"west": { "texture": "#copper", "uv": [ 0.0, 0.0, 3.5, 1.5 ] },
								"up": { "texture": "#copper", "uv": [ 0.0, 0.0, 0.5, 3.5 ] },
								"down": { "texture": "#copper", "uv": [ 0.0, 0.0, 0.5, 3.5 ] }
							}
						},
						{
							"name": "Cube97",
							"from": [ 7.6, -0.3, -0.3 ],
							"to": [ 7.9, 1.3, 3.3 ],
							"rotationOrigin": [ 9.1, -0.8, 1.2 ],
							"faces": {
								"north": { "texture": "#copper", "uv": [ 0.0, 0.0, 0.5, 1.5 ] },
								"east": { "texture": "#copper", "uv": [ 0.0, 0.0, 3.5, 1.5 ] },
								"south": { "texture": "#copper", "uv": [ 0.0, 0.0, 0.5, 1.5 ] },
								"west": { "texture": "#copper", "uv": [ 0.0, 0.0, 3.5, 1.5 ] },
								"up": { "texture": "#copper", "uv": [ 0.0, 0.0, 0.5, 3.5 ] },
								"down": { "texture": "#copper", "uv": [ 0.0, 0.0, 0.5, 3.5 ] }
							}
						},
						{
							"name": "Cube98",
							"from": [ 8.1, -0.3, -0.3 ],
							"to": [ 8.4, 1.3, 3.3 ],
							"rotationOrigin": [ 9.6, -0.8, 1.2 ],
							"faces": {
								"north": { "texture": "#copper", "uv": [ 0.0, 0.0, 0.5, 1.5 ] },
								"east": { "texture": "#copper", "uv": [ 0.0, 0.0, 3.5, 1.5 ] },
								"south": { "texture": "#copper", "uv": [ 0.0, 0.0, 0.5, 1.5 ] },
								"west": { "texture": "#copper", "uv": [ 0.0, 0.0, 3.5, 1.5 ] },
								"up": { "texture": "#copper", "uv": [ 0.0, 0.0, 0.5, 3.5 ] },
								"down": { "texture": "#copper", "uv": [ 0.0, 0.0, 0.5, 3.5 ] }
							}
						},
						{
							"name": "Cube99",
							"from": [ 8.6, -0.3, -0.3 ],
							"to": [ 8.9, 1.3, 3.3 ],
							"rotationOrigin": [ 10.1, -0.8, 1.2 ],
							"faces": {
								"north": { "texture": "#copper", "uv": [ 0.0, 0.0, 0.5, 1.5 ] },
								"east": { "texture": "#copper", "uv": [ 0.0, 0.0, 3.5, 1.5 ] },
								"south": { "texture": "#copper", "uv": [ 0.0, 0.0, 0.5, 1.5 ] },
								"west": { "texture": "#copper", "uv": [ 0.0, 0.0, 3.5, 1.5 ] },
								"up": { "texture": "#copper", "uv": [ 0.0, 0.0, 0.5, 3.5 ] },
								"down": { "texture": "#copper", "uv": [ 0.0, 0.0, 0.5, 3.5 ] }
							}
						},
						{
							"name": "Cube100",
							"from": [ 9.1, -0.3, -0.3 ],
							"to": [ 9.4, 1.3, 3.3 ],
							"rotationOrigin": [ 10.6, -0.8, 1.2 ],
							"faces": {
								"north": { "texture": "#copper", "uv": [ 0.0, 0.0, 0.5, 1.5 ] },
								"east": { "texture": "#copper", "uv": [ 0.0, 0.0, 3.5, 1.5 ] },
								"south": { "texture": "#copper", "uv": [ 0.0, 0.0, 0.5, 1.5 ] },
								"west": { "texture": "#copper", "uv": [ 0.0, 0.0, 3.5, 1.5 ] },
								"up": { "texture": "#copper", "uv": [ 0.0, 0.0, 0.5, 3.5 ] },
								"down": { "texture": "#copper", "uv": [ 0.0, 0.0, 0.5, 3.5 ] }
							}
						},
						{
							"name": "Cube101",
							"from": [ 9.6, -0.3, -0.3 ],
							"to": [ 9.9, 1.3, 3.3 ],
							"rotationOrigin": [ 11.1, -0.8, 1.2 ],
							"faces": {
								"north": { "texture": "#copper", "uv": [ 0.0, 0.0, 0.5, 1.5 ] },
								"east": { "texture": "#copper", "uv": [ 0.0, 0.0, 3.5, 1.5 ] },
								"south": { "texture": "#copper", "uv": [ 0.0, 0.0, 0.5, 1.5 ] },
								"west": { "texture": "#copper", "uv": [ 0.0, 0.0, 3.5, 1.5 ] },
								"up": { "texture": "#copper", "uv": [ 0.0, 0.0, 0.5, 3.5 ] },
								"down": { "texture": "#copper", "uv": [ 0.0, 0.0, 0.5, 3.5 ] }
							}
						},
						{
							"name": "Cube102",
							"from": [ 10.1, -0.3, -0.3 ],
							"to": [ 10.4, 1.3, 3.3 ],
							"rotationOrigin": [ 11.6, -0.8, 1.2 ],
							"faces": {
								"north": { "texture": "#copper", "uv": [ 0.0, 0.0, 0.5, 1.5 ] },
								"east": { "texture": "#copper", "uv": [ 0.0, 0.0, 3.5, 1.5 ] },
								"south": { "texture": "#copper", "uv": [ 0.0, 0.0, 0.5, 1.5 ] },
								"west": { "texture": "#copper", "uv": [ 0.0, 0.0, 3.5, 1.5 ] },
								"up": { "texture": "#copper", "uv": [ 0.0, 0.0, 0.5, 3.5 ] },
								"down": { "texture": "#copper", "uv": [ 0.0, 0.0, 0.5, 3.5 ] }
							}
						}
					]
				},
				{
					"name": "Cube103",
					"from": [ 2.5, 5.0, 0.5 ],
					"to": [ 13.5, 6.0, 3.5 ],
					"rotationOrigin": [ 2.0, 1.0, 2.0 ],
					"faces": {
						"north": { "texture": "#zinc", "uv": [ 0.0, 0.0, 11.0, 1.0 ] },
						"east": { "texture": "#zinc", "uv": [ 0.0, 0.0, 3.0, 1.0 ] },
						"south": { "texture": "#zinc", "uv": [ 0.0, 0.0, 11.0, 1.0 ] },
						"west": { "texture": "#zinc", "uv": [ 0.0, 0.0, 3.0, 1.0 ] },
						"up": { "texture": "#zinc", "uv": [ 0.0, 0.0, 11.0, 3.0 ] },
						"down": { "texture": "#zinc", "uv": [ 0.0, 0.0, 11.0, 3.0 ] }
					},
					"children": [
						{
							"name": "Cube104",
							"from": [ -0.5, -0.5, -0.5 ],
							"to": [ 0.5, 1.5, 3.5 ],
							"rotationOrigin": [ 1.0, -1.0, 1.0 ],
							"faces": {
								"north": { "texture": "#zinc", "uv": [ 0.0, 0.0, 1.0, 2.0 ] },
								"east": { "texture": "#zinc", "uv": [ 0.0, 0.0, 4.0, 2.0 ] },
								"south": { "texture": "#zinc", "uv": [ 0.0, 0.0, 1.0, 2.0 ] },
								"west": { "texture": "#zinc", "uv": [ 0.0, 0.0, 4.0, 2.0 ] },
								"up": { "texture": "#zinc", "uv": [ 0.0, 0.0, 1.0, 4.0 ] },
								"down": { "texture": "#zinc", "uv": [ 0.0, 0.0, 1.0, 4.0 ] }
							}
						},
						{
							"name": "Cube105",
							"from": [ 1.5, -3.0, 1.0 ],
							"to": [ 9.5, 0.5, 2.0 ],
							"rotationOrigin": [ 1.0, -2.0, 3.5 ],
							"faces": {
								"north": { "texture": "#steel", "uv": [ 0.0, 0.0, 8.0, 3.5 ] },
								"east": { "texture": "#steel", "uv": [ 0.0, 0.0, 1.0, 3.5 ] },
								"south": { "texture": "#steel", "uv": [ 0.0, 0.0, 8.0, 3.5 ] },
								"west": { "texture": "#steel", "uv": [ 0.0, 0.0, 1.0, 3.5 ] },
								"up": { "texture": "#steel", "uv": [ 0.0, 0.0, 8.0, 1.0 ] },
								"down": { "texture": "#steel", "uv": [ 0.0, 0.0, 8.0, 1.0 ] }
							}
						},
						{
							"name": "Cube106",
							"from": [ 10.5, -0.5, -0.5 ],
							"to": [ 11.5, 1.5, 3.5 ],
							"rotationOrigin": [ 12.0, -1.0, 1.0 ],
							"faces": {
								"north": { "texture": "#zinc", "uv": [ 0.0, 0.0, 1.0, 2.0 ] },
								"east": { "texture": "#zinc", "uv": [ 0.0, 0.0, 4.0, 2.0 ] },
								"south": { "texture": "#zinc", "uv": [ 0.0, 0.0, 1.0, 2.0 ] },
								"west": { "texture": "#zinc", "uv": [ 0.0, 0.0, 4.0, 2.0 ] },
								"up": { "texture": "#zinc", "uv": [ 0.0, 0.0, 1.0, 4.0 ] },
								"down": { "texture": "#zinc", "uv": [ 0.0, 0.0, 1.0, 4.0 ] }
							}
						},
						{
							"name": "Cube107",
							"from": [ 0.6, -0.3, -0.3 ],
							"to": [ 0.9, 1.3, 3.3 ],
							"rotationOrigin": [ 2.1, -0.8, 1.2 ],
							"faces": {
								"north": { "texture": "#copper", "uv": [ 0.0, 0.0, 0.5, 1.5 ] },
								"east": { "texture": "#copper", "uv": [ 0.0, 0.0, 3.5, 1.5 ] },
								"south": { "texture": "#copper", "uv": [ 0.0, 0.0, 0.5, 1.5 ] },
								"west": { "texture": "#copper", "uv": [ 0.0, 0.0, 3.5, 1.5 ] },
								"up": { "texture": "#copper", "uv": [ 0.0, 0.0, 0.5, 3.5 ] },
								"down": { "texture": "#copper", "uv": [ 0.0, 0.0, 0.5, 3.5 ] }
							}
						},
						{
							"name": "Cube108",
							"from": [ 1.1, -0.3, -0.3 ],
							"to": [ 1.4, 1.3, 3.3 ],
							"rotationOrigin": [ 2.6, -0.8, 1.2 ],
							"faces": {
								"north": { "texture": "#copper", "uv": [ 0.0, 0.0, 0.5, 1.5 ] },
								"east": { "texture": "#copper", "uv": [ 0.0, 0.0, 3.5, 1.5 ] },
								"south": { "texture": "#copper", "uv": [ 0.0, 0.0, 0.5, 1.5 ] },
								"west": { "texture": "#copper", "uv": [ 0.0, 0.0, 3.5, 1.5 ] },
								"up": { "texture": "#copper", "uv": [ 0.0, 0.0, 0.5, 3.5 ] },
								"down": { "texture": "#copper", "uv": [ 0.0, 0.0, 0.5, 3.5 ] }
							}
						},
						{
							"name": "Cube109",
							"from": [ 1.6, -0.3, -0.3 ],
							"to": [ 1.9, 1.3, 3.3 ],
							"rotationOrigin": [ 3.1, -0.8, 1.2 ],
							"faces": {
								"north": { "texture": "#copper", "uv": [ 0.0, 0.0, 0.5, 1.5 ] },
								"east": { "texture": "#copper", "uv": [ 0.0, 0.0, 3.5, 1.5 ] },
								"south": { "texture": "#copper", "uv": [ 0.0, 0.0, 0.5, 1.5 ] },
								"west": { "texture": "#copper", "uv": [ 0.0, 0.0, 3.5, 1.5 ] },
								"up": { "texture": "#copper", "uv": [ 0.0, 0.0, 0.5, 3.5 ] },
								"down": { "texture": "#copper", "uv": [ 0.0, 0.0, 0.5, 3.5 ] }
							}
						},
						{
							"name": "Cube110",
							"from": [ 2.1, -0.3, -0.3 ],
							"to": [ 2.4, 1.3, 3.3 ],
							"rotationOrigin": [ 3.6, -0.8, 1.2 ],
							"faces": {
								"north": { "texture": "#copper", "uv": [ 0.0, 0.0, 0.5, 1.5 ] },
								"east": { "texture": "#copper", "uv": [ 0.0, 0.0, 3.5, 1.5 ] },
								"south": { "texture": "#copper", "uv": [ 0.0, 0.0, 0.5, 1.5 ] },
								"west": { "texture": "#copper", "uv": [ 0.0, 0.0, 3.5, 1.5 ] },
								"up": { "texture": "#copper", "uv": [ 0.0, 0.0, 0.5, 3.5 ] },
								"down": { "texture": "#copper", "uv": [ 0.0, 0.0, 0.5, 3.5 ] }
							}
						},
						{
							"name": "Cube111",
							"from": [ 2.6, -0.3, -0.3 ],
							"to": [ 2.9, 1.3, 3.3 ],
							"rotationOrigin": [ 4.1, -0.8, 1.2 ],
							"faces": {
								"north": { "texture": "#copper", "uv": [ 0.0, 0.0, 0.5, 1.5 ] },
								"east": { "texture": "#copper", "uv": [ 0.0, 0.0, 3.5, 1.5 ] },
								"south": { "texture": "#copper", "uv": [ 0.0, 0.0, 0.5, 1.5 ] },
								"west": { "texture": "#copper", "uv": [ 0.0, 0.0, 3.5, 1.5 ] },
								"up": { "texture": "#copper", "uv": [ 0.0, 0.0, 0.5, 3.5 ] },
								"down": { "texture": "#copper", "uv": [ 0.0, 0.0, 0.5, 3.5 ] }
							}
						},
						{
							"name": "Cube112",
							"from": [ 3.1, -0.3, -0.3 ],
							"to": [ 3.4, 1.3, 3.3 ],
							"rotationOrigin": [ 4.6, -0.8, 1.2 ],
							"faces": {
								"north": { "texture": "#copper", "uv": [ 0.0, 0.0, 0.5, 1.5 ] },
								"east": { "texture": "#copper", "uv": [ 0.0, 0.0, 3.5, 1.5 ] },
								"south": { "texture": "#copper", "uv": [ 0.0, 0.0, 0.5, 1.5 ] },
								"west": { "texture": "#copper", "uv": [ 0.0, 0.0, 3.5, 1.5 ] },
								"up": { "texture": "#copper", "uv": [ 0.0, 0.0, 0.5, 3.5 ] },
								"down": { "texture": "#copper", "uv": [ 0.0, 0.0, 0.5, 3.5 ] }
							}
						},
						{
							"name": "Cube113",
							"from": [ 3.6, -0.3, -0.3 ],
							"to": [ 3.9, 1.3, 3.3 ],
							"rotationOrigin": [ 5.1, -0.8, 1.2 ],
							"faces": {
								"north": { "texture": "#copper", "uv": [ 0.0, 0.0, 0.5, 1.5 ] },
								"east": { "texture": "#copper", "uv": [ 0.0, 0.0, 3.5, 1.5 ] },
								"south": { "texture": "#copper", "uv": [ 0.0, 0.0, 0.5, 1.5 ] },
								"west": { "texture": "#copper", "uv": [ 0.0, 0.0, 3.5, 1.5 ] },
								"up": { "texture": "#copper", "uv": [ 0.0, 0.0, 0.5, 3.5 ] },
								"down": { "texture": "#copper", "uv": [ 0.0, 0.0, 0.5, 3.5 ] }
							}
						},
						{
							"name": "Cube114",
							"from": [ 4.1, -0.3, -0.3 ],
							"to": [ 4.4, 1.3, 3.3 ],
							"rotationOrigin": [ 5.6, -0.8, 1.2 ],
							"faces": {
								"north": { "texture": "#copper", "uv": [ 0.0, 0.0, 0.5, 1.5 ] },
								"east": { "texture": "#copper", "uv": [ 0.0, 0.0, 3.5, 1.5 ] },
								"south": { "texture": "#copper", "uv": [ 0.0, 0.0, 0.5, 1.5 ] },
								"west": { "texture": "#copper", "uv": [ 0.0, 0.0, 3.5, 1.5 ] },
								"up": { "texture": "#copper", "uv": [ 0.0, 0.0, 0.5, 3.5 ] },
								"down": { "texture": "#copper", "uv": [ 0.0, 0.0, 0.5, 3.5 ] }
							}
						},
						{
							"name": "Cube115",
							"from": [ 4.6, -0.3, -0.3 ],
							"to": [ 4.9, 1.3, 3.3 ],
							"rotationOrigin": [ 6.1, -0.8, 1.2 ],
							"faces": {
								"north": { "texture": "#copper", "uv": [ 0.0, 0.0, 0.5, 1.5 ] },
								"east": { "texture": "#copper", "uv": [ 0.0, 0.0, 3.5, 1.5 ] },
								"south": { "texture": "#copper", "uv": [ 0.0, 0.0, 0.5, 1.5 ] },
								"west": { "texture": "#copper", "uv": [ 0.0, 0.0, 3.5, 1.5 ] },
								"up": { "texture": "#copper", "uv": [ 0.0, 0.0, 0.5, 3.5 ] },
								"down": { "texture": "#copper", "uv": [ 0.0, 0.0, 0.5, 3.5 ] }
							}
						},
						{
							"name": "Cube116",
							"from": [ 5.1, -0.3, -0.3 ],
							"to": [ 5.4, 1.3, 3.3 ],
							"rotationOrigin": [ 6.6, -0.8, 1.2 ],
							"faces": {
								"north": { "texture": "#copper", "uv": [ 0.0, 0.0, 0.5, 1.5 ] },
								"east": { "texture": "#copper", "uv": [ 0.0, 0.0, 3.5, 1.5 ] },
								"south": { "texture": "#copper", "uv": [ 0.0, 0.0, 0.5, 1.5 ] },
								"west": { "texture": "#copper", "uv": [ 0.0, 0.0, 3.5, 1.5 ] },
								"up": { "texture": "#copper", "uv": [ 0.0, 0.0, 0.5, 3.5 ] },
								"down": { "texture": "#copper", "uv": [ 0.0, 0.0, 0.5, 3.5 ] }
							}
						},
						{
							"name": "Cube117",
							"from": [ 5.6, -0.3, -0.3 ],
							"to": [ 5.9, 1.3, 3.3 ],
							"rotationOrigin": [ 7.1, -0.8, 1.2 ],
							"faces": {
								"north": { "texture": "#copper", "uv": [ 0.0, 0.0, 0.5, 1.5 ] },
								"east": { "texture": "#copper", "uv": [ 0.0, 0.0, 3.5, 1.5 ] },
								"south": { "texture": "#copper", "uv": [ 0.0, 0.0, 0.5, 1.5 ] },
								"west": { "texture": "#copper", "uv": [ 0.0, 0.0, 3.5, 1.5 ] },
								"up": { "texture": "#copper", "uv": [ 0.0, 0.0, 0.5, 3.5 ] },
								"down": { "texture": "#copper", "uv": [ 0.0, 0.0, 0.5, 3.5 ] }
							}
						},
						{
							"name": "Cube118",
							"from": [ 6.1, -0.3, -0.3 ],
							"to": [ 6.4, 1.3, 3.3 ],
							"rotationOrigin": [ 7.6, -0.8, 1.2 ],
							"faces": {
								"north": { "texture": "#copper", "uv": [ 0.0, 0.0, 0.5, 1.5 ] },
								"east": { "texture": "#copper", "uv": [ 0.0, 0.0, 3.5, 1.5 ] },
								"south": { "texture": "#copper", "uv": [ 0.0, 0.0, 0.5, 1.5 ] },
								"west": { "texture": "#copper", "uv": [ 0.0, 0.0, 3.5, 1.5 ] },
								"up": { "texture": "#copper", "uv": [ 0.0, 0.0, 0.5, 3.5 ] },
								"down": { "texture": "#copper", "uv": [ 0.0, 0.0, 0.5, 3.5 ] }
							}
						},
						{
							"name": "Cube119",
							"from": [ 6.6, -0.3, -0.3 ],
							"to": [ 6.9, 1.3, 3.3 ],
							"rotationOrigin": [ 8.1, -0.8, 1.2 ],
							"faces": {
								"north": { "texture": "#copper", "uv": [ 0.0, 0.0, 0.5, 1.5 ] },
								"east": { "texture": "#copper", "uv": [ 0.0, 0.0, 3.5, 1.5 ] },
								"south": { "texture": "#copper", "uv": [ 0.0, 0.0, 0.5, 1.5 ] },
								"west": { "texture": "#copper", "uv": [ 0.0, 0.0, 3.5, 1.5 ] },
								"up": { "texture": "#copper", "uv": [ 0.0, 0.0, 0.5, 3.5 ] },
								"down": { "texture": "#copper", "uv": [ 0.0, 0.0, 0.5, 3.5 ] }
							}
						},
						{
							"name": "Cube120",
							"from": [ 7.1, -0.3, -0.3 ],
							"to": [ 7.4, 1.3, 3.3 ],
							"rotationOrigin": [ 8.6, -0.8, 1.2 ],
							"faces": {
								"north": { "texture": "#copper", "uv": [ 0.0, 0.0, 0.5, 1.5 ] },
								"east": { "texture": "#copper", "uv": [ 0.0, 0.0, 3.5, 1.5 ] },
								"south": { "texture": "#copper", "uv": [ 0.0, 0.0, 0.5, 1.5 ] },
								"west": { "texture": "#copper", "uv": [ 0.0, 0.0, 3.5, 1.5 ] },
								"up": { "texture": "#copper", "uv": [ 0.0, 0.0, 0.5, 3.5 ] },
								"down": { "texture": "#copper", "uv": [ 0.0, 0.0, 0.5, 3.5 ] }
							}
						},
						{
							"name": "Cube121",
							"from": [ 7.6, -0.3, -0.3 ],
							"to": [ 7.9, 1.3, 3.3 ],
							"rotationOrigin": [ 9.1, -0.8, 1.2 ],
							"faces": {
								"north": { "texture": "#copper", "uv": [ 0.0, 0.0, 0.5, 1.5 ] },
								"east": { "texture": "#copper", "uv": [ 0.0, 0.0, 3.5, 1.5 ] },
								"south": { "texture": "#copper", "uv": [ 0.0, 0.0, 0.5, 1.5 ] },
								"west": { "texture": "#copper", "uv": [ 0.0, 0.0, 3.5, 1.5 ] },
								"up": { "texture": "#copper", "uv": [ 0.0, 0.0, 0.5, 3.5 ] },
								"down": { "texture": "#copper", "uv": [ 0.0, 0.0, 0.5, 3.5 ] }
							}
						},
						{
							"name": "Cube122",
							"from": [ 8.1, -0.3, -0.3 ],
							"to": [ 8.4, 1.3, 3.3 ],
							"rotationOrigin": [ 9.6, -0.8, 1.2 ],
							"faces": {
								"north": { "texture": "#copper", "uv": [ 0.0, 0.0, 0.5, 1.5 ] },
								"east": { "texture": "#copper", "uv": [ 0.0, 0.0, 3.5, 1.5 ] },
								"south": { "texture": "#copper", "uv": [ 0.0, 0.0, 0.5, 1.5 ] },
								"west": { "texture": "#copper", "uv": [ 0.0, 0.0, 3.5, 1.5 ] },
								"up": { "texture": "#copper", "uv": [ 0.0, 0.0, 0.5, 3.5 ] },
								"down": { "texture": "#copper", "uv": [ 0.0, 0.0, 0.5, 3.5 ] }
							}
						},
						{
							"name": "Cube123",
							"from": [ 8.6, -0.3, -0.3 ],
							"to": [ 8.9, 1.3, 3.3 ],
							"rotationOrigin": [ 10.1, -0.8, 1.2 ],
							"faces": {
								"north": { "texture": "#copper", "uv": [ 0.0, 0.0, 0.5, 1.5 ] },
								"east": { "texture": "#copper", "uv": [ 0.0, 0.0, 3.5, 1.5 ] },
								"south": { "texture": "#copper", "uv": [ 0.0, 0.0, 0.5, 1.5 ] },
								"west": { "texture": "#copper", "uv": [ 0.0, 0.0, 3.5, 1.5 ] },
								"up": { "texture": "#copper", "uv": [ 0.0, 0.0, 0.5, 3.5 ] },
								"down": { "texture": "#copper", "uv": [ 0.0, 0.0, 0.5, 3.5 ] }
							}
						},
						{
							"name": "Cube124",
							"from": [ 9.1, -0.3, -0.3 ],
							"to": [ 9.4, 1.3, 3.3 ],
							"rotationOrigin": [ 10.6, -0.8, 1.2 ],
							"faces": {
								"north": { "texture": "#copper", "uv": [ 0.0, 0.0, 0.5, 1.5 ] },
								"east": { "texture": "#copper", "uv": [ 0.0, 0.0, 3.5, 1.5 ] },
								"south": { "texture": "#copper", "uv": [ 0.0, 0.0, 0.5, 1.5 ] },
								"west": { "texture": "#copper", "uv": [ 0.0, 0.0, 3.5, 1.5 ] },
								"up": { "texture": "#copper", "uv": [ 0.0, 0.0, 0.5, 3.5 ] },
								"down": { "texture": "#copper", "uv": [ 0.0, 0.0, 0.5, 3.5 ] }
							}
						},
						{
							"name": "Cube125",
							"from": [ 9.6, -0.3, -0.3 ],
							"to": [ 9.9, 1.3, 3.3 ],
							"rotationOrigin": [ 11.1, -0.8, 1.2 ],
							"faces": {
								"north": { "texture": "#copper", "uv": [ 0.0, 0.0, 0.5, 1.5 ] },
								"east": { "texture": "#copper", "uv": [ 0.0, 0.0, 3.5, 1.5 ] },
								"south": { "texture": "#copper", "uv": [ 0.0, 0.0, 0.5, 1.5 ] },
								"west": { "texture": "#copper", "uv": [ 0.0, 0.0, 3.5, 1.5 ] },
								"up": { "texture": "#copper", "uv": [ 0.0, 0.0, 0.5, 3.5 ] },
								"down": { "texture": "#copper", "uv": [ 0.0, 0.0, 0.5, 3.5 ] }
							}
						},
						{
							"name": "Cube126",
							"from": [ 10.1, -0.3, -0.3 ],
							"to": [ 10.4, 1.3, 3.3 ],
							"rotationOrigin": [ 11.6, -0.8, 1.2 ],
							"faces": {
								"north": { "texture": "#copper", "uv": [ 0.0, 0.0, 0.5, 1.5 ] },
								"east": { "texture": "#copper", "uv": [ 0.0, 0.0, 3.5, 1.5 ] },
								"south": { "texture": "#copper", "uv": [ 0.0, 0.0, 0.5, 1.5 ] },
								"west": { "texture": "#copper", "uv": [ 0.0, 0.0, 3.5, 1.5 ] },
								"up": { "texture": "#copper", "uv": [ 0.0, 0.0, 0.5, 3.5 ] },
								"down": { "texture": "#copper", "uv": [ 0.0, 0.0, 0.5, 3.5 ] }
							}
						}
					]
				},
				{
					"name": "Cube127",
					"from": [ 2.5, 5.0, 0.5 ],
					"to": [ 13.5, 6.0, 3.5 ],
					"rotationOrigin": [ 2.0, 1.0, 2.0 ],
					"rotationX": 90.0,
					"faces": {
						"north": { "texture": "#zinc", "uv": [ 0.0, 0.0, 11.0, 1.0 ] },
						"east": { "texture": "#zinc", "uv": [ 0.0, 0.0, 3.0, 1.0 ] },
						"south": { "texture": "#zinc", "uv": [ 0.0, 0.0, 11.0, 1.0 ] },
						"west": { "texture": "#zinc", "uv": [ 0.0, 0.0, 3.0, 1.0 ] },
						"up": { "texture": "#zinc", "uv": [ 0.0, 0.0, 11.0, 3.0 ] },
						"down": { "texture": "#zinc", "uv": [ 0.0, 0.0, 11.0, 3.0 ] }
					},
					"children": [
						{
							"name": "Cube128",
							"from": [ -0.5, -0.5, -0.5 ],
							"to": [ 0.5, 1.5, 3.5 ],
							"rotationOrigin": [ 1.0, -1.0, 1.0 ],
							"faces": {
								"north": { "texture": "#zinc", "uv": [ 0.0, 0.0, 1.0, 2.0 ] },
								"east": { "texture": "#zinc", "uv": [ 0.0, 0.0, 4.0, 2.0 ] },
								"south": { "texture": "#zinc", "uv": [ 0.0, 0.0, 1.0, 2.0 ] },
								"west": { "texture": "#zinc", "uv": [ 0.0, 0.0, 4.0, 2.0 ] },
								"up": { "texture": "#zinc", "uv": [ 0.0, 0.0, 1.0, 4.0 ] },
								"down": { "texture": "#zinc", "uv": [ 0.0, 0.0, 1.0, 4.0 ] }
							}
						},
						{
							"name": "Cube129",
							"from": [ 1.5, -3.0, 1.0 ],
							"to": [ 9.5, 0.5, 2.0 ],
							"rotationOrigin": [ 1.0, -2.0, 3.5 ],
							"faces": {
								"north": { "texture": "#steel", "uv": [ 0.0, 0.0, 8.0, 3.5 ] },
								"east": { "texture": "#steel", "uv": [ 0.0, 0.0, 1.0, 3.5 ] },
								"south": { "texture": "#steel", "uv": [ 0.0, 0.0, 8.0, 3.5 ] },
								"west": { "texture": "#steel", "uv": [ 0.0, 0.0, 1.0, 3.5 ] },
								"up": { "texture": "#steel", "uv": [ 0.0, 0.0, 8.0, 1.0 ] },
								"down": { "texture": "#steel", "uv": [ 0.0, 0.0, 8.0, 1.0 ] }
							}
						},
						{
							"name": "Cube130",
							"from": [ 10.5, -0.5, -0.5 ],
							"to": [ 11.5, 1.5, 3.5 ],
							"rotationOrigin": [ 12.0, -1.0, 1.0 ],
							"faces": {
								"north": { "texture": "#zinc", "uv": [ 0.0, 0.0, 1.0, 2.0 ] },
								"east": { "texture": "#zinc", "uv": [ 0.0, 0.0, 4.0, 2.0 ] },
								"south": { "texture": "#zinc", "uv": [ 0.0, 0.0, 1.0, 2.0 ] },
								"west": { "texture": "#zinc", "uv": [ 0.0, 0.0, 4.0, 2.0 ] },
								"up": { "texture": "#zinc", "uv": [ 0.0, 0.0, 1.0, 4.0 ] },
								"down": { "texture": "#zinc", "uv": [ 0.0, 0.0, 1.0, 4.0 ] }
							}
						},
						{
							"name": "Cube131",
							"from": [ 0.6, -0.3, -0.3 ],
							"to": [ 0.9, 1.3, 3.3 ],
							"rotationOrigin": [ 2.1, -0.8, 1.2 ],
							"faces": {
								"north": { "texture": "#copper", "uv": [ 0.0, 0.0, 0.5, 1.5 ] },
								"east": { "texture": "#copper", "uv": [ 0.0, 0.0, 3.5, 1.5 ] },
								"south": { "texture": "#copper", "uv": [ 0.0, 0.0, 0.5, 1.5 ] },
								"west": { "texture": "#copper", "uv": [ 0.0, 0.0, 3.5, 1.5 ] },
								"up": { "texture": "#copper", "uv": [ 0.0, 0.0, 0.5, 3.5 ] },
								"down": { "texture": "#copper", "uv": [ 0.0, 0.0, 0.5, 3.5 ] }
							}
						},
						{
							"name": "Cube132",
							"from": [ 1.1, -0.3, -0.3 ],
							"to": [ 1.4, 1.3, 3.3 ],
							"rotationOrigin": [ 2.6, -0.8, 1.2 ],
							"faces": {
								"north": { "texture": "#copper", "uv": [ 0.0, 0.0, 0.5, 1.5 ] },
								"east": { "texture": "#copper", "uv": [ 0.0, 0.0, 3.5, 1.5 ] },
								"south": { "texture": "#copper", "uv": [ 0.0, 0.0, 0.5, 1.5 ] },
								"west": { "texture": "#copper", "uv": [ 0.0, 0.0, 3.5, 1.5 ] },
								"up": { "texture": "#copper", "uv": [ 0.0, 0.0, 0.5, 3.5 ] },
								"down": { "texture": "#copper", "uv": [ 0.0, 0.0, 0.5, 3.5 ] }
							}
						},
						{
							"name": "Cube133",
							"from": [ 1.6, -0.3, -0.3 ],
							"to": [ 1.9, 1.3, 3.3 ],
							"rotationOrigin": [ 3.1, -0.8, 1.2 ],
							"faces": {
								"north": { "texture": "#copper", "uv": [ 0.0, 0.0, 0.5, 1.5 ] },
								"east": { "texture": "#copper", "uv": [ 0.0, 0.0, 3.5, 1.5 ] },
								"south": { "texture": "#copper", "uv": [ 0.0, 0.0, 0.5, 1.5 ] },
								"west": { "texture": "#copper", "uv": [ 0.0, 0.0, 3.5, 1.5 ] },
								"up": { "texture": "#copper", "uv": [ 0.0, 0.0, 0.5, 3.5 ] },
								"down": { "texture": "#copper", "uv": [ 0.0, 0.0, 0.5, 3.5 ] }
							}
						},
						{
							"name": "Cube134",
							"from": [ 2.1, -0.3, -0.3 ],
							"to": [ 2.4, 1.3, 3.3 ],
							"rotationOrigin": [ 3.6, -0.8, 1.2 ],
							"faces": {
								"north": { "texture": "#copper", "uv": [ 0.0, 0.0, 0.5, 1.5 ] },
								"east": { "texture": "#copper", "uv": [ 0.0, 0.0, 3.5, 1.5 ] },
								"south": { "texture": "#copper", "uv": [ 0.0, 0.0, 0.5, 1.5 ] },
								"west": { "texture": "#copper", "uv": [ 0.0, 0.0, 3.5, 1.5 ] },
								"up": { "texture": "#copper", "uv": [ 0.0, 0.0, 0.5, 3.5 ] },
								"down": { "texture": "#copper", "uv": [ 0.0, 0.0, 0.5, 3.5 ] }
							}
						},
						{
							"name": "Cube135",
							"from": [ 2.6, -0.3, -0.3 ],
							"to": [ 2.9, 1.3, 3.3 ],
							"rotationOrigin": [ 4.1, -0.8, 1.2 ],
							"faces": {
								"north": { "texture": "#copper", "uv": [ 0.0, 0.0, 0.5, 1.5 ] },
								"east": { "texture": "#copper", "uv": [ 0.0, 0.0, 3.5, 1.5 ] },
								"south": { "texture": "#copper", "uv": [ 0.0, 0.0, 0.5, 1.5 ] },
								"west": { "texture": "#copper", "uv": [ 0.0, 0.0, 3.5, 1.5 ] },
								"up": { "texture": "#copper", "uv": [ 0.0, 0.0, 0.5, 3.5 ] },
								"down": { "texture": "#copper", "uv": [ 0.0, 0.0, 0.5, 3.5 ] }
							}
						},
						{
							"name": "Cube136",
							"from": [ 3.1, -0.3, -0.3 ],
							"to": [ 3.4, 1.3, 3.3 ],
							"rotationOrigin": [ 4.6, -0.8, 1.2 ],
							"faces": {
								"north": { "texture": "#copper", "uv": [ 0.0, 0.0, 0.5, 1.5 ] },
								"east": { "texture": "#copper", "uv": [ 0.0, 0.0, 3.5, 1.5 ] },
								"south": { "texture": "#copper", "uv": [ 0.0, 0.0, 0.5, 1.5 ] },
								"west": { "texture": "#copper", "uv": [ 0.0, 0.0, 3.5, 1.5 ] },
								"up": { "texture": "#copper", "uv": [ 0.0, 0.0, 0.5, 3.5 ] },
								"down": { "texture": "#copper", "uv": [ 0.0, 0.0, 0.5, 3.5 ] }
							}
						},
						{
							"name": "Cube137",
							"from": [ 3.6, -0.3, -0.3 ],
							"to": [ 3.9, 1.3, 3.3 ],
							"rotationOrigin": [ 5.1, -0.8, 1.2 ],
							"faces": {
								"north": { "texture": "#copper", "uv": [ 0.0, 0.0, 0.5, 1.5 ] },
								"east": { "texture": "#copper", "uv": [ 0.0, 0.0, 3.5, 1.5 ] },
								"south": { "texture": "#copper", "uv": [ 0.0, 0.0, 0.5, 1.5 ] },
								"west": { "texture": "#copper", "uv": [ 0.0, 0.0, 3.5, 1.5 ] },
								"up": { "texture": "#copper", "uv": [ 0.0, 0.0, 0.5, 3.5 ] },
								"down": { "texture": "#copper", "uv": [ 0.0, 0.0, 0.5, 3.5 ] }
							}
						},
						{
							"name": "Cube138",
							"from": [ 4.1, -0.3, -0.3 ],
							"to": [ 4.4, 1.3, 3.3 ],
							"rotationOrigin": [ 5.6, -0.8, 1.2 ],
							"faces": {
								"north": { "texture": "#copper", "uv": [ 0.0, 0.0, 0.5, 1.5 ] },
								"east": { "texture": "#copper", "uv": [ 0.0, 0.0, 3.5, 1.5 ] },
								"south": { "texture": "#copper", "uv": [ 0.0, 0.0, 0.5, 1.5 ] },
								"west": { "texture": "#copper", "uv": [ 0.0, 0.0, 3.5, 1.5 ] },
								"up": { "texture": "#copper", "uv": [ 0.0, 0.0, 0.5, 3.5 ] },
								"down": { "texture": "#copper", "uv": [ 0.0, 0.0, 0.5, 3.5 ] }
							}
						},
						{
							"name": "Cube139",
							"from": [ 4.6, -0.3, -0.3 ],
							"to": [ 4.9, 1.3, 3.3 ],
							"rotationOrigin": [ 6.1, -0.8, 1.2 ],
							"faces": {
								"north": { "texture": "#copper", "uv": [ 0.0, 0.0, 0.5, 1.5 ] },
								"east": { "texture": "#copper", "uv": [ 0.0, 0.0, 3.5, 1.5 ] },
								"south": { "texture": "#copper", "uv": [ 0.0, 0.0, 0.5, 1.5 ] },
								"west": { "texture": "#copper", "uv": [ 0.0, 0.0, 3.5, 1.5 ] },
								"up": { "texture": "#copper", "uv": [ 0.0, 0.0, 0.5, 3.5 ] },
								"down": { "texture": "#copper", "uv": [ 0.0, 0.0, 0.5, 3.5 ] }
							}
						},
						{
							"name": "Cube140",
							"from": [ 5.1, -0.3, -0.3 ],
							"to": [ 5.4, 1.3, 3.3 ],
							"rotationOrigin": [ 6.6, -0.8, 1.2 ],
							"faces": {
								"north": { "texture": "#copper", "uv": [ 0.0, 0.0, 0.5, 1.5 ] },
								"east": { "texture": "#copper", "uv": [ 0.0, 0.0, 3.5, 1.5 ] },
								"south": { "texture": "#copper", "uv": [ 0.0, 0.0, 0.5, 1.5 ] },
								"west": { "texture": "#copper", "uv": [ 0.0, 0.0, 3.5, 1.5 ] },
								"up": { "texture": "#copper", "uv": [ 0.0, 0.0, 0.5, 3.5 ] },
								"down": { "texture": "#copper", "uv": [ 0.0, 0.0, 0.5, 3.5 ] }
							}
						},
						{
							"name": "Cube141",
							"from": [ 5.6, -0.3, -0.3 ],
							"to": [ 5.9, 1.3, 3.3 ],
							"rotationOrigin": [ 7.1, -0.8, 1.2 ],
							"faces": {
								"north": { "texture": "#copper", "uv": [ 0.0, 0.0, 0.5, 1.5 ] },
								"east": { "texture": "#copper", "uv": [ 0.0, 0.0, 3.5, 1.5 ] },
								"south": { "texture": "#copper", "uv": [ 0.0, 0.0, 0.5, 1.5 ] },
								"west": { "texture": "#copper", "uv": [ 0.0, 0.0, 3.5, 1.5 ] },
								"up": { "texture": "#copper", "uv": [ 0.0, 0.0, 0.5, 3.5 ] },
								"down": { "texture": "#copper", "uv": [ 0.0, 0.0, 0.5, 3.5 ] }
							}
						},
						{
							"name": "Cube142",
							"from": [ 6.1, -0.3, -0.3 ],
							"to": [ 6.4, 1.3, 3.3 ],
							"rotationOrigin": [ 7.6, -0.8, 1.2 ],
							"faces": {
								"north": { "texture": "#copper", "uv": [ 0.0, 0.0, 0.5, 1.5 ] },
								"east": { "texture": "#copper", "uv": [ 0.0, 0.0, 3.5, 1.5 ] },
								"south": { "texture": "#copper", "uv": [ 0.0, 0.0, 0.5, 1.5 ] },
								"west": { "texture": "#copper", "uv": [ 0.0, 0.0, 3.5, 1.5 ] },
								"up": { "texture": "#copper", "uv": [ 0.0, 0.0, 0.5, 3.5 ] },
								"down": { "texture": "#copper", "uv": [ 0.0, 0.0, 0.5, 3.5 ] }
							}
						},
						{
							"name": "Cube143",
							"from": [ 6.6, -0.3, -0.3 ],
							"to": [ 6.9, 1.3, 3.3 ],
							"rotationOrigin": [ 8.1, -0.8, 1.2 ],
							"faces": {
								"north": { "texture": "#copper", "uv": [ 0.0, 0.0, 0.5, 1.5 ] },
								"east": { "texture": "#copper", "uv": [ 0.0, 0.0, 3.5, 1.5 ] },
								"south": { "texture": "#copper", "uv": [ 0.0, 0.0, 0.5, 1.5 ] },
								"west": { "texture": "#copper", "uv": [ 0.0, 0.0, 3.5, 1.5 ] },
								"up": { "texture": "#copper", "uv": [ 0.0, 0.0, 0.5, 3.5 ] },
								"down": { "texture": "#copper", "uv": [ 0.0, 0.0, 0.5, 3.5 ] }
							}
						},
						{
							"name": "Cube144",
							"from": [ 7.1, -0.3, -0.3 ],
							"to": [ 7.4, 1.3, 3.3 ],
							"rotationOrigin": [ 8.6, -0.8, 1.2 ],
							"faces": {
								"north": { "texture": "#copper", "uv": [ 0.0, 0.0, 0.5, 1.5 ] },
								"east": { "texture": "#copper", "uv": [ 0.0, 0.0, 3.5, 1.5 ] },
								"south": { "texture": "#copper", "uv": [ 0.0, 0.0, 0.5, 1.5 ] },
								"west": { "texture": "#copper", "uv": [ 0.0, 0.0, 3.5, 1.5 ] },
								"up": { "texture": "#copper", "uv": [ 0.0, 0.0, 0.5, 3.5 ] },
								"down": { "texture": "#copper", "uv": [ 0.0, 0.0, 0.5, 3.5 ] }
							}
						},
						{
							"name": "Cube145",
							"from": [ 7.6, -0.3, -0.3 ],
							"to": [ 7.9, 1.3, 3.3 ],
							"rotationOrigin": [ 9.1, -0.8, 1.2 ],
							"faces": {
								"north": { "texture": "#copper", "uv": [ 0.0, 0.0, 0.5, 1.5 ] },
								"east": { "texture": "#copper", "uv": [ 0.0, 0.0, 3.5, 1.5 ] },
								"south": { "texture": "#copper", "uv": [ 0.0, 0.0, 0.5, 1.5 ] },
								"west": { "texture": "#copper", "uv": [ 0.0, 0.0, 3.5, 1.5 ] },
								"up": { "texture": "#copper", "uv": [ 0.0, 0.0, 0.5, 3.5 ] },
								"down": { "texture": "#copper", "uv": [ 0.0, 0.0, 0.5, 3.5 ] }
							}
						},
						{
							"name": "Cube146",
							"from": [ 8.1, -0.3, -0.3 ],
							"to": [ 8.4, 1.3, 3.3 ],
							"rotationOrigin": [ 9.6, -0.8, 1.2 ],
							"faces": {
								"north": { "texture": "#copper", "uv": [ 0.0, 0.0, 0.5, 1.5 ] },
								"east": { "texture": "#copper", "uv": [ 0.0, 0.0, 3.5, 1.5 ] },
								"south": { "texture": "#copper", "uv": [ 0.0, 0.0, 0.5, 1.5 ] },
								"west": { "texture": "#copper", "uv": [ 0.0, 0.0, 3.5, 1.5 ] },
								"up": { "texture": "#copper", "uv": [ 0.0, 0.0, 0.5, 3.5 ] },
								"down": { "texture": "#copper", "uv": [ 0.0, 0.0, 0.5, 3.5 ] }
							}
						},
						{
							"name": "Cube147",
							"from": [ 8.6, -0.3, -0.3 ],
							"to": [ 8.9, 1.3, 3.3 ],
							"rotationOrigin": [ 10.1, -0.8, 1.2 ],
							"faces": {
								"north": { "texture": "#copper", "uv": [ 0.0, 0.0, 0.5, 1.5 ] },
								"east": { "texture": "#copper", "uv": [ 0.0, 0.0, 3.5, 1.5 ] },
								"south": { "texture": "#copper", "uv": [ 0.0, 0.0, 0.5, 1.5 ] },
								"west": { "texture": "#copper", "uv": [ 0.0, 0.0, 3.5, 1.5 ] },
								"up": { "texture": "#copper", "uv": [ 0.0, 0.0, 0.5, 3.5 ] },
								"down": { "texture": "#copper", "uv": [ 0.0, 0.0, 0.5, 3.5 ] }
							}
						},
						{
							"name": "Cube148",
							"from": [ 9.1, -0.3, -0.3 ],
							"to": [ 9.4, 1.3, 3.3 ],
							"rotationOrigin": [ 10.6, -0.8, 1.2 ],
							"faces": {
								"north": { "texture": "#copper", "uv": [ 0.0, 0.0, 0.5, 1.5 ] },
								"east": { "texture": "#copper", "uv": [ 0.0, 0.0, 3.5, 1.5 ] },
								"south": { "texture": "#copper", "uv": [ 0.0, 0.0, 0.5, 1.5 ] },
								"west": { "texture": "#copper", "uv": [ 0.0, 0.0, 3.5, 1.5 ] },
								"up": { "texture": "#copper", "uv": [ 0.0, 0.0, 0.5, 3.5 ] },
								"down": { "texture": "#copper", "uv": [ 0.0, 0.0, 0.5, 3.5 ] }
							}
						},
						{
							"name": "Cube149",
							"from": [ 9.6, -0.3, -0.3 ],
							"to": [ 9.9, 1.3, 3.3 ],
							"rotationOrigin": [ 11.1, -0.8, 1.2 ],
							"faces": {
								"north": { "texture": "#copper", "uv": [ 0.0, 0.0, 0.5, 1.5 ] },
								"east": { "texture": "#copper", "uv": [ 0.0, 0.0, 3.5, 1.5 ] },
								"south": { "texture": "#copper", "uv": [ 0.0, 0.0, 0.5, 1.5 ] },
								"west": { "texture": "#copper", "uv": [ 0.0, 0.0, 3.5, 1.5 ] },
								"up": { "texture": "#copper", "uv": [ 0.0, 0.0, 0.5, 3.5 ] },
								"down": { "texture": "#copper", "uv": [ 0.0, 0.0, 0.5, 3.5 ] }
							}
						},
						{
							"name": "Cube150",
							"from": [ 10.1, -0.3, -0.3 ],
							"to": [ 10.4, 1.3, 3.3 ],
							"rotationOrigin": [ 11.6, -0.8, 1.2 ],
							"faces": {
								"north": { "texture": "#copper", "uv": [ 0.0, 0.0, 0.5, 1.5 ] },
								"east": { "texture": "#copper", "uv": [ 0.0, 0.0, 3.5, 1.5 ] },
								"south": { "texture": "#copper", "uv": [ 0.0, 0.0, 0.5, 1.5 ] },
								"west": { "texture": "#copper", "uv": [ 0.0, 0.0, 3.5, 1.5 ] },
								"up": { "texture": "#copper", "uv": [ 0.0, 0.0, 0.5, 3.5 ] },
								"down": { "texture": "#copper", "uv": [ 0.0, 0.0, 0.5, 3.5 ] }
							}
						}
					]
				},
				{
					"name": "Cube151",
					"from": [ 2.5, 5.0, 0.5 ],
					"to": [ 13.5, 6.0, 3.5 ],
					"rotationOrigin": [ 2.0, 1.0, 2.0 ],
					"rotationX": 180.0,
					"faces": {
						"north": { "texture": "#zinc", "uv": [ 0.0, 0.0, 11.0, 1.0 ] },
						"east": { "texture": "#zinc", "uv": [ 0.0, 0.0, 3.0, 1.0 ] },
						"south": { "texture": "#zinc", "uv": [ 0.0, 0.0, 11.0, 1.0 ] },
						"west": { "texture": "#zinc", "uv": [ 0.0, 0.0, 3.0, 1.0 ] },
						"up": { "texture": "#zinc", "uv": [ 0.0, 0.0, 11.0, 3.0 ] },
						"down": { "texture": "#zinc", "uv": [ 0.0, 0.0, 11.0, 3.0 ] }
					},
					"children": [
						{
							"name": "Cube152",
							"from": [ -0.5, -0.5, -0.5 ],
							"to": [ 0.5, 1.5, 3.5 ],
							"rotationOrigin": [ 1.0, -1.0, 1.0 ],
							"faces": {
								"north": { "texture": "#zinc", "uv": [ 0.0, 0.0, 1.0, 2.0 ] },
								"east": { "texture": "#zinc", "uv": [ 0.0, 0.0, 4.0, 2.0 ] },
								"south": { "texture": "#zinc", "uv": [ 0.0, 0.0, 1.0, 2.0 ] },
								"west": { "texture": "#zinc", "uv": [ 0.0, 0.0, 4.0, 2.0 ] },
								"up": { "texture": "#zinc", "uv": [ 0.0, 0.0, 1.0, 4.0 ] },
								"down": { "texture": "#zinc", "uv": [ 0.0, 0.0, 1.0, 4.0 ] }
							}
						},
						{
							"name": "Cube153",
							"from": [ 1.5, -3.0, 1.0 ],
							"to": [ 9.5, 0.5, 2.0 ],
							"rotationOrigin": [ 1.0, -2.0, 3.5 ],
							"faces": {
								"north": { "texture": "#steel", "uv": [ 0.0, 0.0, 8.0, 3.5 ] },
								"east": { "texture": "#steel", "uv": [ 0.0, 0.0, 1.0, 3.5 ] },
								"south": { "texture": "#steel", "uv": [ 0.0, 0.0, 8.0, 3.5 ] },
								"west": { "texture": "#steel", "uv": [ 0.0, 0.0, 1.0, 3.5 ] },
								"up": { "texture": "#steel", "uv": [ 0.0, 0.0, 8.0, 1.0 ] },
								"down": { "texture": "#steel", "uv": [ 0.0, 0.0, 8.0, 1.0 ] }
							}
						},
						{
							"name": "Cube154",
							"from": [ 10.5, -0.5, -0.5 ],
							"to": [ 11.5, 1.5, 3.5 ],
							"rotationOrigin": [ 12.0, -1.0, 1.0 ],
							"faces": {
								"north": { "texture": "#zinc", "uv": [ 0.0, 0.0, 1.0, 2.0 ] },
								"east": { "texture": "#zinc", "uv": [ 0.0, 0.0, 4.0, 2.0 ] },
								"south": { "texture": "#zinc", "uv": [ 0.0, 0.0, 1.0, 2.0 ] },
								"west": { "texture": "#zinc", "uv": [ 0.0, 0.0, 4.0, 2.0 ] },
								"up": { "texture": "#zinc", "uv": [ 0.0, 0.0, 1.0, 4.0 ] },
								"down": { "texture": "#zinc", "uv": [ 0.0, 0.0, 1.0, 4.0 ] }
							}
						},
						{
							"name": "Cube155",
							"from": [ 0.6, -0.3, -0.3 ],
							"to": [ 0.9, 1.3, 3.3 ],
							"rotationOrigin": [ 2.1, -0.8, 1.2 ],
							"faces": {
								"north": { "texture": "#copper", "uv": [ 0.0, 0.0, 0.5, 1.5 ] },
								"east": { "texture": "#copper", "uv": [ 0.0, 0.0, 3.5, 1.5 ] },
								"south": { "texture": "#copper", "uv": [ 0.0, 0.0, 0.5, 1.5 ] },
								"west": { "texture": "#copper", "uv": [ 0.0, 0.0, 3.5, 1.5 ] },
								"up": { "texture": "#copper", "uv": [ 0.0, 0.0, 0.5, 3.5 ] },
								"down": { "texture": "#copper", "uv": [ 0.0, 0.0, 0.5, 3.5 ] }
							}
						},
						{
							"name": "Cube156",
							"from": [ 1.1, -0.3, -0.3 ],
							"to": [ 1.4, 1.3, 3.3 ],
							"rotationOrigin": [ 2.6, -0.8, 1.2 ],
							"faces": {
								"north": { "texture": "#copper", "uv": [ 0.0, 0.0, 0.5, 1.5 ] },
								"east": { "texture": "#copper", "uv": [ 0.0, 0.0, 3.5, 1.5 ] },
								"south": { "texture": "#copper", "uv": [ 0.0, 0.0, 0.5, 1.5 ] },
								"west": { "texture": "#copper", "uv": [ 0.0, 0.0, 3.5, 1.5 ] },
								"up": { "texture": "#copper", "uv": [ 0.0, 0.0, 0.5, 3.5 ] },
								"down": { "texture": "#copper", "uv": [ 0.0, 0.0, 0.5, 3.5 ] }
							}
						},
						{
							"name": "Cube157",
							"from": [ 1.6, -0.3, -0.3 ],
							"to": [ 1.9, 1.3, 3.3 ],
							"rotationOrigin": [ 3.1, -0.8, 1.2 ],
							"faces": {
								"north": { "texture": "#copper", "uv": [ 0.0, 0.0, 0.5, 1.5 ] },
								"east": { "texture": "#copper", "uv": [ 0.0, 0.0, 3.5, 1.5 ] },
								"south": { "texture": "#copper", "uv": [ 0.0, 0.0, 0.5, 1.5 ] },
								"west": { "texture": "#copper", "uv": [ 0.0, 0.0, 3.5, 1.5 ] },
								"up": { "texture": "#copper", "uv": [ 0.0, 0.0, 0.5, 3.5 ] },
								"down": { "texture": "#copper", "uv": [ 0.0, 0.0, 0.5, 3.5 ] }
							}
						},
						{
							"name": "Cube158",
							"from": [ 2.1, -0.3, -0.3 ],
							"to": [ 2.4, 1.3, 3.3 ],
							"rotationOrigin": [ 3.6, -0.8, 1.2 ],
							"faces": {
								"north": { "texture": "#copper", "uv": [ 0.0, 0.0, 0.5, 1.5 ] },
								"east": { "texture": "#copper", "uv": [ 0.0, 0.0, 3.5, 1.5 ] },
								"south": { "texture": "#copper", "uv": [ 0.0, 0.0, 0.5, 1.5 ] },
								"west": { "texture": "#copper", "uv": [ 0.0, 0.0, 3.5, 1.5 ] },
								"up": { "texture": "#copper", "uv": [ 0.0, 0.0, 0.5, 3.5 ] },
								"down": { "texture": "#copper", "uv": [ 0.0, 0.0, 0.5, 3.5 ] }
							}
						},
						{
							"name": "Cube159",
							"from": [ 2.6, -0.3, -0.3 ],
							"to": [ 2.9, 1.3, 3.3 ],
							"rotationOrigin": [ 4.1, -0.8, 1.2 ],
							"faces": {
								"north": { "texture": "#copper", "uv": [ 0.0, 0.0, 0.5, 1.5 ] },
								"east": { "texture": "#copper", "uv": [ 0.0, 0.0, 3.5, 1.5 ] },
								"south": { "texture": "#copper", "uv": [ 0.0, 0.0, 0.5, 1.5 ] },
								"west": { "texture": "#copper", "uv": [ 0.0, 0.0, 3.5, 1.5 ] },
								"up": { "texture": "#copper", "uv": [ 0.0, 0.0, 0.5, 3.5 ] },
								"down": { "texture": "#copper", "uv": [ 0.0, 0.0, 0.5, 3.5 ] }
							}
						},
						{
							"name": "Cube160",
							"from": [ 3.1, -0.3, -0.3 ],
							"to": [ 3.4, 1.3, 3.3 ],
							"rotationOrigin": [ 4.6, -0.8, 1.2 ],
							"faces": {
								"north": { "texture": "#copper", "uv": [ 0.0, 0.0, 0.5, 1.5 ] },
								"east": { "texture": "#copper", "uv": [ 0.0, 0.0, 3.5, 1.5 ] },
								"south": { "texture": "#copper", "uv": [ 0.0, 0.0, 0.5, 1.5 ] },
								"west": { "texture": "#copper", "uv": [ 0.0, 0.0, 3.5, 1.5 ] },
								"up": { "texture": "#copper", "uv": [ 0.0, 0.0, 0.5, 3.5 ] },
								"down": { "texture": "#copper", "uv": [ 0.0, 0.0, 0.5, 3.5 ] }
							}
						},
						{
							"name": "Cube161",
							"from": [ 3.6, -0.3, -0.3 ],
							"to": [ 3.9, 1.3, 3.3 ],
							"rotationOrigin": [ 5.1, -0.8, 1.2 ],
							"faces": {
								"north": { "texture": "#copper", "uv": [ 0.0, 0.0, 0.5, 1.5 ] },
								"east": { "texture": "#copper", "uv": [ 0.0, 0.0, 3.5, 1.5 ] },
								"south": { "texture": "#copper", "uv": [ 0.0, 0.0, 0.5, 1.5 ] },
								"west": { "texture": "#copper", "uv": [ 0.0, 0.0, 3.5, 1.5 ] },
								"up": { "texture": "#copper", "uv": [ 0.0, 0.0, 0.5, 3.5 ] },
								"down": { "texture": "#copper", "uv": [ 0.0, 0.0, 0.5, 3.5 ] }
							}
						},
						{
							"name": "Cube162",
							"from": [ 4.1, -0.3, -0.3 ],
							"to": [ 4.4, 1.3, 3.3 ],
							"rotationOrigin": [ 5.6, -0.8, 1.2 ],
							"faces": {
								"north": { "texture": "#copper", "uv": [ 0.0, 0.0, 0.5, 1.5 ] },
								"east": { "texture": "#copper", "uv": [ 0.0, 0.0, 3.5, 1.5 ] },
								"south": { "texture": "#copper", "uv": [ 0.0, 0.0, 0.5, 1.5 ] },
								"west": { "texture": "#copper", "uv": [ 0.0, 0.0, 3.5, 1.5 ] },
								"up": { "texture": "#copper", "uv": [ 0.0, 0.0, 0.5, 3.5 ] },
								"down": { "texture": "#copper", "uv": [ 0.0, 0.0, 0.5, 3.5 ] }
							}
						},
						{
							"name": "Cube163",
							"from": [ 4.6, -0.3, -0.3 ],
							"to": [ 4.9, 1.3, 3.3 ],
							"rotationOrigin": [ 6.1, -0.8, 1.2 ],
							"faces": {
								"north": { "texture": "#copper", "uv": [ 0.0, 0.0, 0.5, 1.5 ] },
								"east": { "texture": "#copper", "uv": [ 0.0, 0.0, 3.5, 1.5 ] },
								"south": { "texture": "#copper", "uv": [ 0.0, 0.0, 0.5, 1.5 ] },
								"west": { "texture": "#copper", "uv": [ 0.0, 0.0, 3.5, 1.5 ] },
								"up": { "texture": "#copper", "uv": [ 0.0, 0.0, 0.5, 3.5 ] },
								"down": { "texture": "#copper", "uv": [ 0.0, 0.0, 0.5, 3.5 ] }
							}
						},
						{
							"name": "Cube164",
							"from": [ 5.1, -0.3, -0.3 ],
							"to": [ 5.4, 1.3, 3.3 ],
							"rotationOrigin": [ 6.6, -0.8, 1.2 ],
							"faces": {
								"north": { "texture": "#copper", "uv": [ 0.0, 0.0, 0.5, 1.5 ] },
								"east": { "texture": "#copper", "uv": [ 0.0, 0.0, 3.5, 1.5 ] },
								"south": { "texture": "#copper", "uv": [ 0.0, 0.0, 0.5, 1.5 ] },
								"west": { "texture": "#copper", "uv": [ 0.0, 0.0, 3.5, 1.5 ] },
								"up": { "texture": "#copper", "uv": [ 0.0, 0.0, 0.5, 3.5 ] },
								"down": { "texture": "#copper", "uv": [ 0.0, 0.0, 0.5, 3.5 ] }
							}
						},
						{
							"name": "Cube165",
							"from": [ 5.6, -0.3, -0.3 ],
							"to": [ 5.9, 1.3, 3.3 ],
							"rotationOrigin": [ 7.1, -0.8, 1.2 ],
							"faces": {
								"north": { "texture": "#copper", "uv": [ 0.0, 0.0, 0.5, 1.5 ] },
								"east": { "texture": "#copper", "uv": [ 0.0, 0.0, 3.5, 1.5 ] },
								"south": { "texture": "#copper", "uv": [ 0.0, 0.0, 0.5, 1.5 ] },
								"west": { "texture": "#copper", "uv": [ 0.0, 0.0, 3.5, 1.5 ] },
								"up": { "texture": "#copper", "uv": [ 0.0, 0.0, 0.5, 3.5 ] },
								"down": { "texture": "#copper", "uv": [ 0.0, 0.0, 0.5, 3.5 ] }
							}
						},
						{
							"name": "Cube166",
							"from": [ 6.1, -0.3, -0.3 ],
							"to": [ 6.4, 1.3, 3.3 ],
							"rotationOrigin": [ 7.6, -0.8, 1.2 ],
							"faces": {
								"north": { "texture": "#copper", "uv": [ 0.0, 0.0, 0.5, 1.5 ] },
								"east": { "texture": "#copper", "uv": [ 0.0, 0.0, 3.5, 1.5 ] },
								"south": { "texture": "#copper", "uv": [ 0.0, 0.0, 0.5, 1.5 ] },
								"west": { "texture": "#copper", "uv": [ 0.0, 0.0, 3.5, 1.5 ] },
								"up": { "texture": "#copper", "uv": [ 0.0, 0.0, 0.5, 3.5 ] },
								"down": { "texture": "#copper", "uv": [ 0.0, 0.0, 0.5, 3.5 ] }
							}
						},
						{
							"name": "Cube167",
							"from": [ 6.6, -0.3, -0.3 ],
							"to": [ 6.9, 1.3, 3.3 ],
							"rotationOrigin": [ 8.1, -0.8, 1.2 ],
							"faces": {
								"north": { "texture": "#copper", "uv": [ 0.0, 0.0, 0.5, 1.5 ] },
								"east": { "texture": "#copper", "uv": [ 0.0, 0.0, 3.5, 1.5 ] },
								"south": { "texture": "#copper", "uv": [ 0.0, 0.0, 0.5, 1.5 ] },
								"west": { "texture": "#copper", "uv": [ 0.0, 0.0, 3.5, 1.5 ] },
								"up": { "texture": "#copper", "uv": [ 0.0, 0.0, 0.5, 3.5 ] },
								"down": { "texture": "#copper", "uv": [ 0.0, 0.0, 0.5, 3.5 ] }
							}
						},
						{
							"name": "Cube168",
							"from": [ 7.1, -0.3, -0.3 ],
							"to": [ 7.4, 1.3, 3.3 ],
							"rotationOrigin": [ 8.6, -0.8, 1.2 ],
							"faces": {
								"north": { "texture": "#copper", "uv": [ 0.0, 0.0, 0.5, 1.5 ] },
								"east": { "texture": "#copper", "uv": [ 0.0, 0.0, 3.5, 1.5 ] },
								"south": { "texture": "#copper", "uv": [ 0.0, 0.0, 0.5, 1.5 ] },
								"west": { "texture": "#copper", "uv": [ 0.0, 0.0, 3.5, 1.5 ] },
								"up": { "texture": "#copper", "uv": [ 0.0, 0.0, 0.5, 3.5 ] },
								"down": { "texture": "#copper", "uv": [ 0.0, 0.0, 0.5, 3.5 ] }
							}
						},
						{
							"name": "Cube169",
							"from": [ 7.6, -0.3, -0.3 ],
							"to": [ 7.9, 1.3, 3.3 ],
							"rotationOrigin": [ 9.1, -0.8, 1.2 ],
							"faces": {
								"north": { "texture": "#copper", "uv": [ 0.0, 0.0, 0.5, 1.5 ] },
								"east": { "texture": "#copper", "uv": [ 0.0, 0.0, 3.5, 1.5 ] },
								"south": { "texture": "#copper", "uv": [ 0.0, 0.0, 0.5, 1.5 ] },
								"west": { "texture": "#copper", "uv": [ 0.0, 0.0, 3.5, 1.5 ] },
								"up": { "texture": "#copper", "uv": [ 0.0, 0.0, 0.5, 3.5 ] },
								"down": { "texture": "#copper", "uv": [ 0.0, 0.0, 0.5, 3.5 ] }
							}
						},
						{
							"name": "Cube170",
							"from": [ 8.1, -0.3, -0.3 ],
							"to": [ 8.4, 1.3, 3.3 ],
							"rotationOrigin": [ 9.6, -0.8, 1.2 ],
							"faces": {
								"north": { "texture": "#copper", "uv": [ 0.0, 0.0, 0.5, 1.5 ] },
								"east": { "texture": "#copper", "uv": [ 0.0, 0.0, 3.5, 1.5 ] },
								"south": { "texture": "#copper", "uv": [ 0.0, 0.0, 0.5, 1.5 ] },
								"west": { "texture": "#copper", "uv": [ 0.0, 0.0, 3.5, 1.5 ] },
								"up": { "texture": "#copper", "uv": [ 0.0, 0.0, 0.5, 3.5 ] },
								"down": { "texture": "#copper", "uv": [ 0.0, 0.0, 0.5, 3.5 ] }
							}
						},
						{
							"name": "Cube171",
							"from": [ 8.6, -0.3, -0.3 ],
							"to": [ 8.9, 1.3, 3.3 ],
							"rotationOrigin": [ 10.1, -0.8, 1.2 ],
							"faces": {
								"north": { "texture": "#copper", "uv": [ 0.0, 0.0, 0.5, 1.5 ] },
								"east": { "texture": "#copper", "uv": [ 0.0, 0.0, 3.5, 1.5 ] },
								"south": { "texture": "#copper", "uv": [ 0.0, 0.0, 0.5, 1.5 ] },
								"west": { "texture": "#copper", "uv": [ 0.0, 0.0, 3.5, 1.5 ] },
								"up": { "texture": "#copper", "uv": [ 0.0, 0.0, 0.5, 3.5 ] },
								"down": { "texture": "#copper", "uv": [ 0.0, 0.0, 0.5, 3.5 ] }
							}
						},
						{
							"name": "Cube172",
							"from": [ 9.1, -0.3, -0.3 ],
							"to": [ 9.4, 1.3, 3.3 ],
							"rotationOrigin": [ 10.6, -0.8, 1.2 ],
							"faces": {
								"north": { "texture": "#copper", "uv": [ 0.0, 0.0, 0.5, 1.5 ] },
								"east": { "texture": "#copper", "uv": [ 0.0, 0.0, 3.5, 1.5 ] },
								"south": { "texture": "#copper", "uv": [ 0.0, 0.0, 0.5, 1.5 ] },
								"west": { "texture": "#copper", "uv": [ 0.0, 0.0, 3.5, 1.5 ] },
								"up": { "texture": "#copper", "uv": [ 0.0, 0.0, 0.5, 3.5 ] },
								"down": { "texture": "#copper", "uv": [ 0.0, 0.0, 0.5, 3.5 ] }
							}
						},
						{
							"name": "Cube173",
							"from": [ 9.6, -0.3, -0.3 ],
							"to": [ 9.9, 1.3, 3.3 ],
							"rotationOrigin": [ 11.1, -0.8, 1.2 ],
							"faces": {
								"north": { "texture": "#copper", "uv": [ 0.0, 0.0, 0.5, 1.5 ] },
								"east": { "texture": "#copper", "uv": [ 0.0, 0.0, 3.5, 1.5 ] },
								"south": { "texture": "#copper", "uv": [ 0.0, 0.0, 0.5, 1.5 ] },
								"west": { "texture": "#copper", "uv": [ 0.0, 0.0, 3.5, 1.5 ] },
								"up": { "texture": "#copper", "uv": [ 0.0, 0.0, 0.5, 3.5 ] },
								"down": { "texture": "#copper", "uv": [ 0.0, 0.0, 0.5, 3.5 ] }
							}
						},
						{
							"name": "Cube174",
							"from": [ 10.1, -0.3, -0.3 ],
							"to": [ 10.4, 1.3, 3.3 ],
							"rotationOrigin": [ 11.6, -0.8, 1.2 ],
							"faces": {
								"north": { "texture": "#copper", "uv": [ 0.0, 0.0, 0.5, 1.5 ] },
								"east": { "texture": "#copper", "uv": [ 0.0, 0.0, 3.5, 1.5 ] },
								"south": { "texture": "#copper", "uv": [ 0.0, 0.0, 0.5, 1.5 ] },
								"west": { "texture": "#copper", "uv": [ 0.0, 0.0, 3.5, 1.5 ] },
								"up": { "texture": "#copper", "uv": [ 0.0, 0.0, 0.5, 3.5 ] },
								"down": { "texture": "#copper", "uv": [ 0.0, 0.0, 0.5, 3.5 ] }
							}
						}
					]
				}
			]
		}
	]}