{
	"editor": {
		"collapsedPaths": "Root/stator,Root/rotor",
		"allAngles": false,
		"entityTextureMode": false
	},
	"textureWidth": 16,
	"textureHeight": 16,
	"textureSizes": {
	},
	"textures": {
		"brass": "block/brass",
		"iron": "block/iron",
		"steel": "block/steel",
		"ebony1": "block/ebony1",
		"copper-okalina-polosa": "block/copper-okalina-polosa",
		"iron-okalina-krug": "block/iron-okalina-krug",
		"steel-okalina-polosa": "block/steel-okalina-polosa",
		"zinc-sgorevshiy": "block/zinc-sgorevshiy"
	},
	"elements": [
		{
			"name": "stator",
			"from": [ 0.0, 0.0, 0.0 ],
			"to": [ 16.0, 1.0, 16.0 ],
			"rotationOrigin": [ 8.0, 0.0, 8.0 ],
			"rotationY": 90.0,
			"faces": {
				"north": { "texture": "#iron", "uv": [ 0.0, 0.0, 16.0, 1.0 ] },
				"east": { "texture": "#iron", "uv": [ 0.0, 0.0, 15.0, 1.0 ] },
				"south": { "texture": "#iron", "uv": [ 0.0, 0.0, 16.0, 1.0 ] },
				"west": { "texture": "#iron", "uv": [ 0.0, 0.0, 15.0, 1.0 ] },
				"up": { "texture": "#iron", "uv": [ 0.0, 0.0, 16.0, 15.0 ] },
				"down": { "texture": "#iron", "uv": [ 0.0, 0.0, 16.0, 15.0 ] }
			},
			"children": [
				{
					"name": "Cube28",
					"from": [ 2.0, 1.0, 5.0 ],
					"to": [ 14.0, 2.0, 11.0 ],
					"rotationOrigin": [ 19.0, 8.0, 8.0 ],
					"faces": {
						"north": { "texture": "#iron", "uv": [ 0.0, 0.0, 12.0, 1.0 ] },
						"east": { "texture": "#iron", "uv": [ 0.0, 0.0, 6.0, 1.0 ] },
						"south": { "texture": "#iron", "uv": [ 0.0, 0.0, 12.0, 1.0 ] },
						"west": { "texture": "#iron", "uv": [ 0.0, 0.0, 6.0, 1.0 ] },
						"up": { "texture": "#iron-okalina-krug", "uv": [ 3.0, 1.5, 13.0, 15.5 ], "autoUv": false },
						"down": { "texture": "#iron", "uv": [ 0.0, 0.0, 12.0, 6.0 ] }
					}
				},
				{
					"name": "Cube10",
					"from": [ 14.0, 1.0, 5.0 ],
					"to": [ 15.0, 11.0, 11.0 ],
					"rotationOrigin": [ 15.0, 8.0, 8.0 ],
					"faces": {
						"north": { "texture": "#steel-okalina-polosa", "uv": [ 0.0, 0.0, 1.0, 16.0 ], "autoUv": false },
						"east": { "texture": "#steel-okalina-polosa", "uv": [ 0.0, 0.0, 6.0, 16.0 ], "autoUv": false },
						"south": { "texture": "#steel-okalina-polosa", "uv": [ 0.0, 0.0, 1.0, 16.0 ], "autoUv": false },
						"west": { "texture": "#steel-okalina-polosa", "uv": [ 0.0, 0.0, 6.0, 16.0 ], "autoUv": false },
						"up": { "texture": "#steel-okalina-polosa", "uv": [ 0.0, 0.0, 1.0, 6.0 ] },
						"down": { "texture": "#steel-okalina-polosa", "uv": [ 0.0, 0.0, 1.0, 6.0 ] }
					}
				},
				{
					"name": "Cube9",
					"from": [ 1.0, 1.0, 5.0 ],
					"to": [ 2.0, 11.0, 11.0 ],
					"rotationOrigin": [ 2.0, 8.0, 8.0 ],
					"faces": {
						"north": { "texture": "#steel-okalina-polosa", "uv": [ 0.0, 0.0, 1.0, 16.0 ], "autoUv": false },
						"east": { "texture": "#steel-okalina-polosa", "uv": [ 0.0, 0.0, 6.0, 16.0 ], "autoUv": false },
						"south": { "texture": "#steel-okalina-polosa", "uv": [ 0.0, 0.0, 1.0, 16.0 ], "autoUv": false },
						"west": { "texture": "#steel-okalina-polosa", "uv": [ 0.0, 0.0, 6.0, 16.0 ], "autoUv": false },
						"up": { "texture": "#steel-okalina-polosa", "uv": [ 0.0, 0.0, 1.0, 6.0 ] },
						"down": { "texture": "#steel-okalina-polosa", "uv": [ 0.0, 0.0, 1.0, 6.0 ] }
					},
					"children": [
						{
							"name": "Cube2",
							"from": [ -0.9, 7.5, 0.5 ],
							"to": [ 0.5, 9.5, 5.5 ],
							"rotationOrigin": [ -0.9, 7.5, 0.5 ],
							"faces": {
								"north": { "texture": "#zinc-sgorevshiy", "uv": [ 0.0, 0.0, 1.0, 2.0 ] },
								"east": { "texture": "#zinc-sgorevshiy", "uv": [ 0.0, 0.0, 5.0, 2.0 ] },
								"south": { "texture": "#zinc-sgorevshiy", "uv": [ 0.0, 0.0, 1.0, 2.0 ] },
								"west": { "texture": "#zinc-sgorevshiy", "uv": [ 0.0, 0.0, 5.0, 2.0 ] },
								"up": { "texture": "#zinc-sgorevshiy", "uv": [ 0.0, 0.0, 1.0, 5.0 ] },
								"down": { "texture": "#zinc-sgorevshiy", "uv": [ 0.0, 0.0, 1.0, 5.0 ] }
							}
						},
						{
							"name": "Cube4",
							"from": [ -0.4, 7.4, 0.4 ],
							"to": [ 0.2, 9.6, 5.6 ],
							"rotationOrigin": [ -0.4, 7.4, 0.4 ],
							"faces": {
								"north": { "texture": "#zinc-sgorevshiy", "uv": [ 0.0, 0.0, 0.5, 2.0 ] },
								"east": { "texture": "#zinc-sgorevshiy", "uv": [ 0.0, 0.0, 5.0, 2.0 ] },
								"south": { "texture": "#zinc-sgorevshiy", "uv": [ 0.0, 0.0, 0.5, 2.0 ] },
								"west": { "texture": "#zinc-sgorevshiy", "uv": [ 0.0, 0.0, 5.0, 2.0 ] },
								"up": { "texture": "#zinc-sgorevshiy", "uv": [ 0.0, 0.0, 0.5, 5.0 ] },
								"down": { "texture": "#zinc-sgorevshiy", "uv": [ 0.0, 0.0, 0.5, 5.0 ] }
							}
						},
						{
							"name": "Cube38",
							"from": [ -0.2, 0.1, 1.4 ],
							"to": [ 0.4, 7.8, 1.7 ],
							"rotationOrigin": [ -0.2, 0.1, 1.4 ],
							"faces": {
								"north": { "texture": "#copper-okalina-polosa", "uv": [ 0.0, 0.0, 0.5, 17.0 ], "autoUv": false },
								"east": { "texture": "#copper-okalina-polosa", "uv": [ 0.0, 0.0, 0.5, 17.0 ], "autoUv": false },
								"south": { "texture": "#copper-okalina-polosa", "uv": [ 0.0, 0.0, 0.5, 17.0 ], "autoUv": false },
								"west": { "texture": "#copper-okalina-polosa", "uv": [ 0.0, 0.0, 0.5, 17.0 ], "autoUv": false },
								"up": { "texture": "#copper-okalina-polosa", "uv": [ 0.0, 0.0, 0.5, 0.5 ] },
								"down": { "texture": "#copper-okalina-polosa", "uv": [ 0.0, 0.0, 0.5, 0.5 ] }
							}
						},
						{
							"name": "Cube39",
							"from": [ -0.2, 0.1, 2.0 ],
							"to": [ 0.4, 7.8, 2.3 ],
							"rotationOrigin": [ -0.2, 0.1, 2.0 ],
							"faces": {
								"north": { "texture": "#copper-okalina-polosa", "uv": [ 0.0, 0.0, 0.5, 17.0 ], "autoUv": false },
								"east": { "texture": "#copper-okalina-polosa", "uv": [ 0.0, 0.0, 0.5, 17.0 ], "autoUv": false },
								"south": { "texture": "#copper-okalina-polosa", "uv": [ 0.0, 0.0, 0.5, 17.0 ], "autoUv": false },
								"west": { "texture": "#copper-okalina-polosa", "uv": [ 0.0, 0.0, 0.5, 17.0 ], "autoUv": false },
								"up": { "texture": "#copper-okalina-polosa", "uv": [ 0.0, 0.0, 0.5, 0.5 ] },
								"down": { "texture": "#copper-okalina-polosa", "uv": [ 0.0, 0.0, 0.5, 0.5 ] }
							}
						},
						{
							"name": "Cube40",
							"from": [ -0.2, 0.1, 3.4 ],
							"to": [ 0.4, 4.8, 3.7 ],
							"rotationOrigin": [ -0.2, 0.1, 3.4 ],
							"faces": {
								"north": { "texture": "#copper-okalina-polosa", "uv": [ 0.0, 0.0, 0.5, 19.0 ], "autoUv": false },
								"east": { "texture": "#copper-okalina-polosa", "uv": [ 0.0, 0.0, 0.5, 19.0 ], "autoUv": false },
								"south": { "texture": "#copper-okalina-polosa", "uv": [ 0.0, 0.0, 0.5, 19.0 ], "autoUv": false },
								"west": { "texture": "#copper-okalina-polosa", "uv": [ 0.0, 0.0, 0.5, 19.0 ], "autoUv": false },
								"up": { "texture": "#copper-okalina-polosa", "uv": [ 0.0, 0.0, 0.5, 0.5 ] },
								"down": { "texture": "#copper-okalina-polosa", "uv": [ 0.0, 0.0, 0.5, 0.5 ] }
							},
							"children": [
								{
									"name": "Cube41",
									"from": [ 0.0, 4.7, 0.0 ],
									"to": [ 0.6, 6.4, 0.3 ],
									"rotationOrigin": [ 0.0, 4.7, 0.0 ],
									"rotationX": 45.0,
									"faces": {
										"north": { "texture": "#copper-okalina-polosa", "uv": [ 0.0, 0.0, 0.5, 1.5 ] },
										"east": { "texture": "#copper-okalina-polosa", "uv": [ 0.0, 0.0, 0.5, 1.5 ] },
										"south": { "texture": "#copper-okalina-polosa", "uv": [ 0.0, 0.0, 0.5, 1.5 ] },
										"west": { "texture": "#copper-okalina-polosa", "uv": [ 0.0, 0.0, 0.5, 1.5 ] },
										"up": { "texture": "#copper-okalina-polosa", "uv": [ 0.0, 0.0, 0.5, 0.5 ] },
										"down": { "texture": "#copper-okalina-polosa", "uv": [ 0.0, 0.0, 0.5, 0.5 ] }
									}
								},
								{
									"name": "Cube42",
									"from": [ 0.0, 5.69, 1.12 ],
									"to": [ 0.6, 7.39, 1.42 ],
									"rotationOrigin": [ 0.0, 5.7, 1.1 ],
									"faces": {
										"north": { "texture": "#copper-okalina-polosa", "uv": [ 0.0, 0.0, 0.5, 1.5 ] },
										"east": { "texture": "#copper-okalina-polosa", "uv": [ 0.0, 0.0, 0.5, 1.5 ] },
										"south": { "texture": "#copper-okalina-polosa", "uv": [ 0.0, 0.0, 0.5, 1.5 ] },
										"west": { "texture": "#copper-okalina-polosa", "uv": [ 0.0, 0.0, 0.5, 1.5 ] },
										"up": { "texture": "#copper-okalina-polosa", "uv": [ 0.0, 0.0, 0.5, 0.5 ] },
										"down": { "texture": "#copper-okalina-polosa", "uv": [ 0.0, 0.0, 0.5, 0.5 ] }
									}
								}
							]
						},
						{
							"name": "Cube48",
							"from": [ -0.3, 0.1, 1.1 ],
							"to": [ 0.3, 0.8, 4.1 ],
							"rotationOrigin": [ -0.3, 0.1, 1.1 ],
							"faces": {
								"north": { "texture": "#brass", "uv": [ 0.0, 0.0, 0.5, 0.5 ] },
								"east": { "texture": "#brass", "uv": [ 0.0, 0.0, 3.0, 0.5 ] },
								"south": { "texture": "#brass", "uv": [ 0.0, 0.0, 0.5, 0.5 ] },
								"west": { "texture": "#brass", "uv": [ 0.0, 0.0, 3.0, 0.5 ] },
								"up": { "texture": "#brass", "uv": [ 0.0, 0.0, 0.5, 3.0 ] },
								"down": { "texture": "#brass", "uv": [ 0.0, 0.0, 0.5, 3.0 ] }
							}
						}
					]
				},
				{
					"name": "Cube31",
					"from": [ 2.0, 0.7, 5.75 ],
					"to": [ 14.0, 1.3, 12.25 ],
					"rotationOrigin": [ 19.0, 7.7, 8.5 ],
					"rotationX": 180.0,
					"faces": {
						"north": { "texture": "#steel-okalina-polosa", "uv": [ 0.0, 0.0, 12.0, 0.5 ] },
						"east": { "texture": "#steel-okalina-polosa", "uv": [ 0.0, 0.0, 6.5, 0.5 ] },
						"south": { "texture": "#steel-okalina-polosa", "uv": [ 0.0, 0.0, 12.0, 0.5 ] },
						"west": { "texture": "#steel-okalina-polosa", "uv": [ 0.0, 0.0, 6.5, 0.5 ] },
						"up": { "texture": "#steel-okalina-polosa", "uv": [ 0.0, 0.0, 12.0, 6.5 ] },
						"down": { "texture": "#steel-okalina-polosa", "uv": [ 0.0, 0.0, 12.0, 6.5 ] }
					}
				},
				{
					"name": "Cube33",
					"from": [ 2.0, 1.0, 5.25 ],
					"to": [ 4.0, 1.6, 15.25 ],
					"rotationOrigin": [ 19.0, 8.0, 8.0 ],
					"rotationX": 90.0,
					"faces": {
						"north": { "texture": "#steel-okalina-polosa", "uv": [ 0.0, 0.0, 2.0, 0.5 ] },
						"east": { "texture": "#steel-okalina-polosa", "uv": [ 0.0, 0.0, 0.5, 16.0 ], "rotation": 90, "autoUv": false },
						"south": { "texture": "#steel-okalina-polosa", "uv": [ 0.0, 0.0, 2.0, 0.5 ] },
						"west": { "texture": "#steel-okalina-polosa", "uv": [ 0.0, 0.0, 0.5, 16.0 ], "rotation": 270, "autoUv": false },
						"up": { "texture": "#steel-okalina-polosa", "uv": [ 0.0, 0.0, 2.0, 16.0 ], "autoUv": false },
						"down": { "texture": "#steel-okalina-polosa", "uv": [ 0.0, 0.0, 2.0, 16.0 ], "autoUv": false }
					},
					"children": [
						{
							"name": "Cube32",
							"from": [ 0.0, -0.1, 0.2 ],
							"to": [ 2.0, 0.5, 5.7 ],
							"rotationOrigin": [ 17.0, 6.9, 2.95 ],
							"rotationX": 45.0,
							"faces": {
								"north": { "texture": "#steel-okalina-polosa", "uv": [ 0.0, 0.0, 2.0, 0.5 ] },
								"east": { "texture": "#steel-okalina-polosa", "uv": [ 0.0, 0.0, 5.5, 0.5 ] },
								"south": { "texture": "#steel-okalina-polosa", "uv": [ 0.0, 0.0, 2.0, 0.5 ] },
								"west": { "texture": "#steel-okalina-polosa", "uv": [ 0.0, 0.0, 5.5, 0.5 ] },
								"up": { "texture": "#steel-okalina-polosa", "uv": [ 0.0, 0.0, 2.0, 5.5 ] },
								"down": { "texture": "#steel-okalina-polosa", "uv": [ 0.0, 0.0, 2.0, 5.5 ] }
							}
						}
					]
				},
				{
					"name": "Cube36",
					"from": [ 2.0, -4.0, 5.25 ],
					"to": [ 4.0, -3.4, 15.75 ],
					"rotationOrigin": [ 19.0, 3.0, 8.0 ],
					"rotationX": -90.0,
					"faces": {
						"north": { "texture": "#steel-okalina-polosa", "uv": [ 0.0, 0.0, 2.0, 0.5 ] },
						"east": { "texture": "#steel-okalina-polosa", "uv": [ 0.0, 0.0, 0.5, 16.0 ], "rotation": 270, "autoUv": false },
						"south": { "texture": "#steel-okalina-polosa", "uv": [ 0.0, 0.0, 2.0, 0.5 ] },
						"west": { "texture": "#steel-okalina-polosa", "uv": [ 0.0, 0.0, 0.5, 16.0 ], "rotation": 90, "autoUv": false },
						"up": { "texture": "#steel-okalina-polosa", "uv": [ 0.0, 0.0, 2.0, 16.0 ], "rotation": 180, "autoUv": false },
						"down": { "texture": "#steel-okalina-polosa", "uv": [ 0.0, 0.0, 2.0, 16.0 ], "rotation": 180, "autoUv": false }
					},
					"children": [
						{
							"name": "Cube37",
							"from": [ 0.0, -0.1, 4.8 ],
							"to": [ 2.0, 0.5, 10.3 ],
							"rotationOrigin": [ 17.0, 6.9, 7.55 ],
							"rotationX": -45.0,
							"faces": {
								"north": { "texture": "#steel-okalina-polosa", "uv": [ 0.0, 0.0, 2.0, 0.5 ] },
								"east": { "texture": "#steel-okalina-polosa", "uv": [ 0.0, 0.0, 5.5, 0.5 ] },
								"south": { "texture": "#steel-okalina-polosa", "uv": [ 0.0, 0.0, 2.0, 0.5 ] },
								"west": { "texture": "#steel-okalina-polosa", "uv": [ 0.0, 0.0, 5.5, 0.5 ] },
								"up": { "texture": "#steel-okalina-polosa", "uv": [ 0.0, 0.0, 2.0, 5.5 ] },
								"down": { "texture": "#steel-okalina-polosa", "uv": [ 0.0, 0.0, 2.0, 5.5 ] }
							}
						}
					]
				},
				{
					"name": "Cube8",
					"from": [ 0.5, 0.3, 0.5 ],
					"to": [ 15.5, 1.3, 15.5 ],
					"rotationOrigin": [ 0.5, 0.3, 0.5 ],
					"faces": {
						"north": { "texture": "#steel", "uv": [ 0.0, 0.0, 15.0, 1.0 ] },
						"east": { "texture": "#steel", "uv": [ 0.0, 0.0, 15.0, 1.0 ] },
						"south": { "texture": "#steel", "uv": [ 0.0, 0.0, 15.0, 1.0 ] },
						"west": { "texture": "#steel", "uv": [ 0.0, 0.0, 15.0, 1.0 ] },
						"up": { "texture": "#steel", "uv": [ 0.0, 0.0, 15.0, 15.0 ] },
						"down": { "texture": "#steel", "uv": [ 0.0, 0.0, 15.0, 15.0 ] }
					}
				},
				{
					"name": "Cube43",
					"from": [ 11.0, 1.2, 5.05 ],
					"to": [ 13.0, 1.8, 15.05 ],
					"rotationOrigin": [ 28.0, 8.2, 7.8 ],
					"rotationX": 90.0,
					"faces": {
						"north": { "texture": "#copper-okalina-polosa", "uv": [ 0.0, 0.0, 2.0, 0.5 ] },
						"east": { "texture": "#copper-okalina-polosa", "uv": [ 0.0, 0.0, 10.0, 0.5 ] },
						"south": { "texture": "#copper-okalina-polosa", "uv": [ 0.0, 0.0, 2.0, 0.5 ] },
						"west": { "texture": "#copper-okalina-polosa", "uv": [ 0.0, 0.0, 10.0, 0.5 ] },
						"up": { "texture": "#copper-okalina-polosa", "uv": [ 0.0, 0.0, 2.0, 10.0 ] },
						"down": { "texture": "#copper-okalina-polosa", "uv": [ 0.0, 0.0, 2.0, 10.0 ] }
					},
					"children": [
						{
							"name": "Cube44",
							"from": [ 0.0, 4.0, -4.0 ],
							"to": [ 2.0, 4.4, 1.66 ],
							"rotationOrigin": [ 0.0, 4.0, -4.0 ],
							"rotationX": 45.0,
							"faces": {
								"north": { "texture": "#copper-okalina-polosa", "uv": [ 0.0, 0.0, 2.0, 0.5 ] },
								"east": { "texture": "#copper-okalina-polosa", "uv": [ 0.0, 0.0, 5.5, 0.5 ] },
								"south": { "texture": "#copper-okalina-polosa", "uv": [ 0.0, 0.0, 2.0, 0.5 ] },
								"west": { "texture": "#copper-okalina-polosa", "uv": [ 0.0, 0.0, 5.5, 0.5 ] },
								"up": { "texture": "#copper-okalina-polosa", "uv": [ 0.0, 0.0, 2.0, 5.5 ] },
								"down": { "texture": "#copper-okalina-polosa", "uv": [ 0.0, 0.0, 2.0, 5.5 ] }
							}
						},
						{
							"name": "Cube45",
							"from": [ 0.0, 6.65, -4.0 ],
							"to": [ 2.0, 7.05, -1.34 ],
							"rotationOrigin": [ 0.0, 6.65, -4.0 ],
							"rotationX": 90.0,
							"faces": {
								"north": { "texture": "#copper-okalina-polosa", "uv": [ 0.0, 0.0, 2.0, 0.5 ] },
								"east": { "texture": "#copper-okalina-polosa", "uv": [ 0.0, 0.0, 2.5, 0.5 ] },
								"south": { "texture": "#copper-okalina-polosa", "uv": [ 0.0, 0.0, 2.0, 0.5 ] },
								"west": { "texture": "#copper-okalina-polosa", "uv": [ 0.0, 0.0, 2.5, 0.5 ] },
								"up": { "texture": "#copper-okalina-polosa", "uv": [ 0.0, 0.0, 2.0, 2.5 ] },
								"down": { "texture": "#copper-okalina-polosa", "uv": [ 0.0, 0.0, 2.0, 2.5 ] }
							}
						},
						{
							"name": "Cube46",
							"from": [ -3.0, 8.65, -4.0 ],
							"to": [ 2.0, 9.05, -2.0 ],
							"rotationOrigin": [ -3.0, 8.65, -4.0 ],
							"rotationX": 90.0,
							"faces": {
								"north": { "texture": "#copper-okalina-polosa", "uv": [ 0.0, 0.0, 5.0, 0.5 ] },
								"east": { "texture": "#copper-okalina-polosa", "uv": [ 0.0, 0.0, 2.0, 0.5 ] },
								"south": { "texture": "#copper-okalina-polosa", "uv": [ 0.0, 0.0, 5.0, 0.5 ] },
								"west": { "texture": "#copper-okalina-polosa", "uv": [ 0.0, 0.0, 2.0, 0.5 ] },
								"up": { "texture": "#copper-okalina-polosa", "uv": [ 0.0, 0.0, 5.0, 2.0 ] },
								"down": { "texture": "#copper-okalina-polosa", "uv": [ 0.0, 0.0, 5.0, 2.0 ] }
							}
						},
						{
							"name": "Cube47",
							"from": [ -0.2, -0.2, 9.3 ],
							"to": [ 2.2, 0.7, 10.3 ],
							"rotationOrigin": [ -0.2, -0.2, 9.3 ],
							"faces": {
								"north": { "texture": "#brass", "uv": [ 0.0, 0.0, 2.0, 0.5 ] },
								"east": { "texture": "#brass", "uv": [ 0.0, 0.0, 1.0, 0.5 ] },
								"south": { "texture": "#brass", "uv": [ 0.0, 0.0, 2.0, 0.5 ] },
								"west": { "texture": "#brass", "uv": [ 0.0, 0.0, 1.0, 0.5 ] },
								"up": { "texture": "#brass", "uv": [ 0.0, 0.0, 2.0, 1.0 ] },
								"down": { "texture": "#brass", "uv": [ 0.0, 0.0, 2.0, 1.0 ] }
							}
						},
						{
							"name": "Cube49",
							"from": [ -5.8, 9.65, -4.7 ],
							"to": [ -2.8, 10.85, -0.7 ],
							"rotationOrigin": [ -5.8, 9.65, -4.7 ],
							"rotationX": 90.0,
							"faces": {
								"north": { "texture": "#zinc-sgorevshiy", "uv": [ 0.0, 0.0, 3.0, 1.0 ] },
								"east": { "texture": "#zinc-sgorevshiy", "uv": [ 0.0, 0.0, 4.0, 1.0 ] },
								"south": { "texture": "#zinc-sgorevshiy", "uv": [ 0.0, 0.0, 3.0, 1.0 ] },
								"west": { "texture": "#zinc-sgorevshiy", "uv": [ 0.0, 0.0, 4.0, 1.0 ] },
								"up": { "texture": "#zinc-sgorevshiy", "uv": [ 0.0, 0.0, 3.0, 4.0 ] },
								"down": { "texture": "#zinc-sgorevshiy", "uv": [ 0.0, 0.0, 3.0, 4.0 ] }
							}
						},
						{
							"name": "Cube50",
							"from": [ -5.6, 8.95, -4.2 ],
							"to": [ -2.6, 9.65, -1.6 ],
							"rotationOrigin": [ -5.6, 8.95, -4.2 ],
							"rotationX": 90.0,
							"faces": {
								"north": { "texture": "#zinc-sgorevshiy", "uv": [ 0.0, 0.0, 3.0, 0.5 ] },
								"east": { "texture": "#zinc-sgorevshiy", "uv": [ 0.0, 0.0, 2.5, 0.5 ] },
								"south": { "texture": "#zinc-sgorevshiy", "uv": [ 0.0, 0.0, 3.0, 0.5 ] },
								"west": { "texture": "#zinc-sgorevshiy", "uv": [ 0.0, 0.0, 2.5, 0.5 ] },
								"up": { "texture": "#zinc-sgorevshiy", "uv": [ 0.0, 0.0, 3.0, 2.5 ] },
								"down": { "texture": "#zinc-sgorevshiy", "uv": [ 0.0, 0.0, 3.0, 2.5 ] }
							}
						}
					]
				},
				{
					"name": "Cube51",
					"from": [ 9.0, 1.0, 5.25 ],
					"to": [ 14.0, 1.6, 15.25 ],
					"rotationOrigin": [ 26.0, 8.0, 8.0 ],
					"rotationX": 90.0,
					"faces": {
						"north": { "texture": "#steel-okalina-polosa", "uv": [ 0.0, 0.0, 5.0, 0.5 ] },
						"east": { "texture": "#steel-okalina-polosa", "uv": [ 0.0, 0.0, 0.5, 16.0 ], "rotation": 90, "autoUv": false },
						"south": { "texture": "#steel-okalina-polosa", "uv": [ 0.0, 0.0, 5.0, 0.5 ] },
						"west": { "texture": "#steel-okalina-polosa", "uv": [ 0.0, 0.0, 0.5, 16.0 ], "rotation": 270, "autoUv": false },
						"up": { "texture": "#steel-okalina-polosa", "uv": [ 0.0, 0.0, 5.0, 16.0 ], "autoUv": false },
						"down": { "texture": "#steel-okalina-polosa", "uv": [ 0.0, 0.0, 5.0, 16.0 ], "autoUv": false }
					},
					"children": [
						{
							"name": "Cube52",
							"from": [ 0.0, -0.1, 0.2 ],
							"to": [ 5.0, 0.5, 5.7 ],
							"rotationOrigin": [ 17.0, 6.9, 2.95 ],
							"rotationX": 45.0,
							"faces": {
								"north": { "texture": "#steel-okalina-polosa", "uv": [ 0.0, 0.0, 5.0, 0.5 ] },
								"east": { "texture": "#steel-okalina-polosa", "uv": [ 0.0, 0.0, 5.5, 0.5 ] },
								"south": { "texture": "#steel-okalina-polosa", "uv": [ 0.0, 0.0, 5.0, 0.5 ] },
								"west": { "texture": "#steel-okalina-polosa", "uv": [ 0.0, 0.0, 5.5, 0.5 ] },
								"up": { "texture": "#steel-okalina-polosa", "uv": [ 0.0, 0.0, 5.0, 5.5 ] },
								"down": { "texture": "#steel-okalina-polosa", "uv": [ 0.0, 0.0, 5.0, 5.5 ] }
							}
						}
					]
				},
				{
					"name": "Cube53",
					"from": [ 12.0, -4.0, 5.25 ],
					"to": [ 14.0, -3.4, 15.75 ],
					"rotationOrigin": [ 29.0, 3.0, 8.0 ],
					"rotationX": -90.0,
					"faces": {
						"north": { "texture": "#steel-okalina-polosa", "uv": [ 0.0, 0.0, 2.0, 0.5 ] },
						"east": { "texture": "#steel-okalina-polosa", "uv": [ 0.0, 0.0, 0.5, 16.0 ], "rotation": 270, "autoUv": false },
						"south": { "texture": "#steel-okalina-polosa", "uv": [ 0.0, 0.0, 2.0, 0.5 ] },
						"west": { "texture": "#steel-okalina-polosa", "uv": [ 0.0, 0.0, 0.5, 16.0 ], "rotation": 90, "autoUv": false },
						"up": { "texture": "#steel-okalina-polosa", "uv": [ 0.0, 0.0, 2.0, 16.0 ], "rotation": 180, "autoUv": false },
						"down": { "texture": "#steel-okalina-polosa", "uv": [ 0.0, 0.0, 2.0, 16.0 ], "rotation": 180, "autoUv": false }
					},
					"children": [
						{
							"name": "Cube54",
							"from": [ 0.0, -0.1, 4.8 ],
							"to": [ 2.0, 0.5, 10.3 ],
							"rotationOrigin": [ 17.0, 6.9, 7.55 ],
							"rotationX": -45.0,
							"faces": {
								"north": { "texture": "#steel-okalina-polosa", "uv": [ 0.0, 0.0, 2.0, 0.5 ] },
								"east": { "texture": "#steel-okalina-polosa", "uv": [ 0.0, 0.0, 5.5, 0.5 ] },
								"south": { "texture": "#steel-okalina-polosa", "uv": [ 0.0, 0.0, 2.0, 0.5 ] },
								"west": { "texture": "#steel-okalina-polosa", "uv": [ 0.0, 0.0, 5.5, 0.5 ] },
								"up": { "texture": "#steel-okalina-polosa", "uv": [ 0.0, 0.0, 2.0, 5.5 ] },
								"down": { "texture": "#steel-okalina-polosa", "uv": [ 0.0, 0.0, 2.0, 5.5 ] }
							}
						}
					]
				}
			]
		},
		{
			"name": "rotor",
			"from": [ 0.0, 7.0, 6.0 ],
			"to": [ 14.0, 9.0, 10.0 ],
			"rotationOrigin": [ 8.0, 8.0, 8.0 ],
			"rotationY": -90.0,
			"faces": {
				"north": { "texture": "#ebony1", "uv": [ 0.0, 1.0, 14.0, 3.0 ] },
				"east": { "texture": "#ebony1", "uv": [ 0.0, 1.0, 4.0, 3.0 ] },
				"south": { "texture": "#ebony1", "uv": [ 0.0, 1.0, 14.0, 3.0 ] },
				"west": { "texture": "#ebony1", "uv": [ 0.0, 1.0, 4.0, 3.0 ] },
				"up": { "texture": "#ebony1", "uv": [ 0.0, 1.0, 14.0, 5.0 ] },
				"down": { "texture": "#ebony1", "uv": [ 0.0, 1.0, 14.0, 5.0 ] }
			},
			"children": [
				{
					"name": "Cube3",
					"from": [ 0.01, -1.0, 1.0 ],
					"to": [ 14.01, 3.0, 3.0 ],
					"rotationOrigin": [ 2.0, 1.0, 2.0 ],
					"faces": {
						"north": { "texture": "#ebony1", "uv": [ 0.0, 1.0, 14.0, 5.0 ] },
						"east": { "texture": "#ebony1", "uv": [ 0.0, 0.0, 2.0, 4.0 ] },
						"south": { "texture": "#ebony1", "uv": [ 0.0, 1.0, 14.0, 5.0 ] },
						"west": { "texture": "#ebony1", "uv": [ 0.0, 0.0, 2.0, 4.0 ] },
						"up": { "texture": "#ebony1", "uv": [ 0.0, 1.0, 14.0, 3.0 ] },
						"down": { "texture": "#ebony1", "uv": [ 0.0, 1.0, 14.0, 3.0 ] }
					}
				},
				{
					"name": "Cube79",
					"from": [ 2.5, 5.0, 0.5 ],
					"to": [ 13.5, 6.0, 3.5 ],
					"rotationOrigin": [ 2.0, 1.0, 2.0 ],
					"rotationX": -90.0,
					"faces": {
						"north": { "texture": "#zinc-sgorevshiy", "uv": [ 0.0, 0.0, 11.0, 1.0 ] },
						"east": { "texture": "#zinc-sgorevshiy", "uv": [ 0.0, 0.0, 3.0, 1.0 ] },
						"south": { "texture": "#zinc-sgorevshiy", "uv": [ 0.0, 0.0, 11.0, 1.0 ] },
						"west": { "texture": "#zinc-sgorevshiy", "uv": [ 0.0, 0.0, 3.0, 1.0 ] },
						"up": { "texture": "#zinc-sgorevshiy", "uv": [ 0.0, 0.0, 11.0, 3.0 ] },
						"down": { "texture": "#zinc-sgorevshiy", "uv": [ 0.0, 0.0, 11.0, 3.0 ] }
					},
					"children": [
						{
							"name": "Cube80",
							"from": [ -0.5, -0.5, -0.5 ],
							"to": [ 0.5, 1.5, 3.5 ],
							"rotationOrigin": [ 1.0, -1.0, 1.0 ],
							"faces": {
								"north": { "texture": "#zinc-sgorevshiy", "uv": [ 0.0, 0.0, 1.0, 2.0 ] },
								"east": { "texture": "#zinc-sgorevshiy", "uv": [ 0.0, 0.0, 4.0, 2.0 ] },
								"south": { "texture": "#zinc-sgorevshiy", "uv": [ 0.0, 0.0, 1.0, 2.0 ] },
								"west": { "texture": "#zinc-sgorevshiy", "uv": [ 0.0, 0.0, 4.0, 2.0 ] },
								"up": { "texture": "#zinc-sgorevshiy", "uv": [ 0.0, 0.0, 1.0, 4.0 ] },
								"down": { "texture": "#zinc-sgorevshiy", "uv": [ 0.0, 0.0, 1.0, 4.0 ] }
							}
						},
						{
							"name": "Cube81",
							"from": [ 1.5, -3.0, 1.0 ],
							"to": [ 9.5, 0.5, 2.0 ],
							"rotationOrigin": [ 1.0, -2.0, 3.5 ],
							"faces": {
								"north": { "texture": "#zinc-sgorevshiy", "uv": [ 0.0, 0.0, 8.0, 3.5 ] },
								"east": { "texture": "#zinc-sgorevshiy", "uv": [ 0.0, 0.0, 1.0, 3.5 ] },
								"south": { "texture": "#zinc-sgorevshiy", "uv": [ 0.0, 0.0, 8.0, 3.5 ] },
								"west": { "texture": "#zinc-sgorevshiy", "uv": [ 0.0, 0.0, 1.0, 3.5 ] },
								"up": { "texture": "#zinc-sgorevshiy", "uv": [ 0.0, 0.0, 8.0, 1.0 ] },
								"down": { "texture": "#zinc-sgorevshiy", "uv": [ 0.0, 0.0, 8.0, 1.0 ] }
							}
						},
						{
							"name": "Cube82",
							"from": [ 10.5, -0.5, -0.5 ],
							"to": [ 11.5, 1.5, 3.5 ],
							"rotationOrigin": [ 12.0, -1.0, 1.0 ],
							"faces": {
								"north": { "texture": "#zinc-sgorevshiy", "uv": [ 0.0, 0.0, 1.0, 2.0 ] },
								"east": { "texture": "#zinc-sgorevshiy", "uv": [ 0.0, 0.0, 4.0, 2.0 ] },
								"south": { "texture": "#zinc-sgorevshiy", "uv": [ 0.0, 0.0, 1.0, 2.0 ] },
								"west": { "texture": "#zinc-sgorevshiy", "uv": [ 0.0, 0.0, 4.0, 2.0 ] },
								"up": { "texture": "#zinc-sgorevshiy", "uv": [ 0.0, 0.0, 1.0, 4.0 ] },
								"down": { "texture": "#zinc-sgorevshiy", "uv": [ 0.0, 0.0, 1.0, 4.0 ] }
							}
						},
						{
							"name": "Cube83",
							"from": [ 0.6, -0.3, -0.3 ],
							"to": [ 0.9, 1.3, 3.3 ],
							"rotationOrigin": [ 2.1, -0.8, 1.2 ],
							"faces": {
								"north": { "texture": "#copper-okalina-polosa", "uv": [ 0.0, 0.0, 0.5, 1.5 ] },
								"east": { "texture": "#copper-okalina-polosa", "uv": [ 0.0, 0.0, 3.5, 1.5 ] },
								"south": { "texture": "#copper-okalina-polosa", "uv": [ 0.0, 0.0, 0.5, 1.5 ] },
								"west": { "texture": "#copper-okalina-polosa", "uv": [ 0.0, 0.0, 3.5, 1.5 ] },
								"up": { "texture": "#copper-okalina-polosa", "uv": [ 0.0, 0.0, 0.5, 3.5 ] },
								"down": { "texture": "#copper-okalina-polosa", "uv": [ 0.0, 0.0, 0.5, 3.5 ] }
							}
						},
						{
							"name": "Cube84",
							"from": [ 1.1, -0.3, -0.3 ],
							"to": [ 1.4, 1.3, 3.3 ],
							"rotationOrigin": [ 2.6, -0.8, 1.2 ],
							"faces": {
								"north": { "texture": "#copper-okalina-polosa", "uv": [ 0.0, 0.0, 0.5, 1.5 ] },
								"east": { "texture": "#copper-okalina-polosa", "uv": [ 0.0, 0.0, 3.5, 1.5 ] },
								"south": { "texture": "#copper-okalina-polosa", "uv": [ 0.0, 0.0, 0.5, 1.5 ] },
								"west": { "texture": "#copper-okalina-polosa", "uv": [ 0.0, 0.0, 3.5, 1.5 ] },
								"up": { "texture": "#copper-okalina-polosa", "uv": [ 0.0, 0.0, 0.5, 3.5 ] },
								"down": { "texture": "#copper-okalina-polosa", "uv": [ 0.0, 0.0, 0.5, 3.5 ] }
							}
						},
						{
							"name": "Cube85",
							"from": [ 1.6, -0.3, -0.3 ],
							"to": [ 1.9, 1.3, 3.3 ],
							"rotationOrigin": [ 3.1, -0.8, 1.2 ],
							"faces": {
								"north": { "texture": "#copper-okalina-polosa", "uv": [ 0.0, 0.0, 0.5, 1.5 ] },
								"east": { "texture": "#copper-okalina-polosa", "uv": [ 0.0, 0.0, 3.5, 1.5 ] },
								"south": { "texture": "#copper-okalina-polosa", "uv": [ 0.0, 0.0, 0.5, 1.5 ] },
								"west": { "texture": "#copper-okalina-polosa", "uv": [ 0.0, 0.0, 3.5, 1.5 ] },
								"up": { "texture": "#copper-okalina-polosa", "uv": [ 0.0, 0.0, 0.5, 3.5 ] },
								"down": { "texture": "#copper-okalina-polosa", "uv": [ 0.0, 0.0, 0.5, 3.5 ] }
							}
						},
						{
							"name": "Cube86",
							"from": [ 2.1, -0.3, -0.3 ],
							"to": [ 2.4, 1.3, 3.3 ],
							"rotationOrigin": [ 3.6, -0.8, 1.2 ],
							"faces": {
								"north": { "texture": "#copper-okalina-polosa", "uv": [ 0.0, 0.0, 0.5, 1.5 ] },
								"east": { "texture": "#copper-okalina-polosa", "uv": [ 0.0, 0.0, 3.5, 1.5 ] },
								"south": { "texture": "#copper-okalina-polosa", "uv": [ 0.0, 0.0, 0.5, 1.5 ] },
								"west": { "texture": "#copper-okalina-polosa", "uv": [ 0.0, 0.0, 3.5, 1.5 ] },
								"up": { "texture": "#copper-okalina-polosa", "uv": [ 0.0, 0.0, 0.5, 3.5 ] },
								"down": { "texture": "#copper-okalina-polosa", "uv": [ 0.0, 0.0, 0.5, 3.5 ] }
							}
						},
						{
							"name": "Cube87",
							"from": [ 2.6, -0.3, -0.3 ],
							"to": [ 2.9, 1.3, 3.3 ],
							"rotationOrigin": [ 4.1, -0.8, 1.2 ],
							"faces": {
								"north": { "texture": "#copper-okalina-polosa", "uv": [ 0.0, 0.0, 0.5, 1.5 ] },
								"east": { "texture": "#copper-okalina-polosa", "uv": [ 0.0, 0.0, 3.5, 1.5 ] },
								"south": { "texture": "#copper-okalina-polosa", "uv": [ 0.0, 0.0, 0.5, 1.5 ] },
								"west": { "texture": "#copper-okalina-polosa", "uv": [ 0.0, 0.0, 3.5, 1.5 ] },
								"up": { "texture": "#copper-okalina-polosa", "uv": [ 0.0, 0.0, 0.5, 3.5 ] },
								"down": { "texture": "#copper-okalina-polosa", "uv": [ 0.0, 0.0, 0.5, 3.5 ] }
							}
						},
						{
							"name": "Cube88",
							"from": [ 3.1, -0.3, -0.3 ],
							"to": [ 3.4, 1.3, 3.3 ],
							"rotationOrigin": [ 4.6, -0.8, 1.2 ],
							"faces": {
								"north": { "texture": "#copper-okalina-polosa", "uv": [ 0.0, 0.0, 0.5, 1.5 ] },
								"east": { "texture": "#copper-okalina-polosa", "uv": [ 0.0, 0.0, 3.5, 1.5 ] },
								"south": { "texture": "#copper-okalina-polosa", "uv": [ 0.0, 0.0, 0.5, 1.5 ] },
								"west": { "texture": "#copper-okalina-polosa", "uv": [ 0.0, 0.0, 3.5, 1.5 ] },
								"up": { "texture": "#copper-okalina-polosa", "uv": [ 0.0, 0.0, 0.5, 3.5 ] },
								"down": { "texture": "#copper-okalina-polosa", "uv": [ 0.0, 0.0, 0.5, 3.5 ] }
							}
						},
						{
							"name": "Cube89",
							"from": [ 3.6, -0.3, -0.3 ],
							"to": [ 3.9, 1.3, 3.3 ],
							"rotationOrigin": [ 5.1, -0.8, 1.2 ],
							"faces": {
								"north": { "texture": "#copper-okalina-polosa", "uv": [ 0.0, 0.0, 0.5, 1.5 ] },
								"east": { "texture": "#copper-okalina-polosa", "uv": [ 0.0, 0.0, 3.5, 1.5 ] },
								"south": { "texture": "#copper-okalina-polosa", "uv": [ 0.0, 0.0, 0.5, 1.5 ] },
								"west": { "texture": "#copper-okalina-polosa", "uv": [ 0.0, 0.0, 3.5, 1.5 ] },
								"up": { "texture": "#copper-okalina-polosa", "uv": [ 0.0, 0.0, 0.5, 3.5 ] },
								"down": { "texture": "#copper-okalina-polosa", "uv": [ 0.0, 0.0, 0.5, 3.5 ] }
							}
						},
						{
							"name": "Cube90",
							"from": [ 4.1, -0.3, -0.3 ],
							"to": [ 4.4, 1.3, 3.3 ],
							"rotationOrigin": [ 5.6, -0.8, 1.2 ],
							"faces": {
								"north": { "texture": "#copper-okalina-polosa", "uv": [ 0.0, 0.0, 0.5, 1.5 ] },
								"east": { "texture": "#copper-okalina-polosa", "uv": [ 0.0, 0.0, 3.5, 1.5 ] },
								"south": { "texture": "#copper-okalina-polosa", "uv": [ 0.0, 0.0, 0.5, 1.5 ] },
								"west": { "texture": "#copper-okalina-polosa", "uv": [ 0.0, 0.0, 3.5, 1.5 ] },
								"up": { "texture": "#copper-okalina-polosa", "uv": [ 0.0, 0.0, 0.5, 3.5 ] },
								"down": { "texture": "#copper-okalina-polosa", "uv": [ 0.0, 0.0, 0.5, 3.5 ] }
							}
						},
						{
							"name": "Cube91",
							"from": [ 4.6, -0.3, -0.3 ],
							"to": [ 4.9, 1.3, 3.3 ],
							"rotationOrigin": [ 6.1, -0.8, 1.2 ],
							"faces": {
								"north": { "texture": "#copper-okalina-polosa", "uv": [ 0.0, 0.0, 0.5, 1.5 ] },
								"east": { "texture": "#copper-okalina-polosa", "uv": [ 0.0, 0.0, 3.5, 1.5 ] },
								"south": { "texture": "#copper-okalina-polosa", "uv": [ 0.0, 0.0, 0.5, 1.5 ] },
								"west": { "texture": "#copper-okalina-polosa", "uv": [ 0.0, 0.0, 3.5, 1.5 ] },
								"up": { "texture": "#copper-okalina-polosa", "uv": [ 0.0, 0.0, 0.5, 3.5 ] },
								"down": { "texture": "#copper-okalina-polosa", "uv": [ 0.0, 0.0, 0.5, 3.5 ] }
							}
						},
						{
							"name": "Cube92",
							"from": [ 5.1, -0.3, -0.3 ],
							"to": [ 5.4, 1.3, 3.3 ],
							"rotationOrigin": [ 6.6, -0.8, 1.2 ],
							"faces": {
								"north": { "texture": "#copper-okalina-polosa", "uv": [ 0.0, 0.0, 0.5, 1.5 ] },
								"east": { "texture": "#copper-okalina-polosa", "uv": [ 0.0, 0.0, 3.5, 1.5 ] },
								"south": { "texture": "#copper-okalina-polosa", "uv": [ 0.0, 0.0, 0.5, 1.5 ] },
								"west": { "texture": "#copper-okalina-polosa", "uv": [ 0.0, 0.0, 3.5, 1.5 ] },
								"up": { "texture": "#copper-okalina-polosa", "uv": [ 0.0, 0.0, 0.5, 3.5 ] },
								"down": { "texture": "#copper-okalina-polosa", "uv": [ 0.0, 0.0, 0.5, 3.5 ] }
							}
						},
						{
							"name": "Cube93",
							"from": [ 5.6, -0.3, -0.3 ],
							"to": [ 5.9, 1.3, 3.3 ],
							"rotationOrigin": [ 7.1, -0.8, 1.2 ],
							"faces": {
								"north": { "texture": "#copper-okalina-polosa", "uv": [ 0.0, 0.0, 0.5, 1.5 ] },
								"east": { "texture": "#copper-okalina-polosa", "uv": [ 0.0, 0.0, 3.5, 1.5 ] },
								"south": { "texture": "#copper-okalina-polosa", "uv": [ 0.0, 0.0, 0.5, 1.5 ] },
								"west": { "texture": "#copper-okalina-polosa", "uv": [ 0.0, 0.0, 3.5, 1.5 ] },
								"up": { "texture": "#copper-okalina-polosa", "uv": [ 0.0, 0.0, 0.5, 3.5 ] },
								"down": { "texture": "#copper-okalina-polosa", "uv": [ 0.0, 0.0, 0.5, 3.5 ] }
							}
						},
						{
							"name": "Cube94",
							"from": [ 6.1, -0.3, -0.3 ],
							"to": [ 6.4, 1.3, 3.3 ],
							"rotationOrigin": [ 7.6, -0.8, 1.2 ],
							"faces": {
								"north": { "texture": "#copper-okalina-polosa", "uv": [ 0.0, 0.0, 0.5, 1.5 ] },
								"east": { "texture": "#copper-okalina-polosa", "uv": [ 0.0, 0.0, 3.5, 1.5 ] },
								"south": { "texture": "#copper-okalina-polosa", "uv": [ 0.0, 0.0, 0.5, 1.5 ] },
								"west": { "texture": "#copper-okalina-polosa", "uv": [ 0.0, 0.0, 3.5, 1.5 ] },
								"up": { "texture": "#copper-okalina-polosa", "uv": [ 0.0, 0.0, 0.5, 3.5 ] },
								"down": { "texture": "#copper-okalina-polosa", "uv": [ 0.0, 0.0, 0.5, 3.5 ] }
							}
						},
						{
							"name": "Cube95",
							"from": [ 6.6, -0.3, -0.3 ],
							"to": [ 6.9, 1.3, 3.3 ],
							"rotationOrigin": [ 8.1, -0.8, 1.2 ],
							"faces": {
								"north": { "texture": "#copper-okalina-polosa", "uv": [ 0.0, 0.0, 0.5, 1.5 ] },
								"east": { "texture": "#copper-okalina-polosa", "uv": [ 0.0, 0.0, 3.5, 1.5 ] },
								"south": { "texture": "#copper-okalina-polosa", "uv": [ 0.0, 0.0, 0.5, 1.5 ] },
								"west": { "texture": "#copper-okalina-polosa", "uv": [ 0.0, 0.0, 3.5, 1.5 ] },
								"up": { "texture": "#copper-okalina-polosa", "uv": [ 0.0, 0.0, 0.5, 3.5 ] },
								"down": { "texture": "#copper-okalina-polosa", "uv": [ 0.0, 0.0, 0.5, 3.5 ] }
							}
						},
						{
							"name": "Cube96",
							"from": [ 7.1, -0.3, -0.3 ],
							"to": [ 7.4, 1.3, 3.3 ],
							"rotationOrigin": [ 8.6, -0.8, 1.2 ],
							"faces": {
								"north": { "texture": "#copper-okalina-polosa", "uv": [ 0.0, 0.0, 0.5, 1.5 ] },
								"east": { "texture": "#copper-okalina-polosa", "uv": [ 0.0, 0.0, 3.5, 1.5 ] },
								"south": { "texture": "#copper-okalina-polosa", "uv": [ 0.0, 0.0, 0.5, 1.5 ] },
								"west": { "texture": "#copper-okalina-polosa", "uv": [ 0.0, 0.0, 3.5, 1.5 ] },
								"up": { "texture": "#copper-okalina-polosa", "uv": [ 0.0, 0.0, 0.5, 3.5 ] },
								"down": { "texture": "#copper-okalina-polosa", "uv": [ 0.0, 0.0, 0.5, 3.5 ] }
							}
						},
						{
							"name": "Cube97",
							"from": [ 7.6, -0.3, -0.3 ],
							"to": [ 7.9, 1.3, 3.3 ],
							"rotationOrigin": [ 9.1, -0.8, 1.2 ],
							"faces": {
								"north": { "texture": "#copper-okalina-polosa", "uv": [ 0.0, 0.0, 0.5, 1.5 ] },
								"east": { "texture": "#copper-okalina-polosa", "uv": [ 0.0, 0.0, 3.5, 1.5 ] },
								"south": { "texture": "#copper-okalina-polosa", "uv": [ 0.0, 0.0, 0.5, 1.5 ] },
								"west": { "texture": "#copper-okalina-polosa", "uv": [ 0.0, 0.0, 3.5, 1.5 ] },
								"up": { "texture": "#copper-okalina-polosa", "uv": [ 0.0, 0.0, 0.5, 3.5 ] },
								"down": { "texture": "#copper-okalina-polosa", "uv": [ 0.0, 0.0, 0.5, 3.5 ] }
							}
						},
						{
							"name": "Cube98",
							"from": [ 8.1, -0.3, -0.3 ],
							"to": [ 8.4, 1.3, 3.3 ],
							"rotationOrigin": [ 9.6, -0.8, 1.2 ],
							"faces": {
								"north": { "texture": "#copper-okalina-polosa", "uv": [ 0.0, 0.0, 0.5, 1.5 ] },
								"east": { "texture": "#copper-okalina-polosa", "uv": [ 0.0, 0.0, 3.5, 1.5 ] },
								"south": { "texture": "#copper-okalina-polosa", "uv": [ 0.0, 0.0, 0.5, 1.5 ] },
								"west": { "texture": "#copper-okalina-polosa", "uv": [ 0.0, 0.0, 3.5, 1.5 ] },
								"up": { "texture": "#copper-okalina-polosa", "uv": [ 0.0, 0.0, 0.5, 3.5 ] },
								"down": { "texture": "#copper-okalina-polosa", "uv": [ 0.0, 0.0, 0.5, 3.5 ] }
							}
						},
						{
							"name": "Cube99",
							"from": [ 8.6, -0.3, -0.3 ],
							"to": [ 8.9, 1.3, 3.3 ],
							"rotationOrigin": [ 10.1, -0.8, 1.2 ],
							"faces": {
								"north": { "texture": "#copper-okalina-polosa", "uv": [ 0.0, 0.0, 0.5, 1.5 ] },
								"east": { "texture": "#copper-okalina-polosa", "uv": [ 0.0, 0.0, 3.5, 1.5 ] },
								"south": { "texture": "#copper-okalina-polosa", "uv": [ 0.0, 0.0, 0.5, 1.5 ] },
								"west": { "texture": "#copper-okalina-polosa", "uv": [ 0.0, 0.0, 3.5, 1.5 ] },
								"up": { "texture": "#copper-okalina-polosa", "uv": [ 0.0, 0.0, 0.5, 3.5 ] },
								"down": { "texture": "#copper-okalina-polosa", "uv": [ 0.0, 0.0, 0.5, 3.5 ] }
							}
						},
						{
							"name": "Cube100",
							"from": [ 9.1, -0.3, -0.3 ],
							"to": [ 9.4, 1.3, 3.3 ],
							"rotationOrigin": [ 10.6, -0.8, 1.2 ],
							"faces": {
								"north": { "texture": "#copper-okalina-polosa", "uv": [ 0.0, 0.0, 0.5, 1.5 ] },
								"east": { "texture": "#copper-okalina-polosa", "uv": [ 0.0, 0.0, 3.5, 1.5 ] },
								"south": { "texture": "#copper-okalina-polosa", "uv": [ 0.0, 0.0, 0.5, 1.5 ] },
								"west": { "texture": "#copper-okalina-polosa", "uv": [ 0.0, 0.0, 3.5, 1.5 ] },
								"up": { "texture": "#copper-okalina-polosa", "uv": [ 0.0, 0.0, 0.5, 3.5 ] },
								"down": { "texture": "#copper-okalina-polosa", "uv": [ 0.0, 0.0, 0.5, 3.5 ] }
							}
						},
						{
							"name": "Cube101",
							"from": [ 9.6, -0.3, -0.3 ],
							"to": [ 9.9, 1.3, 3.3 ],
							"rotationOrigin": [ 11.1, -0.8, 1.2 ],
							"faces": {
								"north": { "texture": "#copper-okalina-polosa", "uv": [ 0.0, 0.0, 0.5, 1.5 ] },
								"east": { "texture": "#copper-okalina-polosa", "uv": [ 0.0, 0.0, 3.5, 1.5 ] },
								"south": { "texture": "#copper-okalina-polosa", "uv": [ 0.0, 0.0, 0.5, 1.5 ] },
								"west": { "texture": "#copper-okalina-polosa", "uv": [ 0.0, 0.0, 3.5, 1.5 ] },
								"up": { "texture": "#copper-okalina-polosa", "uv": [ 0.0, 0.0, 0.5, 3.5 ] },
								"down": { "texture": "#copper-okalina-polosa", "uv": [ 0.0, 0.0, 0.5, 3.5 ] }
							}
						},
						{
							"name": "Cube102",
							"from": [ 10.1, -0.3, -0.3 ],
							"to": [ 10.4, 1.3, 3.3 ],
							"rotationOrigin": [ 11.6, -0.8, 1.2 ],
							"faces": {
								"north": { "texture": "#copper-okalina-polosa", "uv": [ 0.0, 0.0, 0.5, 1.5 ] },
								"east": { "texture": "#copper-okalina-polosa", "uv": [ 0.0, 0.0, 3.5, 1.5 ] },
								"south": { "texture": "#copper-okalina-polosa", "uv": [ 0.0, 0.0, 0.5, 1.5 ] },
								"west": { "texture": "#copper-okalina-polosa", "uv": [ 0.0, 0.0, 3.5, 1.5 ] },
								"up": { "texture": "#copper-okalina-polosa", "uv": [ 0.0, 0.0, 0.5, 3.5 ] },
								"down": { "texture": "#copper-okalina-polosa", "uv": [ 0.0, 0.0, 0.5, 3.5 ] }
							}
						}
					]
				},
				{
					"name": "Cube103",
					"from": [ 2.5, 5.0, 0.5 ],
					"to": [ 13.5, 6.0, 3.5 ],
					"rotationOrigin": [ 2.0, 1.0, 2.0 ],
					"faces": {
						"north": { "texture": "#zinc-sgorevshiy", "uv": [ 0.0, 0.0, 11.0, 1.0 ] },
						"east": { "texture": "#zinc-sgorevshiy", "uv": [ 0.0, 0.0, 3.0, 1.0 ] },
						"south": { "texture": "#zinc-sgorevshiy", "uv": [ 0.0, 0.0, 11.0, 1.0 ] },
						"west": { "texture": "#zinc-sgorevshiy", "uv": [ 0.0, 0.0, 3.0, 1.0 ] },
						"up": { "texture": "#zinc-sgorevshiy", "uv": [ 0.0, 0.0, 11.0, 3.0 ] },
						"down": { "texture": "#zinc-sgorevshiy", "uv": [ 0.0, 0.0, 11.0, 3.0 ] }
					},
					"children": [
						{
							"name": "Cube104",
							"from": [ -0.5, -0.5, -0.5 ],
							"to": [ 0.5, 1.5, 3.5 ],
							"rotationOrigin": [ 1.0, -1.0, 1.0 ],
							"faces": {
								"north": { "texture": "#zinc-sgorevshiy", "uv": [ 0.0, 0.0, 1.0, 2.0 ] },
								"east": { "texture": "#zinc-sgorevshiy", "uv": [ 0.0, 0.0, 4.0, 2.0 ] },
								"south": { "texture": "#zinc-sgorevshiy", "uv": [ 0.0, 0.0, 1.0, 2.0 ] },
								"west": { "texture": "#zinc-sgorevshiy", "uv": [ 0.0, 0.0, 4.0, 2.0 ] },
								"up": { "texture": "#zinc-sgorevshiy", "uv": [ 0.0, 0.0, 1.0, 4.0 ] },
								"down": { "texture": "#zinc-sgorevshiy", "uv": [ 0.0, 0.0, 1.0, 4.0 ] }
							}
						},
						{
							"name": "Cube105",
							"from": [ 1.5, -3.0, 1.0 ],
							"to": [ 9.5, 0.5, 2.0 ],
							"rotationOrigin": [ 1.0, -2.0, 3.5 ],
							"faces": {
								"north": { "texture": "#zinc-sgorevshiy", "uv": [ 0.0, 0.0, 8.0, 3.5 ] },
								"east": { "texture": "#zinc-sgorevshiy", "uv": [ 0.0, 0.0, 1.0, 3.5 ] },
								"south": { "texture": "#zinc-sgorevshiy", "uv": [ 0.0, 0.0, 8.0, 3.5 ] },
								"west": { "texture": "#zinc-sgorevshiy", "uv": [ 0.0, 0.0, 1.0, 3.5 ] },
								"up": { "texture": "#zinc-sgorevshiy", "uv": [ 0.0, 0.0, 8.0, 1.0 ] },
								"down": { "texture": "#zinc-sgorevshiy", "uv": [ 0.0, 0.0, 8.0, 1.0 ] }
							}
						},
						{
							"name": "Cube106",
							"from": [ 10.5, -0.5, -0.5 ],
							"to": [ 11.5, 1.5, 3.5 ],
							"rotationOrigin": [ 12.0, -1.0, 1.0 ],
							"faces": {
								"north": { "texture": "#zinc-sgorevshiy", "uv": [ 0.0, 0.0, 1.0, 2.0 ] },
								"east": { "texture": "#zinc-sgorevshiy", "uv": [ 0.0, 0.0, 4.0, 2.0 ] },
								"south": { "texture": "#zinc-sgorevshiy", "uv": [ 0.0, 0.0, 1.0, 2.0 ] },
								"west": { "texture": "#zinc-sgorevshiy", "uv": [ 0.0, 0.0, 4.0, 2.0 ] },
								"up": { "texture": "#zinc-sgorevshiy", "uv": [ 0.0, 0.0, 1.0, 4.0 ] },
								"down": { "texture": "#zinc-sgorevshiy", "uv": [ 0.0, 0.0, 1.0, 4.0 ] }
							}
						},
						{
							"name": "Cube107",
							"from": [ 0.6, -0.3, -0.3 ],
							"to": [ 0.9, 1.3, 3.3 ],
							"rotationOrigin": [ 2.1, -0.8, 1.2 ],
							"faces": {
								"north": { "texture": "#copper-okalina-polosa", "uv": [ 0.0, 0.0, 0.5, 1.5 ] },
								"east": { "texture": "#copper-okalina-polosa", "uv": [ 0.0, 0.0, 3.5, 1.5 ] },
								"south": { "texture": "#copper-okalina-polosa", "uv": [ 0.0, 0.0, 0.5, 1.5 ] },
								"west": { "texture": "#copper-okalina-polosa", "uv": [ 0.0, 0.0, 3.5, 1.5 ] },
								"up": { "texture": "#copper-okalina-polosa", "uv": [ 0.0, 0.0, 0.5, 3.5 ] },
								"down": { "texture": "#copper-okalina-polosa", "uv": [ 0.0, 0.0, 0.5, 3.5 ] }
							}
						},
						{
							"name": "Cube108",
							"from": [ 1.1, -0.3, -0.3 ],
							"to": [ 1.4, 1.3, 3.3 ],
							"rotationOrigin": [ 2.6, -0.8, 1.2 ],
							"faces": {
								"north": { "texture": "#copper-okalina-polosa", "uv": [ 0.0, 0.0, 0.5, 1.5 ] },
								"east": { "texture": "#copper-okalina-polosa", "uv": [ 0.0, 0.0, 3.5, 1.5 ] },
								"south": { "texture": "#copper-okalina-polosa", "uv": [ 0.0, 0.0, 0.5, 1.5 ] },
								"west": { "texture": "#copper-okalina-polosa", "uv": [ 0.0, 0.0, 3.5, 1.5 ] },
								"up": { "texture": "#copper-okalina-polosa", "uv": [ 0.0, 0.0, 0.5, 3.5 ] },
								"down": { "texture": "#copper-okalina-polosa", "uv": [ 0.0, 0.0, 0.5, 3.5 ] }
							}
						},
						{
							"name": "Cube109",
							"from": [ 1.6, -0.3, -0.3 ],
							"to": [ 1.9, 1.3, 3.3 ],
							"rotationOrigin": [ 3.1, -0.8, 1.2 ],
							"faces": {
								"north": { "texture": "#copper-okalina-polosa", "uv": [ 0.0, 0.0, 0.5, 1.5 ] },
								"east": { "texture": "#copper-okalina-polosa", "uv": [ 0.0, 0.0, 3.5, 1.5 ] },
								"south": { "texture": "#copper-okalina-polosa", "uv": [ 0.0, 0.0, 0.5, 1.5 ] },
								"west": { "texture": "#copper-okalina-polosa", "uv": [ 0.0, 0.0, 3.5, 1.5 ] },
								"up": { "texture": "#copper-okalina-polosa", "uv": [ 0.0, 0.0, 0.5, 3.5 ] },
								"down": { "texture": "#copper-okalina-polosa", "uv": [ 0.0, 0.0, 0.5, 3.5 ] }
							}
						},
						{
							"name": "Cube110",
							"from": [ 2.1, -0.3, -0.3 ],
							"to": [ 2.4, 1.3, 3.3 ],
							"rotationOrigin": [ 3.6, -0.8, 1.2 ],
							"faces": {
								"north": { "texture": "#copper-okalina-polosa", "uv": [ 0.0, 0.0, 0.5, 1.5 ] },
								"east": { "texture": "#copper-okalina-polosa", "uv": [ 0.0, 0.0, 3.5, 1.5 ] },
								"south": { "texture": "#copper-okalina-polosa", "uv": [ 0.0, 0.0, 0.5, 1.5 ] },
								"west": { "texture": "#copper-okalina-polosa", "uv": [ 0.0, 0.0, 3.5, 1.5 ] },
								"up": { "texture": "#copper-okalina-polosa", "uv": [ 0.0, 0.0, 0.5, 3.5 ] },
								"down": { "texture": "#copper-okalina-polosa", "uv": [ 0.0, 0.0, 0.5, 3.5 ] }
							}
						},
						{
							"name": "Cube111",
							"from": [ 2.6, -0.3, -0.3 ],
							"to": [ 2.9, 1.3, 3.3 ],
							"rotationOrigin": [ 4.1, -0.8, 1.2 ],
							"faces": {
								"north": { "texture": "#copper-okalina-polosa", "uv": [ 0.0, 0.0, 0.5, 1.5 ] },
								"east": { "texture": "#copper-okalina-polosa", "uv": [ 0.0, 0.0, 3.5, 1.5 ] },
								"south": { "texture": "#copper-okalina-polosa", "uv": [ 0.0, 0.0, 0.5, 1.5 ] },
								"west": { "texture": "#copper-okalina-polosa", "uv": [ 0.0, 0.0, 3.5, 1.5 ] },
								"up": { "texture": "#copper-okalina-polosa", "uv": [ 0.0, 0.0, 0.5, 3.5 ] },
								"down": { "texture": "#copper-okalina-polosa", "uv": [ 0.0, 0.0, 0.5, 3.5 ] }
							}
						},
						{
							"name": "Cube112",
							"from": [ 3.1, -0.3, -0.3 ],
							"to": [ 3.4, 1.3, 3.3 ],
							"rotationOrigin": [ 4.6, -0.8, 1.2 ],
							"faces": {
								"north": { "texture": "#copper-okalina-polosa", "uv": [ 0.0, 0.0, 0.5, 1.5 ] },
								"east": { "texture": "#copper-okalina-polosa", "uv": [ 0.0, 0.0, 3.5, 1.5 ] },
								"south": { "texture": "#copper-okalina-polosa", "uv": [ 0.0, 0.0, 0.5, 1.5 ] },
								"west": { "texture": "#copper-okalina-polosa", "uv": [ 0.0, 0.0, 3.5, 1.5 ] },
								"up": { "texture": "#copper-okalina-polosa", "uv": [ 0.0, 0.0, 0.5, 3.5 ] },
								"down": { "texture": "#copper-okalina-polosa", "uv": [ 0.0, 0.0, 0.5, 3.5 ] }
							}
						},
						{
							"name": "Cube113",
							"from": [ 3.6, -0.3, -0.3 ],
							"to": [ 3.9, 1.3, 3.3 ],
							"rotationOrigin": [ 5.1, -0.8, 1.2 ],
							"faces": {
								"north": { "texture": "#copper-okalina-polosa", "uv": [ 0.0, 0.0, 0.5, 1.5 ] },
								"east": { "texture": "#copper-okalina-polosa", "uv": [ 0.0, 0.0, 3.5, 1.5 ] },
								"south": { "texture": "#copper-okalina-polosa", "uv": [ 0.0, 0.0, 0.5, 1.5 ] },
								"west": { "texture": "#copper-okalina-polosa", "uv": [ 0.0, 0.0, 3.5, 1.5 ] },
								"up": { "texture": "#copper-okalina-polosa", "uv": [ 0.0, 0.0, 0.5, 3.5 ] },
								"down": { "texture": "#copper-okalina-polosa", "uv": [ 0.0, 0.0, 0.5, 3.5 ] }
							}
						},
						{
							"name": "Cube114",
							"from": [ 4.1, -0.3, -0.3 ],
							"to": [ 4.4, 1.3, 3.3 ],
							"rotationOrigin": [ 5.6, -0.8, 1.2 ],
							"faces": {
								"north": { "texture": "#copper-okalina-polosa", "uv": [ 0.0, 0.0, 0.5, 1.5 ] },
								"east": { "texture": "#copper-okalina-polosa", "uv": [ 0.0, 0.0, 3.5, 1.5 ] },
								"south": { "texture": "#copper-okalina-polosa", "uv": [ 0.0, 0.0, 0.5, 1.5 ] },
								"west": { "texture": "#copper-okalina-polosa", "uv": [ 0.0, 0.0, 3.5, 1.5 ] },
								"up": { "texture": "#copper-okalina-polosa", "uv": [ 0.0, 0.0, 0.5, 3.5 ] },
								"down": { "texture": "#copper-okalina-polosa", "uv": [ 0.0, 0.0, 0.5, 3.5 ] }
							}
						},
						{
							"name": "Cube115",
							"from": [ 4.6, -0.3, -0.3 ],
							"to": [ 4.9, 1.3, 3.3 ],
							"rotationOrigin": [ 6.1, -0.8, 1.2 ],
							"faces": {
								"north": { "texture": "#copper-okalina-polosa", "uv": [ 0.0, 0.0, 0.5, 1.5 ] },
								"east": { "texture": "#copper-okalina-polosa", "uv": [ 0.0, 0.0, 3.5, 1.5 ] },
								"south": { "texture": "#copper-okalina-polosa", "uv": [ 0.0, 0.0, 0.5, 1.5 ] },
								"west": { "texture": "#copper-okalina-polosa", "uv": [ 0.0, 0.0, 3.5, 1.5 ] },
								"up": { "texture": "#copper-okalina-polosa", "uv": [ 0.0, 0.0, 0.5, 3.5 ] },
								"down": { "texture": "#copper-okalina-polosa", "uv": [ 0.0, 0.0, 0.5, 3.5 ] }
							}
						},
						{
							"name": "Cube116",
							"from": [ 5.1, -0.3, -0.3 ],
							"to": [ 5.4, 1.3, 3.3 ],
							"rotationOrigin": [ 6.6, -0.8, 1.2 ],
							"faces": {
								"north": { "texture": "#copper-okalina-polosa", "uv": [ 0.0, 0.0, 0.5, 1.5 ] },
								"east": { "texture": "#copper-okalina-polosa", "uv": [ 0.0, 0.0, 3.5, 1.5 ] },
								"south": { "texture": "#copper-okalina-polosa", "uv": [ 0.0, 0.0, 0.5, 1.5 ] },
								"west": { "texture": "#copper-okalina-polosa", "uv": [ 0.0, 0.0, 3.5, 1.5 ] },
								"up": { "texture": "#copper-okalina-polosa", "uv": [ 0.0, 0.0, 0.5, 3.5 ] },
								"down": { "texture": "#copper-okalina-polosa", "uv": [ 0.0, 0.0, 0.5, 3.5 ] }
							}
						},
						{
							"name": "Cube117",
							"from": [ 5.6, -0.3, -0.3 ],
							"to": [ 5.9, 1.3, 3.3 ],
							"rotationOrigin": [ 7.1, -0.8, 1.2 ],
							"faces": {
								"north": { "texture": "#copper-okalina-polosa", "uv": [ 0.0, 0.0, 0.5, 1.5 ] },
								"east": { "texture": "#copper-okalina-polosa", "uv": [ 0.0, 0.0, 3.5, 1.5 ] },
								"south": { "texture": "#copper-okalina-polosa", "uv": [ 0.0, 0.0, 0.5, 1.5 ] },
								"west": { "texture": "#copper-okalina-polosa", "uv": [ 0.0, 0.0, 3.5, 1.5 ] },
								"up": { "texture": "#copper-okalina-polosa", "uv": [ 0.0, 0.0, 0.5, 3.5 ] },
								"down": { "texture": "#copper-okalina-polosa", "uv": [ 0.0, 0.0, 0.5, 3.5 ] }
							}
						},
						{
							"name": "Cube118",
							"from": [ 6.1, -0.3, -0.3 ],
							"to": [ 6.4, 1.3, 3.3 ],
							"rotationOrigin": [ 7.6, -0.8, 1.2 ],
							"faces": {
								"north": { "texture": "#copper-okalina-polosa", "uv": [ 0.0, 0.0, 0.5, 1.5 ] },
								"east": { "texture": "#copper-okalina-polosa", "uv": [ 0.0, 0.0, 3.5, 1.5 ] },
								"south": { "texture": "#copper-okalina-polosa", "uv": [ 0.0, 0.0, 0.5, 1.5 ] },
								"west": { "texture": "#copper-okalina-polosa", "uv": [ 0.0, 0.0, 3.5, 1.5 ] },
								"up": { "texture": "#copper-okalina-polosa", "uv": [ 0.0, 0.0, 0.5, 3.5 ] },
								"down": { "texture": "#copper-okalina-polosa", "uv": [ 0.0, 0.0, 0.5, 3.5 ] }
							}
						},
						{
							"name": "Cube119",
							"from": [ 6.6, -0.3, -0.3 ],
							"to": [ 6.9, 1.3, 3.3 ],
							"rotationOrigin": [ 8.1, -0.8, 1.2 ],
							"faces": {
								"north": { "texture": "#copper-okalina-polosa", "uv": [ 0.0, 0.0, 0.5, 1.5 ] },
								"east": { "texture": "#copper-okalina-polosa", "uv": [ 0.0, 0.0, 3.5, 1.5 ] },
								"south": { "texture": "#copper-okalina-polosa", "uv": [ 0.0, 0.0, 0.5, 1.5 ] },
								"west": { "texture": "#copper-okalina-polosa", "uv": [ 0.0, 0.0, 3.5, 1.5 ] },
								"up": { "texture": "#copper-okalina-polosa", "uv": [ 0.0, 0.0, 0.5, 3.5 ] },
								"down": { "texture": "#copper-okalina-polosa", "uv": [ 0.0, 0.0, 0.5, 3.5 ] }
							}
						},
						{
							"name": "Cube120",
							"from": [ 7.1, -0.3, -0.3 ],
							"to": [ 7.4, 1.3, 3.3 ],
							"rotationOrigin": [ 8.6, -0.8, 1.2 ],
							"faces": {
								"north": { "texture": "#copper-okalina-polosa", "uv": [ 0.0, 0.0, 0.5, 1.5 ] },
								"east": { "texture": "#copper-okalina-polosa", "uv": [ 0.0, 0.0, 3.5, 1.5 ] },
								"south": { "texture": "#copper-okalina-polosa", "uv": [ 0.0, 0.0, 0.5, 1.5 ] },
								"west": { "texture": "#copper-okalina-polosa", "uv": [ 0.0, 0.0, 3.5, 1.5 ] },
								"up": { "texture": "#copper-okalina-polosa", "uv": [ 0.0, 0.0, 0.5, 3.5 ] },
								"down": { "texture": "#copper-okalina-polosa", "uv": [ 0.0, 0.0, 0.5, 3.5 ] }
							}
						},
						{
							"name": "Cube121",
							"from": [ 7.6, -0.3, -0.3 ],
							"to": [ 7.9, 1.3, 3.3 ],
							"rotationOrigin": [ 9.1, -0.8, 1.2 ],
							"faces": {
								"north": { "texture": "#copper-okalina-polosa", "uv": [ 0.0, 0.0, 0.5, 1.5 ] },
								"east": { "texture": "#copper-okalina-polosa", "uv": [ 0.0, 0.0, 3.5, 1.5 ] },
								"south": { "texture": "#copper-okalina-polosa", "uv": [ 0.0, 0.0, 0.5, 1.5 ] },
								"west": { "texture": "#copper-okalina-polosa", "uv": [ 0.0, 0.0, 3.5, 1.5 ] },
								"up": { "texture": "#copper-okalina-polosa", "uv": [ 0.0, 0.0, 0.5, 3.5 ] },
								"down": { "texture": "#copper-okalina-polosa", "uv": [ 0.0, 0.0, 0.5, 3.5 ] }
							}
						},
						{
							"name": "Cube122",
							"from": [ 8.1, -0.3, -0.3 ],
							"to": [ 8.4, 1.3, 3.3 ],
							"rotationOrigin": [ 9.6, -0.8, 1.2 ],
							"faces": {
								"north": { "texture": "#copper-okalina-polosa", "uv": [ 0.0, 0.0, 0.5, 1.5 ] },
								"east": { "texture": "#copper-okalina-polosa", "uv": [ 0.0, 0.0, 3.5, 1.5 ] },
								"south": { "texture": "#copper-okalina-polosa", "uv": [ 0.0, 0.0, 0.5, 1.5 ] },
								"west": { "texture": "#copper-okalina-polosa", "uv": [ 0.0, 0.0, 3.5, 1.5 ] },
								"up": { "texture": "#copper-okalina-polosa", "uv": [ 0.0, 0.0, 0.5, 3.5 ] },
								"down": { "texture": "#copper-okalina-polosa", "uv": [ 0.0, 0.0, 0.5, 3.5 ] }
							}
						},
						{
							"name": "Cube123",
							"from": [ 8.6, -0.3, -0.3 ],
							"to": [ 8.9, 1.3, 3.3 ],
							"rotationOrigin": [ 10.1, -0.8, 1.2 ],
							"faces": {
								"north": { "texture": "#copper-okalina-polosa", "uv": [ 0.0, 0.0, 0.5, 1.5 ] },
								"east": { "texture": "#copper-okalina-polosa", "uv": [ 0.0, 0.0, 3.5, 1.5 ] },
								"south": { "texture": "#copper-okalina-polosa", "uv": [ 0.0, 0.0, 0.5, 1.5 ] },
								"west": { "texture": "#copper-okalina-polosa", "uv": [ 0.0, 0.0, 3.5, 1.5 ] },
								"up": { "texture": "#copper-okalina-polosa", "uv": [ 0.0, 0.0, 0.5, 3.5 ] },
								"down": { "texture": "#copper-okalina-polosa", "uv": [ 0.0, 0.0, 0.5, 3.5 ] }
							}
						},
						{
							"name": "Cube124",
							"from": [ 9.1, -0.3, -0.3 ],
							"to": [ 9.4, 1.3, 3.3 ],
							"rotationOrigin": [ 10.6, -0.8, 1.2 ],
							"faces": {
								"north": { "texture": "#copper-okalina-polosa", "uv": [ 0.0, 0.0, 0.5, 1.5 ] },
								"east": { "texture": "#copper-okalina-polosa", "uv": [ 0.0, 0.0, 3.5, 1.5 ] },
								"south": { "texture": "#copper-okalina-polosa", "uv": [ 0.0, 0.0, 0.5, 1.5 ] },
								"west": { "texture": "#copper-okalina-polosa", "uv": [ 0.0, 0.0, 3.5, 1.5 ] },
								"up": { "texture": "#copper-okalina-polosa", "uv": [ 0.0, 0.0, 0.5, 3.5 ] },
								"down": { "texture": "#copper-okalina-polosa", "uv": [ 0.0, 0.0, 0.5, 3.5 ] }
							}
						},
						{
							"name": "Cube125",
							"from": [ 9.6, -0.3, -0.3 ],
							"to": [ 9.9, 1.3, 3.3 ],
							"rotationOrigin": [ 11.1, -0.8, 1.2 ],
							"faces": {
								"north": { "texture": "#copper-okalina-polosa", "uv": [ 0.0, 0.0, 0.5, 1.5 ] },
								"east": { "texture": "#copper-okalina-polosa", "uv": [ 0.0, 0.0, 3.5, 1.5 ] },
								"south": { "texture": "#copper-okalina-polosa", "uv": [ 0.0, 0.0, 0.5, 1.5 ] },
								"west": { "texture": "#copper-okalina-polosa", "uv": [ 0.0, 0.0, 3.5, 1.5 ] },
								"up": { "texture": "#copper-okalina-polosa", "uv": [ 0.0, 0.0, 0.5, 3.5 ] },
								"down": { "texture": "#copper-okalina-polosa", "uv": [ 0.0, 0.0, 0.5, 3.5 ] }
							}
						},
						{
							"name": "Cube126",
							"from": [ 10.1, -0.3, -0.3 ],
							"to": [ 10.4, 1.3, 3.3 ],
							"rotationOrigin": [ 11.6, -0.8, 1.2 ],
							"faces": {
								"north": { "texture": "#copper-okalina-polosa", "uv": [ 0.0, 0.0, 0.5, 1.5 ] },
								"east": { "texture": "#copper-okalina-polosa", "uv": [ 0.0, 0.0, 3.5, 1.5 ] },
								"south": { "texture": "#copper-okalina-polosa", "uv": [ 0.0, 0.0, 0.5, 1.5 ] },
								"west": { "texture": "#copper-okalina-polosa", "uv": [ 0.0, 0.0, 3.5, 1.5 ] },
								"up": { "texture": "#copper-okalina-polosa", "uv": [ 0.0, 0.0, 0.5, 3.5 ] },
								"down": { "texture": "#copper-okalina-polosa", "uv": [ 0.0, 0.0, 0.5, 3.5 ] }
							}
						}
					]
				},
				{
					"name": "Cube127",
					"from": [ 2.5, 5.0, 0.5 ],
					"to": [ 13.5, 6.0, 3.5 ],
					"rotationOrigin": [ 2.0, 1.0, 2.0 ],
					"rotationX": 90.0,
					"faces": {
						"north": { "texture": "#zinc-sgorevshiy", "uv": [ 0.0, 0.0, 11.0, 1.0 ] },
						"east": { "texture": "#zinc-sgorevshiy", "uv": [ 0.0, 0.0, 3.0, 1.0 ] },
						"south": { "texture": "#zinc-sgorevshiy", "uv": [ 0.0, 0.0, 11.0, 1.0 ] },
						"west": { "texture": "#zinc-sgorevshiy", "uv": [ 0.0, 0.0, 3.0, 1.0 ] },
						"up": { "texture": "#zinc-sgorevshiy", "uv": [ 0.0, 0.0, 11.0, 3.0 ] },
						"down": { "texture": "#zinc-sgorevshiy", "uv": [ 0.0, 0.0, 11.0, 3.0 ] }
					},
					"children": [
						{
							"name": "Cube128",
							"from": [ -0.5, -0.5, -0.5 ],
							"to": [ 0.5, 1.5, 3.5 ],
							"rotationOrigin": [ 1.0, -1.0, 1.0 ],
							"faces": {
								"north": { "texture": "#zinc-sgorevshiy", "uv": [ 0.0, 0.0, 1.0, 2.0 ] },
								"east": { "texture": "#zinc-sgorevshiy", "uv": [ 0.0, 0.0, 4.0, 2.0 ] },
								"south": { "texture": "#zinc-sgorevshiy", "uv": [ 0.0, 0.0, 1.0, 2.0 ] },
								"west": { "texture": "#zinc-sgorevshiy", "uv": [ 0.0, 0.0, 4.0, 2.0 ] },
								"up": { "texture": "#zinc-sgorevshiy", "uv": [ 0.0, 0.0, 1.0, 4.0 ] },
								"down": { "texture": "#zinc-sgorevshiy", "uv": [ 0.0, 0.0, 1.0, 4.0 ] }
							}
						},
						{
							"name": "Cube129",
							"from": [ 1.5, -3.0, 1.0 ],
							"to": [ 9.5, 0.5, 2.0 ],
							"rotationOrigin": [ 1.0, -2.0, 3.5 ],
							"faces": {
								"north": { "texture": "#zinc-sgorevshiy", "uv": [ 0.0, 0.0, 8.0, 3.5 ] },
								"east": { "texture": "#zinc-sgorevshiy", "uv": [ 0.0, 0.0, 1.0, 3.5 ] },
								"south": { "texture": "#zinc-sgorevshiy", "uv": [ 0.0, 0.0, 8.0, 3.5 ] },
								"west": { "texture": "#zinc-sgorevshiy", "uv": [ 0.0, 0.0, 1.0, 3.5 ] },
								"up": { "texture": "#zinc-sgorevshiy", "uv": [ 0.0, 0.0, 8.0, 1.0 ] },
								"down": { "texture": "#zinc-sgorevshiy", "uv": [ 0.0, 0.0, 8.0, 1.0 ] }
							}
						},
						{
							"name": "Cube130",
							"from": [ 10.5, -0.5, -0.5 ],
							"to": [ 11.5, 1.5, 3.5 ],
							"rotationOrigin": [ 12.0, -1.0, 1.0 ],
							"faces": {
								"north": { "texture": "#zinc-sgorevshiy", "uv": [ 0.0, 0.0, 1.0, 2.0 ] },
								"east": { "texture": "#zinc-sgorevshiy", "uv": [ 0.0, 0.0, 4.0, 2.0 ] },
								"south": { "texture": "#zinc-sgorevshiy", "uv": [ 0.0, 0.0, 1.0, 2.0 ] },
								"west": { "texture": "#zinc-sgorevshiy", "uv": [ 0.0, 0.0, 4.0, 2.0 ] },
								"up": { "texture": "#zinc-sgorevshiy", "uv": [ 0.0, 0.0, 1.0, 4.0 ] },
								"down": { "texture": "#zinc-sgorevshiy", "uv": [ 0.0, 0.0, 1.0, 4.0 ] }
							}
						},
						{
							"name": "Cube131",
							"from": [ 0.6, -0.3, -0.3 ],
							"to": [ 0.9, 1.3, 3.3 ],
							"rotationOrigin": [ 2.1, -0.8, 1.2 ],
							"faces": {
								"north": { "texture": "#copper-okalina-polosa", "uv": [ 0.0, 0.0, 0.5, 1.5 ] },
								"east": { "texture": "#copper-okalina-polosa", "uv": [ 0.0, 0.0, 3.5, 1.5 ] },
								"south": { "texture": "#copper-okalina-polosa", "uv": [ 0.0, 0.0, 0.5, 1.5 ] },
								"west": { "texture": "#copper-okalina-polosa", "uv": [ 0.0, 0.0, 3.5, 1.5 ] },
								"up": { "texture": "#copper-okalina-polosa", "uv": [ 0.0, 0.0, 0.5, 3.5 ] },
								"down": { "texture": "#copper-okalina-polosa", "uv": [ 0.0, 0.0, 0.5, 3.5 ] }
							}
						},
						{
							"name": "Cube132",
							"from": [ 1.1, -0.3, -0.3 ],
							"to": [ 1.4, 1.3, 3.3 ],
							"rotationOrigin": [ 2.6, -0.8, 1.2 ],
							"faces": {
								"north": { "texture": "#copper-okalina-polosa", "uv": [ 0.0, 0.0, 0.5, 1.5 ] },
								"east": { "texture": "#copper-okalina-polosa", "uv": [ 0.0, 0.0, 3.5, 1.5 ] },
								"south": { "texture": "#copper-okalina-polosa", "uv": [ 0.0, 0.0, 0.5, 1.5 ] },
								"west": { "texture": "#copper-okalina-polosa", "uv": [ 0.0, 0.0, 3.5, 1.5 ] },
								"up": { "texture": "#copper-okalina-polosa", "uv": [ 0.0, 0.0, 0.5, 3.5 ] },
								"down": { "texture": "#copper-okalina-polosa", "uv": [ 0.0, 0.0, 0.5, 3.5 ] }
							}
						},
						{
							"name": "Cube133",
							"from": [ 1.6, -0.3, -0.3 ],
							"to": [ 1.9, 1.3, 3.3 ],
							"rotationOrigin": [ 3.1, -0.8, 1.2 ],
							"faces": {
								"north": { "texture": "#copper-okalina-polosa", "uv": [ 0.0, 0.0, 0.5, 1.5 ] },
								"east": { "texture": "#copper-okalina-polosa", "uv": [ 0.0, 0.0, 3.5, 1.5 ] },
								"south": { "texture": "#copper-okalina-polosa", "uv": [ 0.0, 0.0, 0.5, 1.5 ] },
								"west": { "texture": "#copper-okalina-polosa", "uv": [ 0.0, 0.0, 3.5, 1.5 ] },
								"up": { "texture": "#copper-okalina-polosa", "uv": [ 0.0, 0.0, 0.5, 3.5 ] },
								"down": { "texture": "#copper-okalina-polosa", "uv": [ 0.0, 0.0, 0.5, 3.5 ] }
							}
						},
						{
							"name": "Cube134",
							"from": [ 2.1, -0.3, -0.3 ],
							"to": [ 2.4, 1.3, 3.3 ],
							"rotationOrigin": [ 3.6, -0.8, 1.2 ],
							"faces": {
								"north": { "texture": "#copper-okalina-polosa", "uv": [ 0.0, 0.0, 0.5, 1.5 ] },
								"east": { "texture": "#copper-okalina-polosa", "uv": [ 0.0, 0.0, 3.5, 1.5 ] },
								"south": { "texture": "#copper-okalina-polosa", "uv": [ 0.0, 0.0, 0.5, 1.5 ] },
								"west": { "texture": "#copper-okalina-polosa", "uv": [ 0.0, 0.0, 3.5, 1.5 ] },
								"up": { "texture": "#copper-okalina-polosa", "uv": [ 0.0, 0.0, 0.5, 3.5 ] },
								"down": { "texture": "#copper-okalina-polosa", "uv": [ 0.0, 0.0, 0.5, 3.5 ] }
							}
						},
						{
							"name": "Cube135",
							"from": [ 2.6, -0.3, -0.3 ],
							"to": [ 2.9, 1.3, 3.3 ],
							"rotationOrigin": [ 4.1, -0.8, 1.2 ],
							"faces": {
								"north": { "texture": "#copper-okalina-polosa", "uv": [ 0.0, 0.0, 0.5, 1.5 ] },
								"east": { "texture": "#copper-okalina-polosa", "uv": [ 0.0, 0.0, 3.5, 1.5 ] },
								"south": { "texture": "#copper-okalina-polosa", "uv": [ 0.0, 0.0, 0.5, 1.5 ] },
								"west": { "texture": "#copper-okalina-polosa", "uv": [ 0.0, 0.0, 3.5, 1.5 ] },
								"up": { "texture": "#copper-okalina-polosa", "uv": [ 0.0, 0.0, 0.5, 3.5 ] },
								"down": { "texture": "#copper-okalina-polosa", "uv": [ 0.0, 0.0, 0.5, 3.5 ] }
							}
						},
						{
							"name": "Cube136",
							"from": [ 3.1, -0.3, -0.3 ],
							"to": [ 3.4, 1.3, 3.3 ],
							"rotationOrigin": [ 4.6, -0.8, 1.2 ],
							"faces": {
								"north": { "texture": "#copper-okalina-polosa", "uv": [ 0.0, 0.0, 0.5, 1.5 ] },
								"east": { "texture": "#copper-okalina-polosa", "uv": [ 0.0, 0.0, 3.5, 1.5 ] },
								"south": { "texture": "#copper-okalina-polosa", "uv": [ 0.0, 0.0, 0.5, 1.5 ] },
								"west": { "texture": "#copper-okalina-polosa", "uv": [ 0.0, 0.0, 3.5, 1.5 ] },
								"up": { "texture": "#copper-okalina-polosa", "uv": [ 0.0, 0.0, 0.5, 3.5 ] },
								"down": { "texture": "#copper-okalina-polosa", "uv": [ 0.0, 0.0, 0.5, 3.5 ] }
							}
						},
						{
							"name": "Cube137",
							"from": [ 3.6, -0.3, -0.3 ],
							"to": [ 3.9, 1.3, 3.3 ],
							"rotationOrigin": [ 5.1, -0.8, 1.2 ],
							"faces": {
								"north": { "texture": "#copper-okalina-polosa", "uv": [ 0.0, 0.0, 0.5, 1.5 ] },
								"east": { "texture": "#copper-okalina-polosa", "uv": [ 0.0, 0.0, 3.5, 1.5 ] },
								"south": { "texture": "#copper-okalina-polosa", "uv": [ 0.0, 0.0, 0.5, 1.5 ] },
								"west": { "texture": "#copper-okalina-polosa", "uv": [ 0.0, 0.0, 3.5, 1.5 ] },
								"up": { "texture": "#copper-okalina-polosa", "uv": [ 0.0, 0.0, 0.5, 3.5 ] },
								"down": { "texture": "#copper-okalina-polosa", "uv": [ 0.0, 0.0, 0.5, 3.5 ] }
							}
						},
						{
							"name": "Cube138",
							"from": [ 4.1, -0.3, -0.3 ],
							"to": [ 4.4, 1.3, 3.3 ],
							"rotationOrigin": [ 5.6, -0.8, 1.2 ],
							"faces": {
								"north": { "texture": "#copper-okalina-polosa", "uv": [ 0.0, 0.0, 0.5, 1.5 ] },
								"east": { "texture": "#copper-okalina-polosa", "uv": [ 0.0, 0.0, 3.5, 1.5 ] },
								"south": { "texture": "#copper-okalina-polosa", "uv": [ 0.0, 0.0, 0.5, 1.5 ] },
								"west": { "texture": "#copper-okalina-polosa", "uv": [ 0.0, 0.0, 3.5, 1.5 ] },
								"up": { "texture": "#copper-okalina-polosa", "uv": [ 0.0, 0.0, 0.5, 3.5 ] },
								"down": { "texture": "#copper-okalina-polosa", "uv": [ 0.0, 0.0, 0.5, 3.5 ] }
							}
						},
						{
							"name": "Cube139",
							"from": [ 4.6, -0.3, -0.3 ],
							"to": [ 4.9, 1.3, 3.3 ],
							"rotationOrigin": [ 6.1, -0.8, 1.2 ],
							"faces": {
								"north": { "texture": "#copper-okalina-polosa", "uv": [ 0.0, 0.0, 0.5, 1.5 ] },
								"east": { "texture": "#copper-okalina-polosa", "uv": [ 0.0, 0.0, 3.5, 1.5 ] },
								"south": { "texture": "#copper-okalina-polosa", "uv": [ 0.0, 0.0, 0.5, 1.5 ] },
								"west": { "texture": "#copper-okalina-polosa", "uv": [ 0.0, 0.0, 3.5, 1.5 ] },
								"up": { "texture": "#copper-okalina-polosa", "uv": [ 0.0, 0.0, 0.5, 3.5 ] },
								"down": { "texture": "#copper-okalina-polosa", "uv": [ 0.0, 0.0, 0.5, 3.5 ] }
							}
						},
						{
							"name": "Cube140",
							"from": [ 5.1, -0.3, -0.3 ],
							"to": [ 5.4, 1.3, 3.3 ],
							"rotationOrigin": [ 6.6, -0.8, 1.2 ],
							"faces": {
								"north": { "texture": "#copper-okalina-polosa", "uv": [ 0.0, 0.0, 0.5, 1.5 ] },
								"east": { "texture": "#copper-okalina-polosa", "uv": [ 0.0, 0.0, 3.5, 1.5 ] },
								"south": { "texture": "#copper-okalina-polosa", "uv": [ 0.0, 0.0, 0.5, 1.5 ] },
								"west": { "texture": "#copper-okalina-polosa", "uv": [ 0.0, 0.0, 3.5, 1.5 ] },
								"up": { "texture": "#copper-okalina-polosa", "uv": [ 0.0, 0.0, 0.5, 3.5 ] },
								"down": { "texture": "#copper-okalina-polosa", "uv": [ 0.0, 0.0, 0.5, 3.5 ] }
							}
						},
						{
							"name": "Cube141",
							"from": [ 5.6, -0.3, -0.3 ],
							"to": [ 5.9, 1.3, 3.3 ],
							"rotationOrigin": [ 7.1, -0.8, 1.2 ],
							"faces": {
								"north": { "texture": "#copper-okalina-polosa", "uv": [ 0.0, 0.0, 0.5, 1.5 ] },
								"east": { "texture": "#copper-okalina-polosa", "uv": [ 0.0, 0.0, 3.5, 1.5 ] },
								"south": { "texture": "#copper-okalina-polosa", "uv": [ 0.0, 0.0, 0.5, 1.5 ] },
								"west": { "texture": "#copper-okalina-polosa", "uv": [ 0.0, 0.0, 3.5, 1.5 ] },
								"up": { "texture": "#copper-okalina-polosa", "uv": [ 0.0, 0.0, 0.5, 3.5 ] },
								"down": { "texture": "#copper-okalina-polosa", "uv": [ 0.0, 0.0, 0.5, 3.5 ] }
							}
						},
						{
							"name": "Cube142",
							"from": [ 6.1, -0.3, -0.3 ],
							"to": [ 6.4, 1.3, 3.3 ],
							"rotationOrigin": [ 7.6, -0.8, 1.2 ],
							"faces": {
								"north": { "texture": "#copper-okalina-polosa", "uv": [ 0.0, 0.0, 0.5, 1.5 ] },
								"east": { "texture": "#copper-okalina-polosa", "uv": [ 0.0, 0.0, 3.5, 1.5 ] },
								"south": { "texture": "#copper-okalina-polosa", "uv": [ 0.0, 0.0, 0.5, 1.5 ] },
								"west": { "texture": "#copper-okalina-polosa", "uv": [ 0.0, 0.0, 3.5, 1.5 ] },
								"up": { "texture": "#copper-okalina-polosa", "uv": [ 0.0, 0.0, 0.5, 3.5 ] },
								"down": { "texture": "#copper-okalina-polosa", "uv": [ 0.0, 0.0, 0.5, 3.5 ] }
							}
						},
						{
							"name": "Cube143",
							"from": [ 6.6, -0.3, -0.3 ],
							"to": [ 6.9, 1.3, 3.3 ],
							"rotationOrigin": [ 8.1, -0.8, 1.2 ],
							"faces": {
								"north": { "texture": "#copper-okalina-polosa", "uv": [ 0.0, 0.0, 0.5, 1.5 ] },
								"east": { "texture": "#copper-okalina-polosa", "uv": [ 0.0, 0.0, 3.5, 1.5 ] },
								"south": { "texture": "#copper-okalina-polosa", "uv": [ 0.0, 0.0, 0.5, 1.5 ] },
								"west": { "texture": "#copper-okalina-polosa", "uv": [ 0.0, 0.0, 3.5, 1.5 ] },
								"up": { "texture": "#copper-okalina-polosa", "uv": [ 0.0, 0.0, 0.5, 3.5 ] },
								"down": { "texture": "#copper-okalina-polosa", "uv": [ 0.0, 0.0, 0.5, 3.5 ] }
							}
						},
						{
							"name": "Cube144",
							"from": [ 7.1, -0.3, -0.3 ],
							"to": [ 7.4, 1.3, 3.3 ],
							"rotationOrigin": [ 8.6, -0.8, 1.2 ],
							"faces": {
								"north": { "texture": "#copper-okalina-polosa", "uv": [ 0.0, 0.0, 0.5, 1.5 ] },
								"east": { "texture": "#copper-okalina-polosa", "uv": [ 0.0, 0.0, 3.5, 1.5 ] },
								"south": { "texture": "#copper-okalina-polosa", "uv": [ 0.0, 0.0, 0.5, 1.5 ] },
								"west": { "texture": "#copper-okalina-polosa", "uv": [ 0.0, 0.0, 3.5, 1.5 ] },
								"up": { "texture": "#copper-okalina-polosa", "uv": [ 0.0, 0.0, 0.5, 3.5 ] },
								"down": { "texture": "#copper-okalina-polosa", "uv": [ 0.0, 0.0, 0.5, 3.5 ] }
							}
						},
						{
							"name": "Cube145",
							"from": [ 7.6, -0.3, -0.3 ],
							"to": [ 7.9, 1.3, 3.3 ],
							"rotationOrigin": [ 9.1, -0.8, 1.2 ],
							"faces": {
								"north": { "texture": "#copper-okalina-polosa", "uv": [ 0.0, 0.0, 0.5, 1.5 ] },
								"east": { "texture": "#copper-okalina-polosa", "uv": [ 0.0, 0.0, 3.5, 1.5 ] },
								"south": { "texture": "#copper-okalina-polosa", "uv": [ 0.0, 0.0, 0.5, 1.5 ] },
								"west": { "texture": "#copper-okalina-polosa", "uv": [ 0.0, 0.0, 3.5, 1.5 ] },
								"up": { "texture": "#copper-okalina-polosa", "uv": [ 0.0, 0.0, 0.5, 3.5 ] },
								"down": { "texture": "#copper-okalina-polosa", "uv": [ 0.0, 0.0, 0.5, 3.5 ] }
							}
						},
						{
							"name": "Cube146",
							"from": [ 8.1, -0.3, -0.3 ],
							"to": [ 8.4, 1.3, 3.3 ],
							"rotationOrigin": [ 9.6, -0.8, 1.2 ],
							"faces": {
								"north": { "texture": "#copper-okalina-polosa", "uv": [ 0.0, 0.0, 0.5, 1.5 ] },
								"east": { "texture": "#copper-okalina-polosa", "uv": [ 0.0, 0.0, 3.5, 1.5 ] },
								"south": { "texture": "#copper-okalina-polosa", "uv": [ 0.0, 0.0, 0.5, 1.5 ] },
								"west": { "texture": "#copper-okalina-polosa", "uv": [ 0.0, 0.0, 3.5, 1.5 ] },
								"up": { "texture": "#copper-okalina-polosa", "uv": [ 0.0, 0.0, 0.5, 3.5 ] },
								"down": { "texture": "#copper-okalina-polosa", "uv": [ 0.0, 0.0, 0.5, 3.5 ] }
							}
						},
						{
							"name": "Cube147",
							"from": [ 8.6, -0.3, -0.3 ],
							"to": [ 8.9, 1.3, 3.3 ],
							"rotationOrigin": [ 10.1, -0.8, 1.2 ],
							"faces": {
								"north": { "texture": "#copper-okalina-polosa", "uv": [ 0.0, 0.0, 0.5, 1.5 ] },
								"east": { "texture": "#copper-okalina-polosa", "uv": [ 0.0, 0.0, 3.5, 1.5 ] },
								"south": { "texture": "#copper-okalina-polosa", "uv": [ 0.0, 0.0, 0.5, 1.5 ] },
								"west": { "texture": "#copper-okalina-polosa", "uv": [ 0.0, 0.0, 3.5, 1.5 ] },
								"up": { "texture": "#copper-okalina-polosa", "uv": [ 0.0, 0.0, 0.5, 3.5 ] },
								"down": { "texture": "#copper-okalina-polosa", "uv": [ 0.0, 0.0, 0.5, 3.5 ] }
							}
						},
						{
							"name": "Cube148",
							"from": [ 9.1, -0.3, -0.3 ],
							"to": [ 9.4, 1.3, 3.3 ],
							"rotationOrigin": [ 10.6, -0.8, 1.2 ],
							"faces": {
								"north": { "texture": "#copper-okalina-polosa", "uv": [ 0.0, 0.0, 0.5, 1.5 ] },
								"east": { "texture": "#copper-okalina-polosa", "uv": [ 0.0, 0.0, 3.5, 1.5 ] },
								"south": { "texture": "#copper-okalina-polosa", "uv": [ 0.0, 0.0, 0.5, 1.5 ] },
								"west": { "texture": "#copper-okalina-polosa", "uv": [ 0.0, 0.0, 3.5, 1.5 ] },
								"up": { "texture": "#copper-okalina-polosa", "uv": [ 0.0, 0.0, 0.5, 3.5 ] },
								"down": { "texture": "#copper-okalina-polosa", "uv": [ 0.0, 0.0, 0.5, 3.5 ] }
							}
						},
						{
							"name": "Cube149",
							"from": [ 9.6, -0.3, -0.3 ],
							"to": [ 9.9, 1.3, 3.3 ],
							"rotationOrigin": [ 11.1, -0.8, 1.2 ],
							"faces": {
								"north": { "texture": "#copper-okalina-polosa", "uv": [ 0.0, 0.0, 0.5, 1.5 ] },
								"east": { "texture": "#copper-okalina-polosa", "uv": [ 0.0, 0.0, 3.5, 1.5 ] },
								"south": { "texture": "#copper-okalina-polosa", "uv": [ 0.0, 0.0, 0.5, 1.5 ] },
								"west": { "texture": "#copper-okalina-polosa", "uv": [ 0.0, 0.0, 3.5, 1.5 ] },
								"up": { "texture": "#copper-okalina-polosa", "uv": [ 0.0, 0.0, 0.5, 3.5 ] },
								"down": { "texture": "#copper-okalina-polosa", "uv": [ 0.0, 0.0, 0.5, 3.5 ] }
							}
						},
						{
							"name": "Cube150",
							"from": [ 10.1, -0.3, -0.3 ],
							"to": [ 10.4, 1.3, 3.3 ],
							"rotationOrigin": [ 11.6, -0.8, 1.2 ],
							"faces": {
								"north": { "texture": "#copper-okalina-polosa", "uv": [ 0.0, 0.0, 0.5, 1.5 ] },
								"east": { "texture": "#copper-okalina-polosa", "uv": [ 0.0, 0.0, 3.5, 1.5 ] },
								"south": { "texture": "#copper-okalina-polosa", "uv": [ 0.0, 0.0, 0.5, 1.5 ] },
								"west": { "texture": "#copper-okalina-polosa", "uv": [ 0.0, 0.0, 3.5, 1.5 ] },
								"up": { "texture": "#copper-okalina-polosa", "uv": [ 0.0, 0.0, 0.5, 3.5 ] },
								"down": { "texture": "#copper-okalina-polosa", "uv": [ 0.0, 0.0, 0.5, 3.5 ] }
							}
						}
					]
				},
				{
					"name": "Cube151",
					"from": [ 2.5, 5.0, 0.5 ],
					"to": [ 13.5, 6.0, 3.5 ],
					"rotationOrigin": [ 2.0, 1.0, 2.0 ],
					"rotationX": 180.0,
					"faces": {
						"north": { "texture": "#zinc-sgorevshiy", "uv": [ 0.0, 0.0, 11.0, 1.0 ] },
						"east": { "texture": "#zinc-sgorevshiy", "uv": [ 0.0, 0.0, 3.0, 1.0 ] },
						"south": { "texture": "#zinc-sgorevshiy", "uv": [ 0.0, 0.0, 11.0, 1.0 ] },
						"west": { "texture": "#zinc-sgorevshiy", "uv": [ 0.0, 0.0, 3.0, 1.0 ] },
						"up": { "texture": "#zinc-sgorevshiy", "uv": [ 0.0, 0.0, 11.0, 3.0 ] },
						"down": { "texture": "#zinc-sgorevshiy", "uv": [ 0.0, 0.0, 11.0, 3.0 ] }
					},
					"children": [
						{
							"name": "Cube152",
							"from": [ -0.5, -0.5, -0.5 ],
							"to": [ 0.5, 1.5, 3.5 ],
							"rotationOrigin": [ 1.0, -1.0, 1.0 ],
							"faces": {
								"north": { "texture": "#zinc-sgorevshiy", "uv": [ 0.0, 0.0, 1.0, 2.0 ] },
								"east": { "texture": "#zinc-sgorevshiy", "uv": [ 0.0, 0.0, 4.0, 2.0 ] },
								"south": { "texture": "#zinc-sgorevshiy", "uv": [ 0.0, 0.0, 1.0, 2.0 ] },
								"west": { "texture": "#zinc-sgorevshiy", "uv": [ 0.0, 0.0, 4.0, 2.0 ] },
								"up": { "texture": "#zinc-sgorevshiy", "uv": [ 0.0, 0.0, 1.0, 4.0 ] },
								"down": { "texture": "#zinc-sgorevshiy", "uv": [ 0.0, 0.0, 1.0, 4.0 ] }
							}
						},
						{
							"name": "Cube153",
							"from": [ 1.5, -3.0, 1.0 ],
							"to": [ 9.5, 0.5, 2.0 ],
							"rotationOrigin": [ 1.0, -2.0, 3.5 ],
							"faces": {
								"north": { "texture": "#zinc-sgorevshiy", "uv": [ 0.0, 0.0, 8.0, 3.5 ] },
								"east": { "texture": "#zinc-sgorevshiy", "uv": [ 0.0, 0.0, 1.0, 3.5 ] },
								"south": { "texture": "#zinc-sgorevshiy", "uv": [ 0.0, 0.0, 8.0, 3.5 ] },
								"west": { "texture": "#zinc-sgorevshiy", "uv": [ 0.0, 0.0, 1.0, 3.5 ] },
								"up": { "texture": "#zinc-sgorevshiy", "uv": [ 0.0, 0.0, 8.0, 1.0 ] },
								"down": { "texture": "#zinc-sgorevshiy", "uv": [ 0.0, 0.0, 8.0, 1.0 ] }
							}
						},
						{
							"name": "Cube154",
							"from": [ 10.5, -0.5, -0.5 ],
							"to": [ 11.5, 1.5, 3.5 ],
							"rotationOrigin": [ 12.0, -1.0, 1.0 ],
							"faces": {
								"north": { "texture": "#zinc-sgorevshiy", "uv": [ 0.0, 0.0, 1.0, 2.0 ] },
								"east": { "texture": "#zinc-sgorevshiy", "uv": [ 0.0, 0.0, 4.0, 2.0 ] },
								"south": { "texture": "#zinc-sgorevshiy", "uv": [ 0.0, 0.0, 1.0, 2.0 ] },
								"west": { "texture": "#zinc-sgorevshiy", "uv": [ 0.0, 0.0, 4.0, 2.0 ] },
								"up": { "texture": "#zinc-sgorevshiy", "uv": [ 0.0, 0.0, 1.0, 4.0 ] },
								"down": { "texture": "#zinc-sgorevshiy", "uv": [ 0.0, 0.0, 1.0, 4.0 ] }
							}
						},
						{
							"name": "Cube155",
							"from": [ 0.6, -0.3, -0.3 ],
							"to": [ 0.9, 1.3, 3.3 ],
							"rotationOrigin": [ 2.1, -0.8, 1.2 ],
							"faces": {
								"north": { "texture": "#copper-okalina-polosa", "uv": [ 0.0, 0.0, 0.5, 1.5 ] },
								"east": { "texture": "#copper-okalina-polosa", "uv": [ 0.0, 0.0, 3.5, 1.5 ] },
								"south": { "texture": "#copper-okalina-polosa", "uv": [ 0.0, 0.0, 0.5, 1.5 ] },
								"west": { "texture": "#copper-okalina-polosa", "uv": [ 0.0, 0.0, 3.5, 1.5 ] },
								"up": { "texture": "#copper-okalina-polosa", "uv": [ 0.0, 0.0, 0.5, 3.5 ] },
								"down": { "texture": "#copper-okalina-polosa", "uv": [ 0.0, 0.0, 0.5, 3.5 ] }
							}
						},
						{
							"name": "Cube156",
							"from": [ 1.1, -0.3, -0.3 ],
							"to": [ 1.4, 1.3, 3.3 ],
							"rotationOrigin": [ 2.6, -0.8, 1.2 ],
							"faces": {
								"north": { "texture": "#copper-okalina-polosa", "uv": [ 0.0, 0.0, 0.5, 1.5 ] },
								"east": { "texture": "#copper-okalina-polosa", "uv": [ 0.0, 0.0, 3.5, 1.5 ] },
								"south": { "texture": "#copper-okalina-polosa", "uv": [ 0.0, 0.0, 0.5, 1.5 ] },
								"west": { "texture": "#copper-okalina-polosa", "uv": [ 0.0, 0.0, 3.5, 1.5 ] },
								"up": { "texture": "#copper-okalina-polosa", "uv": [ 0.0, 0.0, 0.5, 3.5 ] },
								"down": { "texture": "#copper-okalina-polosa", "uv": [ 0.0, 0.0, 0.5, 3.5 ] }
							}
						},
						{
							"name": "Cube157",
							"from": [ 1.6, -0.3, -0.3 ],
							"to": [ 1.9, 1.3, 3.3 ],
							"rotationOrigin": [ 3.1, -0.8, 1.2 ],
							"faces": {
								"north": { "texture": "#copper-okalina-polosa", "uv": [ 0.0, 0.0, 0.5, 1.5 ] },
								"east": { "texture": "#copper-okalina-polosa", "uv": [ 0.0, 0.0, 3.5, 1.5 ] },
								"south": { "texture": "#copper-okalina-polosa", "uv": [ 0.0, 0.0, 0.5, 1.5 ] },
								"west": { "texture": "#copper-okalina-polosa", "uv": [ 0.0, 0.0, 3.5, 1.5 ] },
								"up": { "texture": "#copper-okalina-polosa", "uv": [ 0.0, 0.0, 0.5, 3.5 ] },
								"down": { "texture": "#copper-okalina-polosa", "uv": [ 0.0, 0.0, 0.5, 3.5 ] }
							}
						},
						{
							"name": "Cube158",
							"from": [ 2.1, -0.3, -0.3 ],
							"to": [ 2.4, 1.3, 3.3 ],
							"rotationOrigin": [ 3.6, -0.8, 1.2 ],
							"faces": {
								"north": { "texture": "#copper-okalina-polosa", "uv": [ 0.0, 0.0, 0.5, 1.5 ] },
								"east": { "texture": "#copper-okalina-polosa", "uv": [ 0.0, 0.0, 3.5, 1.5 ] },
								"south": { "texture": "#copper-okalina-polosa", "uv": [ 0.0, 0.0, 0.5, 1.5 ] },
								"west": { "texture": "#copper-okalina-polosa", "uv": [ 0.0, 0.0, 3.5, 1.5 ] },
								"up": { "texture": "#copper-okalina-polosa", "uv": [ 0.0, 0.0, 0.5, 3.5 ] },
								"down": { "texture": "#copper-okalina-polosa", "uv": [ 0.0, 0.0, 0.5, 3.5 ] }
							}
						},
						{
							"name": "Cube159",
							"from": [ 2.6, -0.3, -0.3 ],
							"to": [ 2.9, 1.3, 3.3 ],
							"rotationOrigin": [ 4.1, -0.8, 1.2 ],
							"faces": {
								"north": { "texture": "#copper-okalina-polosa", "uv": [ 0.0, 0.0, 0.5, 1.5 ] },
								"east": { "texture": "#copper-okalina-polosa", "uv": [ 0.0, 0.0, 3.5, 1.5 ] },
								"south": { "texture": "#copper-okalina-polosa", "uv": [ 0.0, 0.0, 0.5, 1.5 ] },
								"west": { "texture": "#copper-okalina-polosa", "uv": [ 0.0, 0.0, 3.5, 1.5 ] },
								"up": { "texture": "#copper-okalina-polosa", "uv": [ 0.0, 0.0, 0.5, 3.5 ] },
								"down": { "texture": "#copper-okalina-polosa", "uv": [ 0.0, 0.0, 0.5, 3.5 ] }
							}
						},
						{
							"name": "Cube160",
							"from": [ 3.1, -0.3, -0.3 ],
							"to": [ 3.4, 1.3, 3.3 ],
							"rotationOrigin": [ 4.6, -0.8, 1.2 ],
							"faces": {
								"north": { "texture": "#copper-okalina-polosa", "uv": [ 0.0, 0.0, 0.5, 1.5 ] },
								"east": { "texture": "#copper-okalina-polosa", "uv": [ 0.0, 0.0, 3.5, 1.5 ] },
								"south": { "texture": "#copper-okalina-polosa", "uv": [ 0.0, 0.0, 0.5, 1.5 ] },
								"west": { "texture": "#copper-okalina-polosa", "uv": [ 0.0, 0.0, 3.5, 1.5 ] },
								"up": { "texture": "#copper-okalina-polosa", "uv": [ 0.0, 0.0, 0.5, 3.5 ] },
								"down": { "texture": "#copper-okalina-polosa", "uv": [ 0.0, 0.0, 0.5, 3.5 ] }
							}
						},
						{
							"name": "Cube161",
							"from": [ 3.6, -0.3, -0.3 ],
							"to": [ 3.9, 1.3, 3.3 ],
							"rotationOrigin": [ 5.1, -0.8, 1.2 ],
							"faces": {
								"north": { "texture": "#copper-okalina-polosa", "uv": [ 0.0, 0.0, 0.5, 1.5 ] },
								"east": { "texture": "#copper-okalina-polosa", "uv": [ 0.0, 0.0, 3.5, 1.5 ] },
								"south": { "texture": "#copper-okalina-polosa", "uv": [ 0.0, 0.0, 0.5, 1.5 ] },
								"west": { "texture": "#copper-okalina-polosa", "uv": [ 0.0, 0.0, 3.5, 1.5 ] },
								"up": { "texture": "#copper-okalina-polosa", "uv": [ 0.0, 0.0, 0.5, 3.5 ] },
								"down": { "texture": "#copper-okalina-polosa", "uv": [ 0.0, 0.0, 0.5, 3.5 ] }
							}
						},
						{
							"name": "Cube162",
							"from": [ 4.1, -0.3, -0.3 ],
							"to": [ 4.4, 1.3, 3.3 ],
							"rotationOrigin": [ 5.6, -0.8, 1.2 ],
							"faces": {
								"north": { "texture": "#copper-okalina-polosa", "uv": [ 0.0, 0.0, 0.5, 1.5 ] },
								"east": { "texture": "#copper-okalina-polosa", "uv": [ 0.0, 0.0, 3.5, 1.5 ] },
								"south": { "texture": "#copper-okalina-polosa", "uv": [ 0.0, 0.0, 0.5, 1.5 ] },
								"west": { "texture": "#copper-okalina-polosa", "uv": [ 0.0, 0.0, 3.5, 1.5 ] },
								"up": { "texture": "#copper-okalina-polosa", "uv": [ 0.0, 0.0, 0.5, 3.5 ] },
								"down": { "texture": "#copper-okalina-polosa", "uv": [ 0.0, 0.0, 0.5, 3.5 ] }
							}
						},
						{
							"name": "Cube163",
							"from": [ 4.6, -0.3, -0.3 ],
							"to": [ 4.9, 1.3, 3.3 ],
							"rotationOrigin": [ 6.1, -0.8, 1.2 ],
							"faces": {
								"north": { "texture": "#copper-okalina-polosa", "uv": [ 0.0, 0.0, 0.5, 1.5 ] },
								"east": { "texture": "#copper-okalina-polosa", "uv": [ 0.0, 0.0, 3.5, 1.5 ] },
								"south": { "texture": "#copper-okalina-polosa", "uv": [ 0.0, 0.0, 0.5, 1.5 ] },
								"west": { "texture": "#copper-okalina-polosa", "uv": [ 0.0, 0.0, 3.5, 1.5 ] },
								"up": { "texture": "#copper-okalina-polosa", "uv": [ 0.0, 0.0, 0.5, 3.5 ] },
								"down": { "texture": "#copper-okalina-polosa", "uv": [ 0.0, 0.0, 0.5, 3.5 ] }
							}
						},
						{
							"name": "Cube164",
							"from": [ 5.1, -0.3, -0.3 ],
							"to": [ 5.4, 1.3, 3.3 ],
							"rotationOrigin": [ 6.6, -0.8, 1.2 ],
							"faces": {
								"north": { "texture": "#copper-okalina-polosa", "uv": [ 0.0, 0.0, 0.5, 1.5 ] },
								"east": { "texture": "#copper-okalina-polosa", "uv": [ 0.0, 0.0, 3.5, 1.5 ] },
								"south": { "texture": "#copper-okalina-polosa", "uv": [ 0.0, 0.0, 0.5, 1.5 ] },
								"west": { "texture": "#copper-okalina-polosa", "uv": [ 0.0, 0.0, 3.5, 1.5 ] },
								"up": { "texture": "#copper-okalina-polosa", "uv": [ 0.0, 0.0, 0.5, 3.5 ] },
								"down": { "texture": "#copper-okalina-polosa", "uv": [ 0.0, 0.0, 0.5, 3.5 ] }
							}
						},
						{
							"name": "Cube165",
							"from": [ 5.6, -0.3, -0.3 ],
							"to": [ 5.9, 1.3, 3.3 ],
							"rotationOrigin": [ 7.1, -0.8, 1.2 ],
							"faces": {
								"north": { "texture": "#copper-okalina-polosa", "uv": [ 0.0, 0.0, 0.5, 1.5 ] },
								"east": { "texture": "#copper-okalina-polosa", "uv": [ 0.0, 0.0, 3.5, 1.5 ] },
								"south": { "texture": "#copper-okalina-polosa", "uv": [ 0.0, 0.0, 0.5, 1.5 ] },
								"west": { "texture": "#copper-okalina-polosa", "uv": [ 0.0, 0.0, 3.5, 1.5 ] },
								"up": { "texture": "#copper-okalina-polosa", "uv": [ 0.0, 0.0, 0.5, 3.5 ] },
								"down": { "texture": "#copper-okalina-polosa", "uv": [ 0.0, 0.0, 0.5, 3.5 ] }
							}
						},
						{
							"name": "Cube166",
							"from": [ 6.1, -0.3, -0.3 ],
							"to": [ 6.4, 1.3, 3.3 ],
							"rotationOrigin": [ 7.6, -0.8, 1.2 ],
							"faces": {
								"north": { "texture": "#copper-okalina-polosa", "uv": [ 0.0, 0.0, 0.5, 1.5 ] },
								"east": { "texture": "#copper-okalina-polosa", "uv": [ 0.0, 0.0, 3.5, 1.5 ] },
								"south": { "texture": "#copper-okalina-polosa", "uv": [ 0.0, 0.0, 0.5, 1.5 ] },
								"west": { "texture": "#copper-okalina-polosa", "uv": [ 0.0, 0.0, 3.5, 1.5 ] },
								"up": { "texture": "#copper-okalina-polosa", "uv": [ 0.0, 0.0, 0.5, 3.5 ] },
								"down": { "texture": "#copper-okalina-polosa", "uv": [ 0.0, 0.0, 0.5, 3.5 ] }
							}
						},
						{
							"name": "Cube167",
							"from": [ 6.6, -0.3, -0.3 ],
							"to": [ 6.9, 1.3, 3.3 ],
							"rotationOrigin": [ 8.1, -0.8, 1.2 ],
							"faces": {
								"north": { "texture": "#copper-okalina-polosa", "uv": [ 0.0, 0.0, 0.5, 1.5 ] },
								"east": { "texture": "#copper-okalina-polosa", "uv": [ 0.0, 0.0, 3.5, 1.5 ] },
								"south": { "texture": "#copper-okalina-polosa", "uv": [ 0.0, 0.0, 0.5, 1.5 ] },
								"west": { "texture": "#copper-okalina-polosa", "uv": [ 0.0, 0.0, 3.5, 1.5 ] },
								"up": { "texture": "#copper-okalina-polosa", "uv": [ 0.0, 0.0, 0.5, 3.5 ] },
								"down": { "texture": "#copper-okalina-polosa", "uv": [ 0.0, 0.0, 0.5, 3.5 ] }
							}
						},
						{
							"name": "Cube168",
							"from": [ 7.1, -0.3, -0.3 ],
							"to": [ 7.4, 1.3, 3.3 ],
							"rotationOrigin": [ 8.6, -0.8, 1.2 ],
							"faces": {
								"north": { "texture": "#copper-okalina-polosa", "uv": [ 0.0, 0.0, 0.5, 1.5 ] },
								"east": { "texture": "#copper-okalina-polosa", "uv": [ 0.0, 0.0, 3.5, 1.5 ] },
								"south": { "texture": "#copper-okalina-polosa", "uv": [ 0.0, 0.0, 0.5, 1.5 ] },
								"west": { "texture": "#copper-okalina-polosa", "uv": [ 0.0, 0.0, 3.5, 1.5 ] },
								"up": { "texture": "#copper-okalina-polosa", "uv": [ 0.0, 0.0, 0.5, 3.5 ] },
								"down": { "texture": "#copper-okalina-polosa", "uv": [ 0.0, 0.0, 0.5, 3.5 ] }
							}
						},
						{
							"name": "Cube169",
							"from": [ 7.6, -0.3, -0.3 ],
							"to": [ 7.9, 1.3, 3.3 ],
							"rotationOrigin": [ 9.1, -0.8, 1.2 ],
							"faces": {
								"north": { "texture": "#copper-okalina-polosa", "uv": [ 0.0, 0.0, 0.5, 1.5 ] },
								"east": { "texture": "#copper-okalina-polosa", "uv": [ 0.0, 0.0, 3.5, 1.5 ] },
								"south": { "texture": "#copper-okalina-polosa", "uv": [ 0.0, 0.0, 0.5, 1.5 ] },
								"west": { "texture": "#copper-okalina-polosa", "uv": [ 0.0, 0.0, 3.5, 1.5 ] },
								"up": { "texture": "#copper-okalina-polosa", "uv": [ 0.0, 0.0, 0.5, 3.5 ] },
								"down": { "texture": "#copper-okalina-polosa", "uv": [ 0.0, 0.0, 0.5, 3.5 ] }
							}
						},
						{
							"name": "Cube170",
							"from": [ 8.1, -0.3, -0.3 ],
							"to": [ 8.4, 1.3, 3.3 ],
							"rotationOrigin": [ 9.6, -0.8, 1.2 ],
							"faces": {
								"north": { "texture": "#copper-okalina-polosa", "uv": [ 0.0, 0.0, 0.5, 1.5 ] },
								"east": { "texture": "#copper-okalina-polosa", "uv": [ 0.0, 0.0, 3.5, 1.5 ] },
								"south": { "texture": "#copper-okalina-polosa", "uv": [ 0.0, 0.0, 0.5, 1.5 ] },
								"west": { "texture": "#copper-okalina-polosa", "uv": [ 0.0, 0.0, 3.5, 1.5 ] },
								"up": { "texture": "#copper-okalina-polosa", "uv": [ 0.0, 0.0, 0.5, 3.5 ] },
								"down": { "texture": "#copper-okalina-polosa", "uv": [ 0.0, 0.0, 0.5, 3.5 ] }
							}
						},
						{
							"name": "Cube171",
							"from": [ 8.6, -0.3, -0.3 ],
							"to": [ 8.9, 1.3, 3.3 ],
							"rotationOrigin": [ 10.1, -0.8, 1.2 ],
							"faces": {
								"north": { "texture": "#copper-okalina-polosa", "uv": [ 0.0, 0.0, 0.5, 1.5 ] },
								"east": { "texture": "#copper-okalina-polosa", "uv": [ 0.0, 0.0, 3.5, 1.5 ] },
								"south": { "texture": "#copper-okalina-polosa", "uv": [ 0.0, 0.0, 0.5, 1.5 ] },
								"west": { "texture": "#copper-okalina-polosa", "uv": [ 0.0, 0.0, 3.5, 1.5 ] },
								"up": { "texture": "#copper-okalina-polosa", "uv": [ 0.0, 0.0, 0.5, 3.5 ] },
								"down": { "texture": "#copper-okalina-polosa", "uv": [ 0.0, 0.0, 0.5, 3.5 ] }
							}
						},
						{
							"name": "Cube172",
							"from": [ 9.1, -0.3, -0.3 ],
							"to": [ 9.4, 1.3, 3.3 ],
							"rotationOrigin": [ 10.6, -0.8, 1.2 ],
							"faces": {
								"north": { "texture": "#copper-okalina-polosa", "uv": [ 0.0, 0.0, 0.5, 1.5 ] },
								"east": { "texture": "#copper-okalina-polosa", "uv": [ 0.0, 0.0, 3.5, 1.5 ] },
								"south": { "texture": "#copper-okalina-polosa", "uv": [ 0.0, 0.0, 0.5, 1.5 ] },
								"west": { "texture": "#copper-okalina-polosa", "uv": [ 0.0, 0.0, 3.5, 1.5 ] },
								"up": { "texture": "#copper-okalina-polosa", "uv": [ 0.0, 0.0, 0.5, 3.5 ] },
								"down": { "texture": "#copper-okalina-polosa", "uv": [ 0.0, 0.0, 0.5, 3.5 ] }
							}
						},
						{
							"name": "Cube173",
							"from": [ 9.6, -0.3, -0.3 ],
							"to": [ 9.9, 1.3, 3.3 ],
							"rotationOrigin": [ 11.1, -0.8, 1.2 ],
							"faces": {
								"north": { "texture": "#copper-okalina-polosa", "uv": [ 0.0, 0.0, 0.5, 1.5 ] },
								"east": { "texture": "#copper-okalina-polosa", "uv": [ 0.0, 0.0, 3.5, 1.5 ] },
								"south": { "texture": "#copper-okalina-polosa", "uv": [ 0.0, 0.0, 0.5, 1.5 ] },
								"west": { "texture": "#copper-okalina-polosa", "uv": [ 0.0, 0.0, 3.5, 1.5 ] },
								"up": { "texture": "#copper-okalina-polosa", "uv": [ 0.0, 0.0, 0.5, 3.5 ] },
								"down": { "texture": "#copper-okalina-polosa", "uv": [ 0.0, 0.0, 0.5, 3.5 ] }
							}
						},
						{
							"name": "Cube174",
							"from": [ 10.1, -0.3, -0.3 ],
							"to": [ 10.4, 1.3, 3.3 ],
							"rotationOrigin": [ 11.6, -0.8, 1.2 ],
							"faces": {
								"north": { "texture": "#copper-okalina-polosa", "uv": [ 0.0, 0.0, 0.5, 1.5 ] },
								"east": { "texture": "#copper-okalina-polosa", "uv": [ 0.0, 0.0, 3.5, 1.5 ] },
								"south": { "texture": "#copper-okalina-polosa", "uv": [ 0.0, 0.0, 0.5, 1.5 ] },
								"west": { "texture": "#copper-okalina-polosa", "uv": [ 0.0, 0.0, 3.5, 1.5 ] },
								"up": { "texture": "#copper-okalina-polosa", "uv": [ 0.0, 0.0, 0.5, 3.5 ] },
								"down": { "texture": "#copper-okalina-polosa", "uv": [ 0.0, 0.0, 0.5, 3.5 ] }
							}
						}
					]
				}
			]
		}
	]}