{
	"editor": {
		"allAngles": false,
		"entityTextureMode": false
	},
	"textureWidth": 16,
	"textureHeight": 16,
	"textureSizes": {
	},
	"textures": {
		"brass": "block/brass",
		"copper": "block/copper",
		"gold": "block/gold",
		"iron": "block/iron",
		"oak": "block/oak",
		"stainlesssteel": "block/stainlesssteel",
		"steel": "block/steel",
		"zinc": "block/zinc",
		"steel1": "block/plate/steel1"
	},
	"elements": [
		{
			"name": "stator",
			"from": [ 0.0, 0.0, 0.0 ],
			"to": [ 16.0, 1.0, 16.0 ],
			"rotationOrigin": [ 8.0, 0.0, 8.0 ],
			"rotationY": 90.0,
			"faces": {
				"north": { "texture": "#iron", "uv": [ 0.0, 0.0, 16.0, 1.0 ] },
				"east": { "texture": "#iron", "uv": [ 0.0, 0.0, 15.0, 1.0 ] },
				"south": { "texture": "#iron", "uv": [ 0.0, 0.0, 16.0, 1.0 ] },
				"west": { "texture": "#iron", "uv": [ 0.0, 0.0, 15.0, 1.0 ] },
				"up": { "texture": "#iron", "uv": [ 0.0, 0.0, 16.0, 15.0 ] },
				"down": { "texture": "#iron", "uv": [ 0.0, 0.0, 16.0, 15.0 ] }
			},
			"children": [
				{
					"name": "Cube28",
					"from": [ 2.0, 1.0, 5.0 ],
					"to": [ 14.0, 2.0, 11.0 ],
					"rotationOrigin": [ 19.0, 8.0, 8.0 ],
					"faces": {
						"north": { "texture": "#iron", "uv": [ 0.0, 0.0, 12.0, 1.0 ] },
						"east": { "texture": "#iron", "uv": [ 0.0, 0.0, 6.0, 1.0 ] },
						"south": { "texture": "#iron", "uv": [ 0.0, 0.0, 12.0, 1.0 ] },
						"west": { "texture": "#iron", "uv": [ 0.0, 0.0, 6.0, 1.0 ] },
						"up": { "texture": "#iron", "uv": [ 0.0, 0.0, 12.0, 6.0 ] },
						"down": { "texture": "#iron", "uv": [ 0.0, 0.0, 12.0, 6.0 ] }
					}
				},
				{
					"name": "Cube10",
					"from": [ 13.9, 1.0, 5.0 ],
					"to": [ 15.0, 14.7, 11.0 ],
					"rotationOrigin": [ 14.9, 8.0, 8.0 ],
					"faces": {
						"north": { "texture": "#steel1", "uv": [ 0.0, 0.0, 1.0, 13.5 ] },
						"east": { "texture": "#steel1", "uv": [ 0.0, 0.0, 6.0, 13.5 ] },
						"south": { "texture": "#steel1", "uv": [ 0.0, 0.0, 1.0, 13.5 ] },
						"west": { "texture": "#steel1", "uv": [ 0.0, 0.0, 6.0, 13.5 ] },
						"up": { "texture": "#steel1", "uv": [ 0.0, 0.0, 1.0, 6.0 ] },
						"down": { "texture": "#steel1", "uv": [ 0.0, 0.0, 1.0, 6.0 ] }
					}
				},
				{
					"name": "Cube9",
					"from": [ 1.0, 1.0, 5.0 ],
					"to": [ 2.1, 14.7, 11.0 ],
					"rotationOrigin": [ 2.0, 8.0, 8.0 ],
					"faces": {
						"north": { "texture": "#steel1", "uv": [ 0.0, 0.0, 1.0, 13.5 ] },
						"east": { "texture": "#steel1", "uv": [ 0.0, 0.0, 6.0, 13.5 ] },
						"south": { "texture": "#steel1", "uv": [ 0.0, 0.0, 1.0, 13.5 ] },
						"west": { "texture": "#steel1", "uv": [ 0.0, 0.0, 6.0, 13.5 ] },
						"up": { "texture": "#steel1", "uv": [ 0.0, 0.0, 1.0, 6.0 ] },
						"down": { "texture": "#steel1", "uv": [ 0.0, 0.0, 1.0, 6.0 ] }
					},
					"children": [
						{
							"name": "Cube2",
							"from": [ -0.9, 4.5, 0.5 ],
							"to": [ 0.5, 9.5, 5.5 ],
							"rotationOrigin": [ -0.9, 4.5, 0.5 ],
							"faces": {
								"north": { "texture": "#zinc", "uv": [ 0.0, 0.0, 1.0, 5.0 ] },
								"east": { "texture": "#zinc", "uv": [ 0.0, 0.0, 5.0, 5.0 ] },
								"south": { "texture": "#zinc", "uv": [ 0.0, 0.0, 1.0, 5.0 ] },
								"west": { "texture": "#zinc", "uv": [ 0.0, 0.0, 5.0, 5.0 ] },
								"up": { "texture": "#zinc", "uv": [ 0.0, 0.0, 1.0, 5.0 ] },
								"down": { "texture": "#zinc", "uv": [ 0.0, 0.0, 1.0, 5.0 ] }
							}
						},
						{
							"name": "Cube4",
							"from": [ -0.4, 4.4, 0.4 ],
							"to": [ 0.2, 9.6, 5.6 ],
							"rotationOrigin": [ -0.4, 4.4, 0.4 ],
							"faces": {
								"north": { "texture": "#brass", "uv": [ 0.0, 0.0, 0.5, 5.0 ] },
								"east": { "texture": "#brass", "uv": [ 0.0, 0.0, 5.0, 5.0 ] },
								"south": { "texture": "#brass", "uv": [ 0.0, 0.0, 0.5, 5.0 ] },
								"west": { "texture": "#brass", "uv": [ 0.0, 0.0, 5.0, 5.0 ] },
								"up": { "texture": "#brass", "uv": [ 0.0, 0.0, 0.5, 5.0 ] },
								"down": { "texture": "#brass", "uv": [ 0.0, 0.0, 0.5, 5.0 ] }
							}
						},
						{
							"name": "Cube38",
							"from": [ -0.2, 0.1, 1.4 ],
							"to": [ 0.4, 7.8, 1.7 ],
							"rotationOrigin": [ -0.2, 0.1, 1.4 ],
							"faces": {
								"north": { "texture": "#gold", "uv": [ 0.0, 0.0, 0.5, 7.5 ] },
								"east": { "texture": "#gold", "uv": [ 0.0, 0.0, 0.5, 7.5 ] },
								"south": { "texture": "#gold", "uv": [ 0.0, 0.0, 0.5, 7.5 ] },
								"west": { "texture": "#gold", "uv": [ 0.0, 0.0, 0.5, 7.5 ] },
								"up": { "texture": "#gold", "uv": [ 0.0, 0.0, 0.5, 0.5 ] },
								"down": { "texture": "#gold", "uv": [ 0.0, 0.0, 0.5, 0.5 ] }
							}
						},
						{
							"name": "Cube39",
							"from": [ -0.2, 0.1, 2.0 ],
							"to": [ 0.4, 7.8, 2.3 ],
							"rotationOrigin": [ -0.2, 0.1, 2.0 ],
							"faces": {
								"north": { "texture": "#gold", "uv": [ 0.0, 0.0, 0.5, 7.5 ] },
								"east": { "texture": "#gold", "uv": [ 0.0, 0.0, 0.5, 7.5 ] },
								"south": { "texture": "#gold", "uv": [ 0.0, 0.0, 0.5, 7.5 ] },
								"west": { "texture": "#gold", "uv": [ 0.0, 0.0, 0.5, 7.5 ] },
								"up": { "texture": "#gold", "uv": [ 0.0, 0.0, 0.5, 0.5 ] },
								"down": { "texture": "#gold", "uv": [ 0.0, 0.0, 0.5, 0.5 ] }
							}
						},
						{
							"name": "Cube40",
							"from": [ -0.2, 0.1, 3.4 ],
							"to": [ 0.4, 2.8, 3.7 ],
							"rotationOrigin": [ -0.2, 0.1, 3.4 ],
							"faces": {
								"north": { "texture": "#gold", "uv": [ 0.0, 0.0, 0.5, 2.5 ] },
								"east": { "texture": "#gold", "uv": [ 0.0, 0.0, 0.5, 2.5 ] },
								"south": { "texture": "#gold", "uv": [ 0.0, 0.0, 0.5, 2.5 ] },
								"west": { "texture": "#gold", "uv": [ 0.0, 0.0, 0.5, 2.5 ] },
								"up": { "texture": "#gold", "uv": [ 0.0, 0.0, 0.5, 0.5 ] },
								"down": { "texture": "#gold", "uv": [ 0.0, 0.0, 0.5, 0.5 ] }
							},
							"children": [
								{
									"name": "Cube41",
									"from": [ 0.0, 2.7, 0.0 ],
									"to": [ 0.6, 4.4, 0.3 ],
									"rotationOrigin": [ 0.0, 2.7, 0.0 ],
									"rotationX": 45.0,
									"faces": {
										"north": { "texture": "#gold", "uv": [ 0.0, 0.0, 0.5, 1.5 ] },
										"east": { "texture": "#gold", "uv": [ 0.0, 0.0, 0.5, 1.5 ] },
										"south": { "texture": "#gold", "uv": [ 0.0, 0.0, 0.5, 1.5 ] },
										"west": { "texture": "#gold", "uv": [ 0.0, 0.0, 0.5, 1.5 ] },
										"up": { "texture": "#gold", "uv": [ 0.0, 0.0, 0.5, 0.5 ] },
										"down": { "texture": "#gold", "uv": [ 0.0, 0.0, 0.5, 0.5 ] }
									}
								},
								{
									"name": "Cube42",
									"from": [ 0.0, 3.69, 1.12 ],
									"to": [ 0.6, 7.39, 1.42 ],
									"rotationOrigin": [ 0.0, 3.7, 1.1 ],
									"faces": {
										"north": { "texture": "#gold", "uv": [ 0.0, 0.0, 0.5, 3.5 ] },
										"east": { "texture": "#gold", "uv": [ 0.0, 0.0, 0.5, 3.5 ] },
										"south": { "texture": "#gold", "uv": [ 0.0, 0.0, 0.5, 3.5 ] },
										"west": { "texture": "#gold", "uv": [ 0.0, 0.0, 0.5, 3.5 ] },
										"up": { "texture": "#gold", "uv": [ 0.0, 0.0, 0.5, 0.5 ] },
										"down": { "texture": "#gold", "uv": [ 0.0, 0.0, 0.5, 0.5 ] }
									}
								}
							]
						},
						{
							"name": "Cube48",
							"from": [ -0.3, 0.1, 1.1 ],
							"to": [ 0.3, 0.8, 4.1 ],
							"rotationOrigin": [ -0.3, 0.1, 1.1 ],
							"faces": {
								"north": { "texture": "#brass", "uv": [ 0.0, 0.0, 0.5, 0.5 ] },
								"east": { "texture": "#brass", "uv": [ 0.0, 0.0, 3.0, 0.5 ] },
								"south": { "texture": "#brass", "uv": [ 0.0, 0.0, 0.5, 0.5 ] },
								"west": { "texture": "#brass", "uv": [ 0.0, 0.0, 3.0, 0.5 ] },
								"up": { "texture": "#brass", "uv": [ 0.0, 0.0, 0.5, 3.0 ] },
								"down": { "texture": "#brass", "uv": [ 0.0, 0.0, 0.5, 3.0 ] }
							}
						},
						{
							"name": "Cube5",
							"from": [ 0.2, 0.0, -4.0 ],
							"to": [ 1.0, 9.0, 10.0 ],
							"rotationOrigin": [ 0.2, 0.0, -4.0 ],
							"faces": {
								"north": { "texture": "#steel1", "uv": [ 0.0, 0.0, 0.5, 9.0 ] },
								"east": { "texture": "#steel1", "uv": [ 0.0, 0.0, 14.0, 9.0 ] },
								"south": { "texture": "#steel1", "uv": [ 0.0, 0.0, 0.5, 9.0 ] },
								"west": { "texture": "#steel1", "uv": [ 0.0, 0.0, 14.0, 9.0 ] },
								"up": { "texture": "#steel1", "uv": [ 0.0, 0.0, 0.5, 14.0 ] },
								"down": { "texture": "#steel1", "uv": [ 0.0, 0.0, 0.5, 14.0 ] }
							}
						},
						{
							"name": "Cube6",
							"from": [ 13.0, 0.0, -4.0 ],
							"to": [ 13.8, 9.0, 10.0 ],
							"rotationOrigin": [ 13.0, 0.0, -4.0 ],
							"faces": {
								"north": { "texture": "#steel1", "uv": [ 0.0, 0.0, 0.5, 9.0 ] },
								"east": { "texture": "#steel1", "uv": [ 0.0, 0.0, 14.0, 9.0 ] },
								"south": { "texture": "#steel1", "uv": [ 0.0, 0.0, 0.5, 9.0 ] },
								"west": { "texture": "#steel1", "uv": [ 0.0, 0.0, 14.0, 9.0 ] },
								"up": { "texture": "#steel1", "uv": [ 0.0, 0.0, 0.5, 14.0 ] },
								"down": { "texture": "#steel1", "uv": [ 0.0, 0.0, 0.5, 14.0 ] }
							}
						}
					]
				},
				{
					"name": "Cube31",
					"from": [ 2.0, 0.7, 5.75 ],
					"to": [ 14.0, 1.3, 12.25 ],
					"rotationOrigin": [ 19.0, 7.7, 8.5 ],
					"rotationX": 180.0,
					"faces": {
						"north": { "texture": "#steel1", "uv": [ 0.0, 0.0, 12.0, 0.5 ] },
						"east": { "texture": "#steel1", "uv": [ 0.0, 0.0, 6.5, 0.5 ] },
						"south": { "texture": "#steel1", "uv": [ 0.0, 0.0, 12.0, 0.5 ] },
						"west": { "texture": "#steel1", "uv": [ 0.0, 0.0, 6.5, 0.5 ] },
						"up": { "texture": "#steel1", "uv": [ 0.0, 0.0, 12.0, 6.5 ] },
						"down": { "texture": "#steel1", "uv": [ 0.0, 0.0, 12.0, 6.5 ] }
					}
				},
				{
					"name": "Cube33",
					"from": [ 2.0, 1.0, 5.25 ],
					"to": [ 14.0, 1.6, 15.25 ],
					"rotationOrigin": [ 19.0, 8.0, 8.0 ],
					"rotationX": 90.0,
					"faces": {
						"north": { "texture": "#steel1", "uv": [ 0.0, 0.0, 12.0, 0.5 ] },
						"east": { "texture": "#steel1", "uv": [ 0.0, 0.0, 10.0, 0.5 ] },
						"south": { "texture": "#steel1", "uv": [ 0.0, 0.0, 12.0, 0.5 ] },
						"west": { "texture": "#steel1", "uv": [ 0.0, 0.0, 10.0, 0.5 ] },
						"up": { "texture": "#steel1", "uv": [ 0.0, 0.0, 12.0, 10.0 ] },
						"down": { "texture": "#steel1", "uv": [ 0.0, 0.0, 12.0, 10.0 ] }
					},
					"children": [
						{
							"name": "Cube32",
							"from": [ 0.0, -0.1, 0.2 ],
							"to": [ 12.0, 0.5, 5.7 ],
							"rotationOrigin": [ 17.0, 6.9, 2.95 ],
							"rotationX": 45.0,
							"faces": {
								"north": { "texture": "#steel1", "uv": [ 0.0, 0.0, 12.0, 0.5 ] },
								"east": { "texture": "#steel1", "uv": [ 0.0, 0.0, 5.5, 0.5 ] },
								"south": { "texture": "#steel1", "uv": [ 0.0, 0.0, 12.0, 0.5 ] },
								"west": { "texture": "#steel1", "uv": [ 0.0, 0.0, 5.5, 0.5 ] },
								"up": { "texture": "#steel1", "uv": [ 0.0, 0.0, 12.0, 5.5 ] },
								"down": { "texture": "#steel1", "uv": [ 0.0, 0.0, 12.0, 5.5 ] }
							}
						},
						{
							"name": "Cube7",
							"from": [ 8.7, -0.2, 10.4 ],
							"to": [ 10.7, 0.1, 16.4 ],
							"rotationOrigin": [ 8.7, -0.2, 10.4 ],
							"rotationY": 180.0,
							"faces": {
								"north": { "texture": "#gold", "uv": [ 0.0, 0.0, 2.0, 0.5 ] },
								"east": { "texture": "#gold", "uv": [ 0.0, 0.0, 6.0, 0.5 ] },
								"south": { "texture": "#gold", "uv": [ 0.0, 0.0, 2.0, 0.5 ] },
								"west": { "texture": "#gold", "uv": [ 0.0, 0.0, 6.0, 0.5 ] },
								"up": { "texture": "#gold", "uv": [ 0.0, 0.0, 2.0, 6.0 ] },
								"down": { "texture": "#gold", "uv": [ 0.0, 0.0, 2.0, 6.0 ] }
							}
						},
						{
							"name": "Cube11",
							"from": [ 8.7, -0.2, 4.4 ],
							"to": [ 11.7, 0.1, 6.4 ],
							"rotationOrigin": [ 8.7, -0.2, 4.4 ],
							"rotationY": 180.0,
							"faces": {
								"north": { "texture": "#gold", "uv": [ 0.0, 0.0, 3.0, 0.5 ] },
								"east": { "texture": "#gold", "uv": [ 0.0, 0.0, 2.0, 0.5 ] },
								"south": { "texture": "#gold", "uv": [ 0.0, 0.0, 3.0, 0.5 ] },
								"west": { "texture": "#gold", "uv": [ 0.0, 0.0, 2.0, 0.5 ] },
								"up": { "texture": "#gold", "uv": [ 0.0, 0.0, 3.0, 2.0 ] },
								"down": { "texture": "#gold", "uv": [ 0.0, 0.0, 3.0, 2.0 ] }
							}
						},
						{
							"name": "Cube12",
							"from": [ 6.4, -0.4, 4.6 ],
							"to": [ 6.7, 0.1, 7.0 ],
							"rotationOrigin": [ 6.4, -0.4, 4.6 ],
							"rotationY": 180.0,
							"faces": {
								"north": { "texture": "#brass", "uv": [ 0.0, 0.0, 0.5, 0.5 ] },
								"east": { "texture": "#brass", "uv": [ 0.0, 0.0, 2.0, 0.5 ] },
								"south": { "texture": "#brass", "uv": [ 0.0, 0.0, 0.5, 0.5 ] },
								"west": { "texture": "#brass", "uv": [ 0.0, 0.0, 2.0, 0.5 ] },
								"up": { "texture": "#brass", "uv": [ 0.0, 0.0, 0.5, 2.0 ] },
								"down": { "texture": "#brass", "uv": [ 0.0, 0.0, 0.5, 2.0 ] }
							}
						}
					]
				},
				{
					"name": "Cube36",
					"from": [ 2.0, -4.0, 5.25 ],
					"to": [ 14.0, -3.4, 15.75 ],
					"rotationOrigin": [ 19.0, 3.0, 8.0 ],
					"rotationX": -90.0,
					"faces": {
						"north": { "texture": "#steel1", "uv": [ 0.0, 0.0, 12.0, 0.5 ] },
						"east": { "texture": "#steel1", "uv": [ 0.0, 0.0, 10.5, 0.5 ] },
						"south": { "texture": "#steel1", "uv": [ 0.0, 0.0, 12.0, 0.5 ] },
						"west": { "texture": "#steel1", "uv": [ 0.0, 0.0, 10.5, 0.5 ] },
						"up": { "texture": "#steel1", "uv": [ 0.0, 0.0, 12.0, 10.5 ] },
						"down": { "texture": "#steel1", "uv": [ 0.0, 0.0, 12.0, 10.5 ] }
					},
					"children": [
						{
							"name": "Cube37",
							"from": [ 0.0, -0.1, 4.8 ],
							"to": [ 12.0, 0.5, 10.3 ],
							"rotationOrigin": [ 17.0, 6.9, 7.55 ],
							"rotationX": -45.0,
							"faces": {
								"north": { "texture": "#steel1", "uv": [ 0.0, 0.0, 12.0, 0.5 ] },
								"east": { "texture": "#steel1", "uv": [ 0.0, 0.0, 5.5, 0.5 ] },
								"south": { "texture": "#steel1", "uv": [ 0.0, 0.0, 12.0, 0.5 ] },
								"west": { "texture": "#steel1", "uv": [ 0.0, 0.0, 5.5, 0.5 ] },
								"up": { "texture": "#steel1", "uv": [ 0.0, 0.0, 12.0, 5.5 ] },
								"down": { "texture": "#steel1", "uv": [ 0.0, 0.0, 12.0, 5.5 ] }
							}
						}
					]
				},
				{
					"name": "Cube8",
					"from": [ 0.5, 0.3, 0.5 ],
					"to": [ 15.5, 1.3, 15.5 ],
					"rotationOrigin": [ 0.5, 0.3, 0.5 ],
					"faces": {
						"north": { "texture": "#steel", "uv": [ 0.0, 0.0, 15.0, 1.0 ] },
						"east": { "texture": "#steel", "uv": [ 0.0, 0.0, 15.0, 1.0 ] },
						"south": { "texture": "#steel", "uv": [ 0.0, 0.0, 15.0, 1.0 ] },
						"west": { "texture": "#steel", "uv": [ 0.0, 0.0, 15.0, 1.0 ] },
						"up": { "texture": "#steel", "uv": [ 0.0, 0.0, 15.0, 15.0 ] },
						"down": { "texture": "#steel", "uv": [ 0.0, 0.0, 15.0, 15.0 ] }
					}
				},
				{
					"name": "Cube43",
					"from": [ 11.0, 1.2, 5.05 ],
					"to": [ 13.0, 1.8, 15.05 ],
					"rotationOrigin": [ 28.0, 8.2, 7.8 ],
					"rotationX": 90.0,
					"faces": {
						"north": { "texture": "#gold", "uv": [ 0.0, 0.0, 2.0, 0.5 ] },
						"east": { "texture": "#gold", "uv": [ 0.0, 0.0, 10.0, 0.5 ] },
						"south": { "texture": "#gold", "uv": [ 0.0, 0.0, 2.0, 0.5 ] },
						"west": { "texture": "#gold", "uv": [ 0.0, 0.0, 10.0, 0.5 ] },
						"up": { "texture": "#gold", "uv": [ 0.0, 0.0, 2.0, 10.0 ] },
						"down": { "texture": "#gold", "uv": [ 0.0, 0.0, 2.0, 10.0 ] }
					},
					"children": [
						{
							"name": "Cube44",
							"from": [ 0.0, 4.0, -4.0 ],
							"to": [ 2.0, 4.4, 1.66 ],
							"rotationOrigin": [ 0.0, 4.0, -4.0 ],
							"rotationX": 45.0,
							"faces": {
								"north": { "texture": "#gold", "uv": [ 0.0, 0.0, 2.0, 0.5 ] },
								"east": { "texture": "#gold", "uv": [ 0.0, 0.0, 5.5, 0.5 ] },
								"south": { "texture": "#gold", "uv": [ 0.0, 0.0, 2.0, 0.5 ] },
								"west": { "texture": "#gold", "uv": [ 0.0, 0.0, 5.5, 0.5 ] },
								"up": { "texture": "#gold", "uv": [ 0.0, 0.0, 2.0, 5.5 ] },
								"down": { "texture": "#gold", "uv": [ 0.0, 0.0, 2.0, 5.5 ] }
							}
						},
						{
							"name": "Cube45",
							"from": [ 0.0, 6.65, -4.0 ],
							"to": [ 2.0, 7.05, -1.34 ],
							"rotationOrigin": [ 0.0, 6.65, -4.0 ],
							"rotationX": 90.0,
							"faces": {
								"north": { "texture": "#gold", "uv": [ 0.0, 0.0, 2.0, 0.5 ] },
								"east": { "texture": "#gold", "uv": [ 0.0, 0.0, 2.5, 0.5 ] },
								"south": { "texture": "#gold", "uv": [ 0.0, 0.0, 2.0, 0.5 ] },
								"west": { "texture": "#gold", "uv": [ 0.0, 0.0, 2.5, 0.5 ] },
								"up": { "texture": "#gold", "uv": [ 0.0, 0.0, 2.0, 2.5 ] },
								"down": { "texture": "#gold", "uv": [ 0.0, 0.0, 2.0, 2.5 ] }
							}
						},
						{
							"name": "Cube46",
							"from": [ -3.0, 8.65, -4.0 ],
							"to": [ 2.0, 9.05, -2.0 ],
							"rotationOrigin": [ -3.0, 8.65, -4.0 ],
							"rotationX": 90.0,
							"faces": {
								"north": { "texture": "#gold", "uv": [ 0.0, 0.0, 5.0, 0.5 ] },
								"east": { "texture": "#gold", "uv": [ 0.0, 0.0, 2.0, 0.5 ] },
								"south": { "texture": "#gold", "uv": [ 0.0, 0.0, 5.0, 0.5 ] },
								"west": { "texture": "#gold", "uv": [ 0.0, 0.0, 2.0, 0.5 ] },
								"up": { "texture": "#gold", "uv": [ 0.0, 0.0, 5.0, 2.0 ] },
								"down": { "texture": "#gold", "uv": [ 0.0, 0.0, 5.0, 2.0 ] }
							}
						},
						{
							"name": "Cube47",
							"from": [ -2.5, -0.2, 9.3 ],
							"to": [ 2.2, 0.7, 10.3 ],
							"rotationOrigin": [ -2.5, -0.2, 9.3 ],
							"faces": {
								"north": { "texture": "#brass", "uv": [ 0.0, 0.0, 4.5, 0.5 ] },
								"east": { "texture": "#brass", "uv": [ 0.0, 0.0, 1.0, 0.5 ] },
								"south": { "texture": "#brass", "uv": [ 0.0, 0.0, 4.5, 0.5 ] },
								"west": { "texture": "#brass", "uv": [ 0.0, 0.0, 1.0, 0.5 ] },
								"up": { "texture": "#brass", "uv": [ 0.0, 0.0, 4.5, 1.0 ] },
								"down": { "texture": "#brass", "uv": [ 0.0, 0.0, 4.5, 1.0 ] }
							}
						},
						{
							"name": "Cube49",
							"from": [ -5.8, 9.65, -4.7 ],
							"to": [ -2.8, 10.85, -0.7 ],
							"rotationOrigin": [ -5.8, 9.65, -4.7 ],
							"rotationX": 90.0,
							"faces": {
								"north": { "texture": "#zinc", "uv": [ 0.0, 0.0, 3.0, 1.0 ] },
								"east": { "texture": "#zinc", "uv": [ 0.0, 0.0, 4.0, 1.0 ] },
								"south": { "texture": "#zinc", "uv": [ 0.0, 0.0, 3.0, 1.0 ] },
								"west": { "texture": "#zinc", "uv": [ 0.0, 0.0, 4.0, 1.0 ] },
								"up": { "texture": "#zinc", "uv": [ 0.0, 0.0, 3.0, 4.0 ] },
								"down": { "texture": "#zinc", "uv": [ 0.0, 0.0, 3.0, 4.0 ] }
							}
						},
						{
							"name": "Cube50",
							"from": [ -5.6, 8.95, -4.2 ],
							"to": [ -2.6, 9.65, -1.6 ],
							"rotationOrigin": [ -5.6, 8.95, -4.2 ],
							"rotationX": 90.0,
							"faces": {
								"north": { "texture": "#brass", "uv": [ 0.0, 0.0, 3.0, 0.5 ] },
								"east": { "texture": "#brass", "uv": [ 0.0, 0.0, 2.5, 0.5 ] },
								"south": { "texture": "#brass", "uv": [ 0.0, 0.0, 3.0, 0.5 ] },
								"west": { "texture": "#brass", "uv": [ 0.0, 0.0, 2.5, 0.5 ] },
								"up": { "texture": "#brass", "uv": [ 0.0, 0.0, 3.0, 2.5 ] },
								"down": { "texture": "#brass", "uv": [ 0.0, 0.0, 3.0, 2.5 ] }
							}
						},
						{
							"name": "Cube51",
							"from": [ -5.8, 13.95, 1.3 ],
							"to": [ -2.8, 15.15, 5.3 ],
							"rotationOrigin": [ -5.8, 13.95, 1.3 ],
							"faces": {
								"north": { "texture": "#zinc", "uv": [ 0.0, 0.0, 3.0, 1.0 ] },
								"east": { "texture": "#zinc", "uv": [ 0.0, 0.0, 4.0, 1.0 ] },
								"south": { "texture": "#zinc", "uv": [ 0.0, 0.0, 3.0, 1.0 ] },
								"west": { "texture": "#zinc", "uv": [ 0.0, 0.0, 4.0, 1.0 ] },
								"up": { "texture": "#zinc", "uv": [ 0.0, 0.0, 3.0, 4.0 ] },
								"down": { "texture": "#zinc", "uv": [ 0.0, 0.0, 3.0, 4.0 ] }
							}
						},
						{
							"name": "Cube52",
							"from": [ -5.8, -0.75, 1.3 ],
							"to": [ -2.8, 0.45, 5.3 ],
							"rotationOrigin": [ -5.8, -0.75, 1.3 ],
							"faces": {
								"north": { "texture": "#zinc", "uv": [ 0.0, 0.0, 3.0, 1.0 ] },
								"east": { "texture": "#zinc", "uv": [ 0.0, 0.0, 4.0, 1.0 ] },
								"south": { "texture": "#zinc", "uv": [ 0.0, 0.0, 3.0, 1.0 ] },
								"west": { "texture": "#zinc", "uv": [ 0.0, 0.0, 4.0, 1.0 ] },
								"up": { "texture": "#zinc", "uv": [ 0.0, 0.0, 3.0, 4.0 ] },
								"down": { "texture": "#zinc", "uv": [ 0.0, 0.0, 3.0, 4.0 ] }
							}
						},
						{
							"name": "Cube14",
							"from": [ -3.0, 14.0, 2.0 ],
							"to": [ 2.0, 14.4, 4.0 ],
							"rotationOrigin": [ -3.0, 14.0, 2.0 ],
							"faces": {
								"north": { "texture": "#gold", "uv": [ 0.0, 0.0, 5.0, 0.5 ] },
								"east": { "texture": "#gold", "uv": [ 0.0, 0.0, 2.0, 0.5 ] },
								"south": { "texture": "#gold", "uv": [ 0.0, 0.0, 5.0, 0.5 ] },
								"west": { "texture": "#gold", "uv": [ 0.0, 0.0, 2.0, 0.5 ] },
								"up": { "texture": "#gold", "uv": [ 0.0, 0.0, 5.0, 2.0 ] },
								"down": { "texture": "#gold", "uv": [ 0.0, 0.0, 5.0, 2.0 ] }
							}
						},
						{
							"name": "Cube15",
							"from": [ -3.0, 14.0, 1.8 ],
							"to": [ -2.6, 14.6, 4.2 ],
							"rotationOrigin": [ -3.0, 14.0, 1.8 ],
							"faces": {
								"north": { "texture": "#brass", "uv": [ 0.0, 0.0, 0.5, 0.5 ] },
								"east": { "texture": "#brass", "uv": [ 0.0, 0.0, 2.0, 0.5 ] },
								"south": { "texture": "#brass", "uv": [ 0.0, 0.0, 0.5, 0.5 ] },
								"west": { "texture": "#brass", "uv": [ 0.0, 0.0, 2.0, 0.5 ] },
								"up": { "texture": "#brass", "uv": [ 0.0, 0.0, 0.5, 2.0 ] },
								"down": { "texture": "#brass", "uv": [ 0.0, 0.0, 0.5, 2.0 ] }
							}
						},
						{
							"name": "Cube16",
							"from": [ -0.2, 14.0, 9.4 ],
							"to": [ 2.2, 14.6, 10.0 ],
							"rotationOrigin": [ -0.2, 14.0, 9.4 ],
							"faces": {
								"north": { "texture": "#brass", "uv": [ 0.0, 0.0, 2.0, 0.5 ] },
								"east": { "texture": "#brass", "uv": [ 0.0, 0.0, 0.5, 0.5 ] },
								"south": { "texture": "#brass", "uv": [ 0.0, 0.0, 2.0, 0.5 ] },
								"west": { "texture": "#brass", "uv": [ 0.0, 0.0, 0.5, 0.5 ] },
								"up": { "texture": "#brass", "uv": [ 0.0, 0.0, 2.0, 0.5 ] },
								"down": { "texture": "#brass", "uv": [ 0.0, 0.0, 2.0, 0.5 ] }
							},
							"children": [
								{
									"name": "Cube13",
									"from": [ 0.2, 0.0, -5.4 ],
									"to": [ 2.2, 0.4, 0.6 ],
									"rotationOrigin": [ 0.2, 0.0, -5.4 ],
									"faces": {
										"north": { "texture": "#gold", "uv": [ 0.0, 0.0, 2.0, 0.5 ] },
										"east": { "texture": "#gold", "uv": [ 0.0, 0.0, 6.0, 0.5 ] },
										"south": { "texture": "#gold", "uv": [ 0.0, 0.0, 2.0, 0.5 ] },
										"west": { "texture": "#gold", "uv": [ 0.0, 0.0, 6.0, 0.5 ] },
										"up": { "texture": "#gold", "uv": [ 0.0, 0.0, 2.0, 6.0 ] },
										"down": { "texture": "#gold", "uv": [ 0.0, 0.0, 2.0, 6.0 ] }
									}
								}
							]
						},
						{
							"name": "Cube53",
							"from": [ -5.8, 2.65, -3.7 ],
							"to": [ -2.8, 3.85, 0.3 ],
							"rotationOrigin": [ -5.8, 2.65, -3.7 ],
							"rotationX": 45.0,
							"faces": {
								"north": { "texture": "#zinc", "uv": [ 0.0, 0.0, 3.0, 1.0 ] },
								"east": { "texture": "#zinc", "uv": [ 0.0, 0.0, 4.0, 1.0 ] },
								"south": { "texture": "#zinc", "uv": [ 0.0, 0.0, 3.0, 1.0 ] },
								"west": { "texture": "#zinc", "uv": [ 0.0, 0.0, 4.0, 1.0 ] },
								"up": { "texture": "#zinc", "uv": [ 0.0, 0.0, 3.0, 4.0 ] },
								"down": { "texture": "#zinc", "uv": [ 0.0, 0.0, 3.0, 4.0 ] }
							}
						},
						{
							"name": "Cube54",
							"from": [ -5.8, 10.85, -3.0 ],
							"to": [ -2.8, 12.05, 1.0 ],
							"rotationOrigin": [ -5.8, 10.85, -3.0 ],
							"rotationX": -45.0,
							"faces": {
								"north": { "texture": "#zinc", "uv": [ 0.0, 0.0, 3.0, 1.0 ] },
								"east": { "texture": "#zinc", "uv": [ 0.0, 0.0, 4.0, 1.0 ] },
								"south": { "texture": "#zinc", "uv": [ 0.0, 0.0, 3.0, 1.0 ] },
								"west": { "texture": "#zinc", "uv": [ 0.0, 0.0, 4.0, 1.0 ] },
								"up": { "texture": "#zinc", "uv": [ 0.0, 0.0, 3.0, 4.0 ] },
								"down": { "texture": "#zinc", "uv": [ 0.0, 0.0, 3.0, 4.0 ] }
							}
						},
						{
							"name": "Cube18",
							"from": [ -8.8, 14.0, 9.4 ],
							"to": [ -6.4, 14.6, 10.0 ],
							"rotationOrigin": [ -8.8, 14.0, 9.4 ],
							"faces": {
								"north": { "texture": "#brass", "uv": [ 0.0, 0.0, 2.0, 0.5 ] },
								"east": { "texture": "#brass", "uv": [ 0.0, 0.0, 0.5, 0.5 ] },
								"south": { "texture": "#brass", "uv": [ 0.0, 0.0, 2.0, 0.5 ] },
								"west": { "texture": "#brass", "uv": [ 0.0, 0.0, 0.5, 0.5 ] },
								"up": { "texture": "#brass", "uv": [ 0.0, 0.0, 2.0, 0.5 ] },
								"down": { "texture": "#brass", "uv": [ 0.0, 0.0, 2.0, 0.5 ] }
							},
							"children": [
								{
									"name": "Cube19",
									"from": [ 0.2, 0.0, -9.4 ],
									"to": [ 2.2, 0.4, 0.6 ],
									"rotationOrigin": [ 0.2, 0.0, -9.4 ],
									"faces": {
										"north": { "texture": "#gold", "uv": [ 0.0, 0.0, 2.0, 0.5 ] },
										"east": { "texture": "#gold", "uv": [ 0.0, 0.0, 10.0, 0.5 ] },
										"south": { "texture": "#gold", "uv": [ 0.0, 0.0, 2.0, 0.5 ] },
										"west": { "texture": "#gold", "uv": [ 0.0, 0.0, 10.0, 0.5 ] },
										"up": { "texture": "#gold", "uv": [ 0.0, 0.0, 2.0, 10.0 ] },
										"down": { "texture": "#gold", "uv": [ 0.0, 0.0, 2.0, 10.0 ] }
									}
								}
							]
						},
						{
							"name": "Cube20",
							"from": [ -8.8, -0.2, 9.4 ],
							"to": [ -6.4, 0.4, 10.0 ],
							"rotationOrigin": [ -8.8, -0.2, 9.4 ],
							"faces": {
								"north": { "texture": "#brass", "uv": [ 0.0, 0.0, 2.0, 0.5 ] },
								"east": { "texture": "#brass", "uv": [ 0.0, 0.0, 0.5, 0.5 ] },
								"south": { "texture": "#brass", "uv": [ 0.0, 0.0, 2.0, 0.5 ] },
								"west": { "texture": "#brass", "uv": [ 0.0, 0.0, 0.5, 0.5 ] },
								"up": { "texture": "#brass", "uv": [ 0.0, 0.0, 2.0, 0.5 ] },
								"down": { "texture": "#brass", "uv": [ 0.0, 0.0, 2.0, 0.5 ] }
							},
							"children": [
								{
									"name": "Cube21",
									"from": [ 0.2, 0.2, -9.4 ],
									"to": [ 2.2, 0.6, 0.6 ],
									"rotationOrigin": [ 0.2, 0.2, -9.4 ],
									"faces": {
										"north": { "texture": "#gold", "uv": [ 0.0, 0.0, 2.0, 0.5 ] },
										"east": { "texture": "#gold", "uv": [ 0.0, 0.0, 10.0, 0.5 ] },
										"south": { "texture": "#gold", "uv": [ 0.0, 0.0, 2.0, 0.5 ] },
										"west": { "texture": "#gold", "uv": [ 0.0, 0.0, 10.0, 0.5 ] },
										"up": { "texture": "#gold", "uv": [ 0.0, 0.0, 2.0, 10.0 ] },
										"down": { "texture": "#gold", "uv": [ 0.0, 0.0, 2.0, 10.0 ] }
									}
								}
							]
						},
						{
							"name": "Cube55",
							"from": [ -8.6, 1.0, -1.0 ],
							"to": [ -6.6, 1.4, 0.42 ],
							"rotationOrigin": [ -8.6, 1.0, -1.0 ],
							"rotationX": 45.0,
							"faces": {
								"north": { "texture": "#gold", "uv": [ 0.0, 0.0, 2.0, 0.5 ] },
								"east": { "texture": "#gold", "uv": [ 0.0, 0.0, 1.0, 0.5 ] },
								"south": { "texture": "#gold", "uv": [ 0.0, 0.0, 2.0, 0.5 ] },
								"west": { "texture": "#gold", "uv": [ 0.0, 0.0, 1.0, 0.5 ] },
								"up": { "texture": "#gold", "uv": [ 0.0, 0.0, 2.0, 1.0 ] },
								"down": { "texture": "#gold", "uv": [ 0.0, 0.0, 2.0, 1.0 ] }
							},
							"children": [
								{
									"name": "Cube56",
									"from": [ 0.0, 0.0, -2.0 ],
									"to": [ 3.1, 0.4, 0.0 ],
									"rotationOrigin": [ 0.0, 0.0, -2.0284 ],
									"rotationX": 0.0,
									"rotationY": 0.0,
									"rotationZ": 0.0,
									"faces": {
										"north": { "texture": "#gold", "uv": [ 0.0, 0.0, 3.0, 0.5 ] },
										"east": { "texture": "#gold", "uv": [ 0.0, 0.0, 2.0, 0.5 ] },
										"south": { "texture": "#gold", "uv": [ 0.0, 0.0, 3.0, 0.5 ] },
										"west": { "texture": "#gold", "uv": [ 0.0, 0.0, 2.0, 0.5 ] },
										"up": { "texture": "#gold", "uv": [ 0.0, 0.0, 3.0, 2.0 ] },
										"down": { "texture": "#gold", "uv": [ 0.0, 0.0, 3.0, 2.0 ] }
									}
								},
								{
									"name": "Cube57",
									"from": [ 2.6, -0.2, -2.2 ],
									"to": [ 3.6, 0.4, 0.2 ],
									"rotationOrigin": [ 2.6, -0.2, -2.2284 ],
									"rotationX": 0.0,
									"rotationY": 0.0,
									"rotationZ": 0.0,
									"faces": {
										"north": { "texture": "#brass", "uv": [ 0.0, 0.0, 1.0, 0.5 ] },
										"east": { "texture": "#brass", "uv": [ 0.0, 0.0, 2.0, 0.5 ] },
										"south": { "texture": "#brass", "uv": [ 0.0, 0.0, 1.0, 0.5 ] },
										"west": { "texture": "#brass", "uv": [ 0.0, 0.0, 2.0, 0.5 ] },
										"up": { "texture": "#brass", "uv": [ 0.0, 0.0, 1.0, 2.0 ] },
										"down": { "texture": "#brass", "uv": [ 0.0, 0.0, 1.0, 2.0 ] }
									}
								}
							]
						},
						{
							"name": "Cube58",
							"from": [ -8.6, 13.1, -0.7 ],
							"to": [ -6.6, 13.5, 0.72 ],
							"rotationOrigin": [ -8.6, 13.1, -0.7 ],
							"rotationX": -45.0,
							"faces": {
								"north": { "texture": "#gold", "uv": [ 0.0, 0.0, 2.0, 0.5 ] },
								"east": { "texture": "#gold", "uv": [ 0.0, 0.0, 1.0, 0.5 ] },
								"south": { "texture": "#gold", "uv": [ 0.0, 0.0, 2.0, 0.5 ] },
								"west": { "texture": "#gold", "uv": [ 0.0, 0.0, 1.0, 0.5 ] },
								"up": { "texture": "#gold", "uv": [ 0.0, 0.0, 2.0, 1.0 ] },
								"down": { "texture": "#gold", "uv": [ 0.0, 0.0, 2.0, 1.0 ] }
							},
							"children": [
								{
									"name": "Cube59",
									"from": [ 0.0, 0.0, -2.0 ],
									"to": [ 3.1, 0.4, 0.0 ],
									"rotationOrigin": [ 0.0, 0.0, -2.0284 ],
									"rotationX": 0.0,
									"rotationY": 0.0,
									"rotationZ": 0.0,
									"faces": {
										"north": { "texture": "#gold", "uv": [ 0.0, 0.0, 3.0, 0.5 ] },
										"east": { "texture": "#gold", "uv": [ 0.0, 0.0, 2.0, 0.5 ] },
										"south": { "texture": "#gold", "uv": [ 0.0, 0.0, 3.0, 0.5 ] },
										"west": { "texture": "#gold", "uv": [ 0.0, 0.0, 2.0, 0.5 ] },
										"up": { "texture": "#gold", "uv": [ 0.0, 0.0, 3.0, 2.0 ] },
										"down": { "texture": "#gold", "uv": [ 0.0, 0.0, 3.0, 2.0 ] }
									}
								},
								{
									"name": "Cube60",
									"from": [ 2.6, 0.0, -2.2 ],
									"to": [ 3.6, 0.6, 0.2 ],
									"rotationOrigin": [ 2.6, 0.0, -2.2284 ],
									"rotationX": 0.0,
									"rotationY": 0.0,
									"rotationZ": 0.0,
									"faces": {
										"north": { "texture": "#brass", "uv": [ 0.0, 0.0, 1.0, 0.5 ] },
										"east": { "texture": "#brass", "uv": [ 0.0, 0.0, 2.0, 0.5 ] },
										"south": { "texture": "#brass", "uv": [ 0.0, 0.0, 1.0, 0.5 ] },
										"west": { "texture": "#brass", "uv": [ 0.0, 0.0, 2.0, 0.5 ] },
										"up": { "texture": "#brass", "uv": [ 0.0, 0.0, 1.0, 2.0 ] },
										"down": { "texture": "#brass", "uv": [ 0.0, 0.0, 1.0, 2.0 ] }
									}
								}
							]
						}
					]
				}
			]
		}
	]}