﻿{
  "code": "egenerator",
  "class": "BlockEGenerator",
  "entityClass": "BlockEntityEGenerator",

  "variantGroups": [
    {
      "code": "tier",
      "states": [
        "tier1",
        "tier2",
        "tier3"
      ]
    },
    {
      "code": "type",
      "states": [
        "rotor",
        "stator",
        "normal",
        "burned"
      ]
    }
  ],


  "entityBehaviors": [
    {
      "name": "BEBehaviorEGenerator"
    },
    {
      "name": "ElectricalProgressive"
    }
  ],



  "attributes": {
    "handbook": {
      "groupBy": [ "egenerator-*" ],
      "extraSections": [
        {
          "title": "electricalprogressivebasics:block-handbooktitle-egenerator-{tier}",
          "text": "electricalprogressivebasics:block-handbooktext-egenerator-{tier}"
        }
      ]
    }
  },


  "attributesByType": { //params - параметры генератора: I_max, speed_max , resistance_factor, resistance_load, base_resistance, kpd_max
    "*-tier1-*": {
      "params": [ 128.0, 0.5, 0.125, 0.5, 0.05, 0.75 ],
      "voltage": 32,
      "maxCurrent": 20.0,
      "isolated": true,
      "isolatedEnvironment": false
    },
    "*-tier2-*": {
      "params": [ 256.0, 0.75, 0.25, 1.0, 0.05, 0.85 ],
      "voltage": 32,
      "maxCurrent": 20.0,
      "isolated": true,
      "isolatedEnvironment": false
    },
    "*-tier3-*": {
      "params": [ 512.0, 1.0, 0.5, 2.0, 0.05, 0.95 ],
      "voltage": 128,
      "maxCurrent": 20.0,
      "isolated": true,
      "isolatedEnvironment": true
    }
  },


  "creativeInventory": {
    "general": [
      "*-stator",
      "*-burned"
    ],
    "mechanics": [
      "*-stator"
    ],
    "electricity": [
      "*-stator"
    ]
  },


  "shapeInventoryByType": {
    "*-burned": {
      "base": "block/egenerator/egenerator-{tier}-burned"
    },
    "*": {
      "base": "block/egenerator/egenerator-{tier}-normal"
    }
  },

  "shape": {
    "base": "block/egenerator/egenerator-{tier}-{type}"
  },



  "resistance": 1,
  "drawType": "JSON",
  "lightAbsorption": 0.0,
  "faceCullMode": "NeverCull",
  "renderPass": "OpaqueNoCull",
  "emitSideAo": {
    "all": false
  },
  "sideAo": {
    "all": false
  },
  "sideOpaque": {
    "all": false
  },
  "sideSolid": {
    "all": false
  },
  "sounds": {
    "place": "game:block/anvil",
    "walk": "game:walk/stone"
  },

  "heldTpIdleAnimation": "holdbothhandslarge",
  "heldRightReadyAnimation": "heldblockready",
  "heldTpUseAnimation": "twohandplaceblock",
  "tpHandTransform": {
    "translation": {
      "x": -1.23,
      "y": -0.91,
      "z": -0.8
    },
    "rotation": {
      "x": -2,
      "y": 25,
      "z": -78
    },
    "scale": 0.4
  }
}
