﻿{
	"ingredient": {
		"type": "item",
		"code": "game:ingot-steel"
	},
	"pattern": [
	[
		"#####",
		"#####",
		"#####",
		"#####",
		"#####"
	], 
	[
		"_###_",
		"#####",
		"#####",
		"#####",
		"_###_"
	],
	[
		"_____",
		"_###_",
		"_###_",
		"_###_",
		"_____"
	],
	[
		"_____",
		"__#__",
		"_###_",
		"__#__",
		"_____"
	],
	[
		"_____",
		"_____",
		"__#__",
		"_____",
		"_____"
	]
			],
	"name": "DrillTip",
	"output": {
		"type": "item",
		"code": "electricalprogressiveequipment:edrilltip",
		"stacksize": 1
	}
}