{
	"editor": {
		"collapsedPaths": "Root/Cube2.003,Root/Cube2.4,Root/Cube2.041",
		"allAngles": false,
		"entityTextureMode": false
	},
	"textureWidth": 16,
	"textureHeight": 16,
	"textureSizes": {
	},
	"elements": [
		{
			"name": "Cube2.022",
			"from": [ 9.9, 0.0, 6.1 ],
			"to": [ 10.4, 0.5, 7.2396 ],
			"rotationOrigin": [ 8.9503, 0.25, 6.8103 ],
			"rotationY": 180.0,
			"faces": {
				"north": { "texture": "#coke", "uv": [ 0.0, 0.0, 4.0, 4.0 ], "autoUv": false },
				"east": { "texture": "#coke", "uv": [ 0.0, 0.0, 4.0, 4.0 ], "autoUv": false },
				"south": { "texture": "#coke", "uv": [ 0.0, 0.0, 4.0, 4.0 ], "autoUv": false },
				"west": { "texture": "#coke", "uv": [ 0.0, 0.0, 4.0, 4.0 ], "autoUv": false },
				"up": { "texture": "#coke", "uv": [ 0.0, 0.0, 4.0, 4.0 ], "autoUv": false },
				"down": { "texture": "#coke", "uv": [ 0.0, 0.0, 4.0, 4.0 ], "autoUv": false }
			},
			"children": [
				{
					"name": "Cube2.034",
					"from": [ 0.0, 0.498, 5.456 ],
					"to": [ 0.5, 0.998, 6.5957 ],
					"rotationOrigin": [ -0.45, 0.748, 5.456 ],
					"faces": {
						"north": { "texture": "#material", "uv": [ 0.0, 0.0, 4.0, 4.0 ], "autoUv": false },
						"east": { "texture": "#coke", "uv": [ 0.0, 0.0, 4.0, 4.0 ], "autoUv": false },
						"south": { "texture": "#coke", "uv": [ 0.0, 0.0, 4.0, 4.0 ], "autoUv": false },
						"west": { "texture": "#coke", "uv": [ 0.0, 0.0, 4.0, 4.0 ], "autoUv": false },
						"up": { "texture": "#coke", "uv": [ 0.0, 0.0, 4.0, 4.0 ], "autoUv": false },
						"down": { "texture": "#coke", "uv": [ 0.0, 0.0, 4.0, 4.0 ], "autoUv": false }
					}
				},
				{
					"name": "Cube2.037",
					"from": [ -0.5009, -0.001, 6.5687 ],
					"to": [ -9.0E-4, 0.499, 8.1881 ],
					"rotationOrigin": [ -0.9509, 0.249, 6.5687 ],
					"faces": {
						"north": { "texture": "#material", "uv": [ 0.0, 0.0, 4.0, 4.0 ], "autoUv": false },
						"east": { "texture": "#coke", "uv": [ 0.0, 0.0, 4.0, 4.0 ], "autoUv": false },
						"south": { "texture": "#material", "uv": [ 0.0, 0.0, 4.0, 4.0 ], "autoUv": false },
						"west": { "texture": "#coke", "uv": [ 0.0, 0.0, 4.0, 4.0 ], "autoUv": false },
						"up": { "texture": "#coke", "uv": [ 0.0, 0.0, 4.0, 4.0 ], "autoUv": false },
						"down": { "texture": "#coke", "uv": [ 0.0, 0.0, 4.0, 4.0 ], "autoUv": false }
					}
				},
				{
					"name": "Cube2.054",
					"from": [ 0.0, 0.0, 4.3601 ],
					"to": [ 0.5, 0.5, 5.4997 ],
					"rotationOrigin": [ -0.45, 0.25, 4.3601 ],
					"faces": {
						"north": { "texture": "#coke", "uv": [ 0.0, 0.0, 4.0, 4.0 ], "autoUv": false },
						"east": { "texture": "#coke", "uv": [ 0.0, 0.0, 4.0, 4.0 ], "autoUv": false },
						"south": { "texture": "#coke", "uv": [ 0.0, 0.0, 4.0, 4.0 ], "autoUv": false },
						"west": { "texture": "#coke", "uv": [ 0.0, 0.0, 4.0, 4.0 ], "autoUv": false },
						"up": { "texture": "#material", "uv": [ 0.0, 0.0, 4.0, 4.0 ], "autoUv": false },
						"down": { "texture": "#coke", "uv": [ 0.0, 0.0, 4.0, 4.0 ], "autoUv": false }
					}
				},
				{
					"name": "Cube2.056",
					"from": [ -0.5009, 0.497, 4.3601 ],
					"to": [ -9.0E-4, 0.997, 5.4997 ],
					"rotationOrigin": [ -0.9509, 0.747, 4.3601 ],
					"faces": {
						"north": { "texture": "#material", "uv": [ 0.0, 0.0, 4.0, 4.0 ], "autoUv": false },
						"east": { "texture": "#material", "uv": [ 0.0, 0.0, 4.0, 4.0 ], "autoUv": false },
						"south": { "texture": "#material", "uv": [ 0.0, 0.0, 4.0, 4.0 ], "autoUv": false },
						"west": { "texture": "#coke", "uv": [ 0.0, 0.0, 4.0, 4.0 ], "autoUv": false },
						"up": { "texture": "#coke", "uv": [ 0.0, 0.0, 4.0, 4.0 ], "autoUv": false },
						"down": { "texture": "#coke", "uv": [ 0.0, 0.0, 4.0, 4.0 ], "autoUv": false }
					}
				},
				{
					"name": "Cube2.057",
					"from": [ -0.5009, 0.497, 2.1257 ],
					"to": [ -9.0E-4, 0.997, 3.2654 ],
					"rotationOrigin": [ -0.9509, 0.747, 2.1257 ],
					"faces": {
						"north": { "texture": "#coke", "uv": [ 0.0, 0.0, 4.0, 4.0 ], "autoUv": false },
						"east": { "texture": "#coke", "uv": [ 0.0, 0.0, 4.0, 4.0 ], "autoUv": false },
						"south": { "texture": "#material", "uv": [ 0.0, 0.0, 4.0, 4.0 ], "autoUv": false },
						"west": { "texture": "#coke", "uv": [ 0.0, 0.0, 4.0, 4.0 ], "autoUv": false },
						"up": { "texture": "#coke", "uv": [ 0.0, 0.0, 4.0, 4.0 ], "autoUv": false },
						"down": { "texture": "#coke", "uv": [ 0.0, 0.0, 4.0, 4.0 ], "autoUv": false }
					}
				},
				{
					"name": "Cube2.058",
					"from": [ 0.0, 0.498, 2.1257 ],
					"to": [ 0.5, 0.998, 3.2654 ],
					"rotationOrigin": [ -0.45, 0.748, 2.1257 ],
					"faces": {
						"north": { "texture": "#material", "uv": [ 0.0, 0.0, 4.0, 4.0 ], "autoUv": false },
						"east": { "texture": "#coke", "uv": [ 0.0, 0.0, 4.0, 4.0 ], "autoUv": false },
						"south": { "texture": "#coke", "uv": [ 0.0, 0.0, 4.0, 4.0 ], "autoUv": false },
						"west": { "texture": "#coke", "uv": [ 0.0, 0.0, 4.0, 4.0 ], "autoUv": false },
						"up": { "texture": "#coke", "uv": [ 0.0, 0.0, 4.0, 4.0 ], "autoUv": false },
						"down": { "texture": "#coke", "uv": [ 0.0, 0.0, 4.0, 4.0 ], "autoUv": false }
					}
				},
				{
					"name": "Cube2.059",
					"from": [ 0.0, 0.0, 2.1257 ],
					"to": [ 0.5, 0.5, 3.2654 ],
					"rotationOrigin": [ -0.45, 0.25, 2.1257 ],
					"faces": {
						"north": { "texture": "#coke", "uv": [ 0.0, 0.0, 4.0, 4.0 ], "autoUv": false },
						"east": { "texture": "#coke", "uv": [ 0.0, 0.0, 4.0, 4.0 ], "autoUv": false },
						"south": { "texture": "#coke", "uv": [ 0.0, 0.0, 4.0, 4.0 ], "autoUv": false },
						"west": { "texture": "#coke", "uv": [ 0.0, 0.0, 4.0, 4.0 ], "autoUv": false },
						"up": { "texture": "#coke", "uv": [ 0.0, 0.0, 4.0, 4.0 ], "autoUv": false },
						"down": { "texture": "#coke", "uv": [ 0.0, 0.0, 4.0, 4.0 ], "autoUv": false }
					}
				},
				{
					"name": "Cube2.060",
					"from": [ -0.5009, -0.001, 2.1257 ],
					"to": [ -9.0E-4, 0.499, 3.2654 ],
					"rotationOrigin": [ -0.9509, 0.249, 2.1257 ],
					"faces": {
						"north": { "texture": "#material", "uv": [ 0.0, 0.0, 4.0, 4.0 ], "autoUv": false },
						"east": { "texture": "#coke", "uv": [ 0.0, 0.0, 4.0, 4.0 ], "autoUv": false },
						"south": { "texture": "#coke", "uv": [ 0.0, 0.0, 4.0, 4.0 ], "autoUv": false },
						"west": { "texture": "#coke", "uv": [ 0.0, 0.0, 4.0, 4.0 ], "autoUv": false },
						"up": { "texture": "#coke", "uv": [ 0.0, 0.0, 4.0, 4.0 ], "autoUv": false },
						"down": { "texture": "#coke", "uv": [ 0.0, 0.0, 4.0, 4.0 ], "autoUv": false }
					}
				},
				{
					"name": "Cube2.062",
					"from": [ 0.0, 0.0, 1.013 ],
					"to": [ 0.5, 0.5, 2.1527 ],
					"rotationOrigin": [ -0.45, 0.25, 1.013 ],
					"faces": {
						"north": { "texture": "#coke", "uv": [ 0.0, 0.0, 4.0, 4.0 ], "autoUv": false },
						"east": { "texture": "#coke", "uv": [ 0.0, 0.0, 4.0, 4.0 ], "autoUv": false },
						"south": { "texture": "#coke", "uv": [ 0.0, 0.0, 4.0, 4.0 ], "autoUv": false },
						"west": { "texture": "#coke", "uv": [ 0.0, 0.0, 4.0, 4.0 ], "autoUv": false },
						"up": { "texture": "#material", "uv": [ 0.0, 0.0, 4.0, 4.0 ], "autoUv": false },
						"down": { "texture": "#coke", "uv": [ 0.0, 0.0, 4.0, 4.0 ], "autoUv": false }
					}
				},
				{
					"name": "Cube2.064",
					"from": [ -0.5009, 0.497, 1.013 ],
					"to": [ -9.0E-4, 0.997, 2.1527 ],
					"rotationOrigin": [ -0.9509, 0.747, 1.013 ],
					"faces": {
						"north": { "texture": "#material", "uv": [ 0.0, 0.0, 4.0, 4.0 ], "autoUv": false },
						"east": { "texture": "#coke", "uv": [ 0.0, 0.0, 4.0, 4.0 ], "autoUv": false },
						"south": { "texture": "#coke", "uv": [ 0.0, 0.0, 4.0, 4.0 ], "autoUv": false },
						"west": { "texture": "#coke", "uv": [ 0.0, 0.0, 4.0, 4.0 ], "autoUv": false },
						"up": { "texture": "#coke", "uv": [ 0.0, 0.0, 4.0, 4.0 ], "autoUv": false },
						"down": { "texture": "#material", "uv": [ 0.0, 0.0, 4.0, 4.0 ], "autoUv": false }
					}
				},
				{
					"name": "Cube2.023",
					"from": [ 0.0, 0.499, 0.0 ],
					"to": [ 0.5, 0.999, 1.1396 ],
					"rotationOrigin": [ -0.45, 0.749, 0.0 ],
					"faces": {
						"north": { "texture": "#material", "uv": [ 0.0, 0.0, 4.0, 4.0 ], "autoUv": false },
						"east": { "texture": "#coke", "uv": [ 0.0, 0.0, 4.0, 4.0 ], "autoUv": false },
						"south": { "texture": "#material", "uv": [ 0.0, 0.0, 4.0, 4.0 ], "autoUv": false },
						"west": { "texture": "#material", "uv": [ 0.0, 0.0, 4.0, 4.0 ], "autoUv": false },
						"up": { "texture": "#coke", "uv": [ 0.0, 0.0, 4.0, 4.0 ], "autoUv": false },
						"down": { "texture": "#coke", "uv": [ 0.0, 0.0, 4.0, 4.0 ], "autoUv": false }
					}
				},
				{
					"name": "Cube2.021",
					"from": [ -0.5009, 0.0, 0.0 ],
					"to": [ -9.0E-4, 0.5, 1.1396 ],
					"rotationOrigin": [ -0.9509, 0.249, 0.0 ],
					"faces": {
						"north": { "texture": "#coke", "uv": [ 0.0, 0.0, 4.0, 4.0 ], "autoUv": false },
						"east": { "texture": "#coke", "uv": [ 0.0, 0.0, 4.0, 4.0 ], "autoUv": false },
						"south": { "texture": "#material", "uv": [ 0.0, 0.0, 4.0, 4.0 ], "autoUv": false },
						"west": { "texture": "#coke", "uv": [ 0.0, 0.0, 4.0, 4.0 ], "autoUv": false },
						"up": { "texture": "#material", "uv": [ 0.0, 0.0, 4.0, 4.0 ], "autoUv": false },
						"down": { "texture": "#coke", "uv": [ 0.0, 0.0, 4.0, 4.0 ], "autoUv": false }
					}
				},
				{
					"name": "Cube2.052",
					"from": [ -0.5009, -0.001, 3.2474 ],
					"to": [ -9.0E-4, 0.499, 4.387 ],
					"rotationOrigin": [ -0.9509, 0.249, 3.2474 ],
					"faces": {
						"north": { "texture": "#coke", "uv": [ 0.0, 0.0, 4.0, 4.0 ], "autoUv": false },
						"east": { "texture": "#coke", "uv": [ 0.0, 0.0, 4.0, 4.0 ], "autoUv": false },
						"south": { "texture": "#coke", "uv": [ 0.0, 0.0, 4.0, 4.0 ], "autoUv": false },
						"west": { "texture": "#coke", "uv": [ 0.0, 0.0, 4.0, 4.0 ], "autoUv": false },
						"up": { "texture": "#material", "uv": [ 0.0, 0.0, 4.0, 4.0 ], "autoUv": false },
						"down": { "texture": "#coke", "uv": [ 0.0, 0.0, 4.0, 4.0 ], "autoUv": false }
					}
				},
				{
					"name": "Cube2.053",
					"from": [ -0.5009, -0.001, 4.3601 ],
					"to": [ -9.0E-4, 0.499, 5.4997 ],
					"rotationOrigin": [ -0.9509, 0.249, 4.3601 ],
					"faces": {
						"north": { "texture": "#coke", "uv": [ 0.0, 0.0, 4.0, 4.0 ], "autoUv": false },
						"east": { "texture": "#coke", "uv": [ 0.0, 0.0, 4.0, 4.0 ], "autoUv": false },
						"south": { "texture": "#material", "uv": [ 0.0, 0.0, 4.0, 4.0 ], "autoUv": false },
						"west": { "texture": "#coke", "uv": [ 0.0, 0.0, 4.0, 4.0 ], "autoUv": false },
						"up": { "texture": "#coke", "uv": [ 0.0, 0.0, 4.0, 4.0 ], "autoUv": false },
						"down": { "texture": "#coke", "uv": [ 0.0, 0.0, 4.0, 4.0 ], "autoUv": false }
					}
				},
				{
					"name": "Cube2.051",
					"from": [ 0.0, 0.0, 3.2474 ],
					"to": [ 0.5, 0.5, 4.387 ],
					"rotationOrigin": [ -0.45, 0.25, 3.2474 ],
					"faces": {
						"north": { "texture": "#coke", "uv": [ 0.0, 0.0, 4.0, 4.0 ], "autoUv": false },
						"east": { "texture": "#coke", "uv": [ 0.0, 0.0, 4.0, 4.0 ], "autoUv": false },
						"south": { "texture": "#coke", "uv": [ 0.0, 0.0, 4.0, 4.0 ], "autoUv": false },
						"west": { "texture": "#coke", "uv": [ 0.0, 0.0, 4.0, 4.0 ], "autoUv": false },
						"up": { "texture": "#coke", "uv": [ 0.0, 0.0, 4.0, 4.0 ], "autoUv": false },
						"down": { "texture": "#coke", "uv": [ 0.0, 0.0, 4.0, 4.0 ], "autoUv": false }
					}
				},
				{
					"name": "Cube2.050",
					"from": [ 0.0, 0.498, 3.2474 ],
					"to": [ 0.5, 0.998, 4.387 ],
					"rotationOrigin": [ -0.45, 0.748, 3.2474 ],
					"faces": {
						"north": { "texture": "#coke", "uv": [ 0.0, 0.0, 4.0, 4.0 ], "autoUv": false },
						"east": { "texture": "#coke", "uv": [ 0.0, 0.0, 4.0, 4.0 ], "autoUv": false },
						"south": { "texture": "#material", "uv": [ 0.0, 0.0, 4.0, 4.0 ], "autoUv": false },
						"west": { "texture": "#material", "uv": [ 0.0, 0.0, 4.0, 4.0 ], "autoUv": false },
						"up": { "texture": "#coke", "uv": [ 0.0, 0.0, 4.0, 4.0 ], "autoUv": false },
						"down": { "texture": "#coke", "uv": [ 0.0, 0.0, 4.0, 4.0 ], "autoUv": false }
					}
				},
				{
					"name": "Cube2.040",
					"from": [ -0.5009, 0.497, 6.5687 ],
					"to": [ -9.0E-4, 0.997, 8.1881 ],
					"rotationOrigin": [ -0.9509, 0.747, 6.5687 ],
					"faces": {
						"north": { "texture": "#coke", "uv": [ 0.0, 0.0, 4.0, 4.0 ], "autoUv": false },
						"east": { "texture": "#coke", "uv": [ 0.0, 0.0, 4.0, 4.0 ], "autoUv": false },
						"south": { "texture": "#material", "uv": [ 0.0, 0.0, 4.0, 4.0 ], "autoUv": false },
						"west": { "texture": "#coke", "uv": [ 0.0, 0.0, 4.0, 4.0 ], "autoUv": false },
						"up": { "texture": "#coke", "uv": [ 0.0, 0.0, 4.0, 4.0 ], "autoUv": false },
						"down": { "texture": "#coke", "uv": [ 0.0, 0.0, 4.0, 4.0 ], "autoUv": false }
					}
				},
				{
					"name": "Cube2.038",
					"from": [ 0.0, 0.0, 6.5687 ],
					"to": [ 0.5, 0.5, 8.1881 ],
					"rotationOrigin": [ -0.45, 0.25, 6.5687 ],
					"faces": {
						"north": { "texture": "#coke", "uv": [ 0.0, 0.0, 4.0, 4.0 ], "autoUv": false },
						"east": { "texture": "#coke", "uv": [ 0.0, 0.0, 4.0, 4.0 ], "autoUv": false },
						"south": { "texture": "#material", "uv": [ 0.0, 0.0, 4.0, 4.0 ], "autoUv": false },
						"west": { "texture": "#coke", "uv": [ 0.0, 0.0, 4.0, 4.0 ], "autoUv": false },
						"up": { "texture": "#coke", "uv": [ 0.0, 0.0, 4.0, 4.0 ], "autoUv": false },
						"down": { "texture": "#coke", "uv": [ 0.0, 0.0, 4.0, 4.0 ], "autoUv": false }
					}
				},
				{
					"name": "Cube2.039",
					"from": [ 0.0, 0.498, 6.5687 ],
					"to": [ 0.5, 0.998, 8.1881 ],
					"rotationOrigin": [ -0.45, 0.748, 6.5687 ],
					"faces": {
						"north": { "texture": "#coke", "uv": [ 0.0, 0.0, 4.0, 4.0 ], "autoUv": false },
						"east": { "texture": "#coke", "uv": [ 0.0, 0.0, 4.0, 4.0 ], "autoUv": false },
						"south": { "texture": "#material", "uv": [ 0.0, 0.0, 4.0, 4.0 ], "autoUv": false },
						"west": { "texture": "#coke", "uv": [ 0.0, 0.0, 4.0, 4.0 ], "autoUv": false },
						"up": { "texture": "#coke", "uv": [ 0.0, 0.0, 4.0, 4.0 ], "autoUv": false },
						"down": { "texture": "#coke", "uv": [ 0.0, 0.0, 4.0, 4.0 ], "autoUv": false }
					}
				},
				{
					"name": "Cube2.033",
					"from": [ -0.5009, 0.497, 5.456 ],
					"to": [ -9.0E-4, 0.997, 6.5957 ],
					"rotationOrigin": [ -0.9509, 0.747, 5.456 ],
					"faces": {
						"north": { "texture": "#coke", "uv": [ 0.0, 0.0, 4.0, 4.0 ], "autoUv": false },
						"east": { "texture": "#coke", "uv": [ 0.0, 0.0, 4.0, 4.0 ], "autoUv": false },
						"south": { "texture": "#coke", "uv": [ 0.0, 0.0, 4.0, 4.0 ], "autoUv": false },
						"west": { "texture": "#coke", "uv": [ 0.0, 0.0, 4.0, 4.0 ], "autoUv": false },
						"up": { "texture": "#coke", "uv": [ 0.0, 0.0, 4.0, 4.0 ], "autoUv": false },
						"down": { "texture": "#material", "uv": [ 0.0, 0.0, 4.0, 4.0 ], "autoUv": false }
					}
				},
				{
					"name": "Cube2.035",
					"from": [ 0.0, 0.0, 5.456 ],
					"to": [ 0.5, 0.5, 6.5957 ],
					"rotationOrigin": [ -0.45, 0.25, 5.456 ],
					"faces": {
						"north": { "texture": "#coke", "uv": [ 0.0, 0.0, 4.0, 4.0 ], "autoUv": false },
						"east": { "texture": "#coke", "uv": [ 0.0, 0.0, 4.0, 4.0 ], "autoUv": false },
						"south": { "texture": "#coke", "uv": [ 0.0, 0.0, 4.0, 4.0 ], "autoUv": false },
						"west": { "texture": "#material", "uv": [ 0.0, 0.0, 4.0, 4.0 ], "autoUv": false },
						"up": { "texture": "#coke", "uv": [ 0.0, 0.0, 4.0, 4.0 ], "autoUv": false },
						"down": { "texture": "#coke", "uv": [ 0.0, 0.0, 4.0, 4.0 ], "autoUv": false }
					}
				}
			]
		}
	]}