{
	"editor": {
		"allAngles": false,
		"entityTextureMode": false
	},
	"textureWidth": 16,
	"textureHeight": 16,
	"textureSizes": {
	},

	"elements": [
		{
			"name": "Cube",
			"from": [ 7.5, -0.5, -0.5 ],
			"to": [ 8.5, 0.5, 7.5 ],
			"rotationOrigin": [ 8.0, 8.0, 8.0 ],
			"faces": {
				"north": { "texture": "#material", "uv": [ 9.0, 5.5, 10.0, 6.5 ] },
				"east": { "texture": "#material", "uv": [ 5.5, 6.0, 13.5, 7.0 ] },
				"south": { "texture": "#material", "uv": [ 11.0, 9.0, 12.0, 10.0 ] },
				"west": { "texture": "#material", "uv": [ 6.5, 10.5, 14.5, 11.5 ] },
				"up": { "texture": "#material", "uv": [ 4.5, 2.0, 5.5, 10.0 ] },
				"down": { "texture": "#material", "uv": [ 11.0, 3.0, 12.0, 11.0 ] }
			}
		}
	]}