{
	"editor": {
		"allAngles": false,
		"entityTextureMode": false
	},
	"textureWidth": 16,
	"textureHeight": 16,
	"textureSizes": {
	},
	"textures": {
	},
	"elements": [
		{
			"name": "Cube",
			"from": [ 7.5, 0.0, 0.0 ],
			"to": [ 8.5, 1.0, 16.0 ],
			"rotationOrigin": [ 8.0, 8.0, 7.0 ],
			"faces": {
				"north": { "texture": "#material", "uv": [ 9.0, 5.5, 10.0, 6.5 ], "windMode": [-1,-1,-1,-1] },
				"east": { "texture": "#material", "uv": [ 5.5, 6.0, 21.5, 7.0 ], "windMode": [-1,-1,-1,-1] },
				"south": { "texture": "#material", "uv": [ 11.0, 9.0, 12.0, 10.0 ], "windMode": [-1,-1,-1,-1] },
				"west": { "texture": "#material", "uv": [ 6.5, 10.5, 22.5, 11.5 ], "windMode": [-1,-1,-1,-1] },
				"up": { "texture": "#material", "uv": [ 4.5, 2.0, 5.5, 18.0 ], "windMode": [-1,-1,-1,-1] },
				"down": { "texture": "#material", "uv": [ 11.0, 3.0, 12.0, 19.0 ], "windMode": [-1,-1,-1,-1] }
			},
			"children": [
				{
					"name": "Cube2",
					"from": [ -0.1, -0.1, 0.2 ],
					"to": [ 1.1, 1.1, 15.8 ],
					"faces": {
						"north": { "texture": "#isolation", "uv": [ 0.0, 0.0, 1.0, 1.0 ], "windMode": [-1,-1,-1,-1] },
						"east": { "texture": "#isolation", "uv": [ 0.0, 0.0, 15.5, 1.0 ], "windMode": [-1,-1,-1,-1] },
						"south": { "texture": "#isolation", "uv": [ 0.0, 0.0, 1.0, 1.0 ], "windMode": [-1,-1,-1,-1] },
						"west": { "texture": "#isolation", "uv": [ 0.0, 0.0, 15.5, 1.0 ], "windMode": [-1,-1,-1,-1] },
						"up": { "texture": "#isolation", "uv": [ 0.0, 0.0, 1.0, 15.5 ], "windMode": [-1,-1,-1,-1] },
						"down": { "texture": "#isolation", "uv": [ 0.0, 0.0, 1.0, 15.5 ], "windMode": [-1,-1,-1,-1] }
					}
				}
			]
		}
	]}