{
	"editor": {
		"allAngles": false,
		"entityTextureMode": false
	},
	"textureWidth": 16,
	"textureHeight": 16,
	"textureSizes": {
	},
	"elements": [
		{
			"name": "Cube",
			"from": [ 7.3, -0.2, 7.3 ],
			"to": [ 8.7, 1.2, 8.7 ],
			"rotationOrigin": [ 8.0, 8.0, 8.0 ],
			"faces": {
				"north": { "texture": "#fix", "uv": [ 8.0, 6.0, 9.0, 7.0 ] },
				"east": { "texture": "#fix", "uv": [ 4.0, 7.0, 5.0, 8.0 ] },
				"south": { "texture": "#fix", "uv": [ 12.0, 8.5, 13.0, 9.5 ] },
				"west": { "texture": "#fix", "uv": [ 6.5, 8.0, 7.5, 9.0 ] },
				"up": { "texture": "#fix", "uv": [ 13.5, 5.5, 14.5, 6.5 ] },
				"down": { "texture": "#fix", "uv": [ 5.0, 6.0, 6.0, 7.0 ] }
			}
		}
	]}