﻿{
	"editor": {
		"allAngles": false,
		"entityTextureMode": false
	},
	"textureWidth": 16,
	"textureHeight": 16,
	"textureSizes": {
	},
	"textures": {
		"copper": "game:block/metal/plate/copper",
		"iron": "game:block/metal/plate/iron",
		"stainlesssteel": "game:block/metal/plate/stainlesssteel",
		"steel": "game:block/metal/plate/steel",
		"zinc": "game:block/metal/plate/zinc"
	},
	"elements": [
		{
			"name": "origin",
			"from": [ 10.0, 0.5, 7.5 ],
			"to": [ 10.0, 0.5, 7.5 ],
			"rotationOrigin": [ 8.0, 0.0, 8.0 ],
			"faces": {
			},
			"children": [
				{
					"name": "handle 2",
					"from": [ -10.0, -0.5, -0.1 ],
					"to": [ 1.0, 0.7, 1.1 ],
					"rotationOrigin": [ -6.0, 0.0, 0.5 ],
					"faces": {
						"north": { "texture": "#steel", "uv": [ 0.0, 5.5, 11.0, 6.5 ] },
						"east": { "texture": "#steel", "uv": [ 0.5, 0.5, 1.5, 1.5 ] },
						"south": { "texture": "#steel", "uv": [ 0.0, 10.5, 11.0, 11.5 ] },
						"west": { "texture": "#steel", "uv": [ 14.0, 10.0, 15.0, 11.0 ] },
						"up": { "texture": "#steel", "uv": [ 0.0, 2.5, 11.0, 3.5 ] },
						"down": { "texture": "#steel", "uv": [ 0.0, 5.0, 11.0, 6.0 ] }
					},
					"children": [
						{
							"name": "blade",
							"from": [ 10.9, 0.4, -0.3 ],
							"to": [ 13.2, 0.8, 1.5 ],
							"rotationOrigin": [ 10.9, 0.4, -0.3 ],
							"rotationY": -2.0,
							"faces": {
								"north": { "texture": "#stainlesssteel", "uv": [ 12.0, 1.0, 14.0, 1.5 ] },
								"east": { "texture": "#stainlesssteel", "uv": [ 11.0, 12.0, 12.5, 12.5 ] },
								"south": { "texture": "#stainlesssteel", "uv": [ 8.0, 12.0, 10.0, 12.5 ] },
								"west": { "texture": "#stainlesssteel", "uv": [ 10.0, 11.0, 11.5, 11.5 ] },
								"up": { "texture": "#stainlesssteel", "uv": [ 7.0, 11.0, 9.0, 12.5 ] },
								"down": { "texture": "#stainlesssteel", "uv": [ 4.0, 5.0, 6.0, 6.5 ] }
							}
						},
						{
							"name": "RampU",
							"from": [ 11.0, 0.8, 0.0 ],
							"to": [ 13.2, 1.2, 1.2 ],
							"rotationOrigin": [ 11.0, 1.2, 0.0 ],
							"rotationY": -2.0,
							"rotationZ": -11.5,
							"faces": {
								"north": { "texture": "#steel", "uv": [ 12.0, 1.0, 14.0, 1.5 ] },
								"east": { "texture": "#steel", "uv": [ 11.0, 12.0, 12.0, 12.5 ] },
								"south": { "texture": "#steel", "uv": [ 8.0, 12.0, 10.0, 12.5 ] },
								"west": { "texture": "#steel", "uv": [ 10.0, 11.0, 11.0, 11.5 ] },
								"up": { "texture": "#steel", "uv": [ 6.0, 14.0, 8.0, 15.0 ] },
								"down": { "texture": "#steel", "uv": [ 4.0, 5.0, 6.0, 6.0 ] }
							}
						},
						{
							"name": "RampD",
							"from": [ 11.0, 0.0, 0.0 ],
							"to": [ 13.2, 0.4, 1.2 ],
							"rotationOrigin": [ 11.0, 0.0, 0.0 ],
							"rotationY": -2.0,
							"rotationZ": 11.5,
							"faces": {
								"north": { "texture": "#steel", "uv": [ 12.0, 1.0, 14.0, 1.5 ] },
								"east": { "texture": "#steel", "uv": [ 11.0, 12.0, 12.0, 12.5 ] },
								"south": { "texture": "#steel", "uv": [ 8.0, 12.0, 10.0, 12.5 ] },
								"west": { "texture": "#steel", "uv": [ 10.0, 11.0, 11.0, 11.5 ] },
								"up": { "texture": "#steel", "uv": [ 6.0, 14.0, 8.0, 15.0 ] },
								"down": { "texture": "#steel", "uv": [ 4.0, 5.0, 6.0, 6.0 ] }
							}
						}
					]
				},
				{
					"name": "Cube1",
					"from": [ -10.1, -0.8, -0.4 ],
					"to": [ -9.4, 1.0, 1.4 ],
					"rotationOrigin": [ -10.1, -0.8, -0.4 ],
					"faces": {
						"north": { "texture": "#iron", "uv": [ 7.5, 4.0, 9.0, 8.0 ], "rotation": 90, "autoUv": false },
						"east": { "texture": "#iron", "uv": [ 9.0, 1.5, 10.5, 3.0 ] },
						"south": { "texture": "#iron", "uv": [ 4.5, 4.0, 6.0, 8.0 ], "rotation": 270, "autoUv": false },
						"west": { "texture": "#iron", "uv": [ 8.5, 1.5, 10.0, 3.0 ] },
						"up": { "texture": "#iron", "uv": [ 6.5, 4.0, 8.0, 8.0 ], "rotation": 270, "autoUv": false },
						"down": { "texture": "#iron", "uv": [ 1.0, 4.0, 2.5, 8.0 ], "rotation": 90, "autoUv": false }
					}
				},
				{
					"name": "Cube7",
					"from": [ -9.6, -0.6, -0.2 ],
					"to": [ -3.6, 0.8, 1.2 ],
					"rotationOrigin": [ -9.6, -0.6, -0.2 ],
					"faces": {
						"north": { "texture": "#copper", "uv": [ 7.5, 4.0, 9.0, 8.0 ], "rotation": 90, "glow": 170, "autoUv": false, "windMode": [-1,-1,-1,-1] },
						"east": { "texture": "#copper", "uv": [ 9.0, 1.5, 10.0, 2.5 ], "glow": 170, "windMode": [-1,-1,-1,-1] },
						"south": { "texture": "#copper", "uv": [ 4.5, 4.0, 6.0, 8.0 ], "rotation": 270, "glow": 170, "autoUv": false, "windMode": [-1,-1,-1,-1] },
						"west": { "texture": "#copper", "uv": [ 8.5, 1.5, 9.5, 2.5 ], "glow": 170, "windMode": [-1,-1,-1,-1] },
						"up": { "texture": "#copper", "uv": [ 6.5, 4.0, 8.0, 8.0 ], "rotation": 270, "glow": 170, "autoUv": false, "windMode": [-1,-1,-1,-1] },
						"down": { "texture": "#copper", "uv": [ 1.0, 4.0, 2.5, 8.0 ], "rotation": 90, "glow": 170, "autoUv": false, "windMode": [-1,-1,-1,-1] }
					}
				},
				{
					"name": "Cube2",
					"from": [ -4.2, -0.8, -0.4 ],
					"to": [ -3.5, 1.0, 1.4 ],
					"rotationOrigin": [ -4.2, -0.8, -0.4 ],
					"faces": {
						"north": { "texture": "#iron", "uv": [ 7.5, 4.0, 9.0, 8.0 ], "rotation": 90, "autoUv": false },
						"east": { "texture": "#iron", "uv": [ 9.0, 1.5, 10.5, 3.0 ] },
						"south": { "texture": "#iron", "uv": [ 4.5, 4.0, 6.0, 8.0 ], "rotation": 270, "autoUv": false },
						"west": { "texture": "#iron", "uv": [ 8.5, 1.5, 10.0, 3.0 ] },
						"up": { "texture": "#iron", "uv": [ 6.5, 4.0, 8.0, 8.0 ], "rotation": 270, "autoUv": false },
						"down": { "texture": "#iron", "uv": [ 1.0, 4.0, 2.5, 8.0 ], "rotation": 90, "autoUv": false }
					}
				},
				{
					"name": "Cube3",
					"from": [ -9.3, -0.7, -0.3 ],
					"to": [ -9.1, 0.9, 1.3 ],
					"rotationOrigin": [ -9.3, -0.7, -0.3 ],
					"faces": {
						"north": { "texture": "#zinc", "uv": [ 7.5, 4.0, 9.0, 8.0 ], "rotation": 90, "autoUv": false },
						"east": { "texture": "#zinc", "uv": [ 9.0, 1.5, 10.5, 3.0 ] },
						"south": { "texture": "#zinc", "uv": [ 4.5, 4.0, 6.0, 8.0 ], "rotation": 270, "autoUv": false },
						"west": { "texture": "#zinc", "uv": [ 8.5, 1.5, 10.0, 3.0 ] },
						"up": { "texture": "#zinc", "uv": [ 6.5, 4.0, 8.0, 8.0 ], "rotation": 270, "autoUv": false },
						"down": { "texture": "#zinc", "uv": [ 1.0, 4.0, 2.5, 8.0 ], "rotation": 90, "autoUv": false }
					}
				},
				{
					"name": "Cube4",
					"from": [ -9.0, -0.7, -0.3 ],
					"to": [ -8.8, 0.9, 1.3 ],
					"rotationOrigin": [ -9.0, -0.7, -0.3 ],
					"faces": {
						"north": { "texture": "#zinc", "uv": [ 7.5, 4.0, 9.0, 8.0 ], "rotation": 90, "autoUv": false },
						"east": { "texture": "#zinc", "uv": [ 9.0, 1.5, 10.5, 3.0 ] },
						"south": { "texture": "#zinc", "uv": [ 4.5, 4.0, 6.0, 8.0 ], "rotation": 270, "autoUv": false },
						"west": { "texture": "#zinc", "uv": [ 8.5, 1.5, 10.0, 3.0 ] },
						"up": { "texture": "#zinc", "uv": [ 6.5, 4.0, 8.0, 8.0 ], "rotation": 270, "autoUv": false },
						"down": { "texture": "#zinc", "uv": [ 1.0, 4.0, 2.5, 8.0 ], "rotation": 90, "autoUv": false }
					}
				},
				{
					"name": "Cube5",
					"from": [ -8.7, -0.7, -0.3 ],
					"to": [ -8.5, 0.9, 1.3 ],
					"rotationOrigin": [ -8.7, -0.7, -0.3 ],
					"faces": {
						"north": { "texture": "#zinc", "uv": [ 7.5, 4.0, 9.0, 8.0 ], "rotation": 90, "autoUv": false },
						"east": { "texture": "#zinc", "uv": [ 9.0, 1.5, 10.5, 3.0 ] },
						"south": { "texture": "#zinc", "uv": [ 4.5, 4.0, 6.0, 8.0 ], "rotation": 270, "autoUv": false },
						"west": { "texture": "#zinc", "uv": [ 8.5, 1.5, 10.0, 3.0 ] },
						"up": { "texture": "#zinc", "uv": [ 6.5, 4.0, 8.0, 8.0 ], "rotation": 270, "autoUv": false },
						"down": { "texture": "#zinc", "uv": [ 1.0, 4.0, 2.5, 8.0 ], "rotation": 90, "autoUv": false }
					}
				},
				{
					"name": "Cube6",
					"from": [ -8.4, -0.7, -0.3 ],
					"to": [ -8.2, 0.9, 1.3 ],
					"rotationOrigin": [ -8.4, -0.7, -0.3 ],
					"faces": {
						"north": { "texture": "#zinc", "uv": [ 7.5, 4.0, 9.0, 8.0 ], "rotation": 90, "autoUv": false },
						"east": { "texture": "#zinc", "uv": [ 9.0, 1.5, 10.5, 3.0 ] },
						"south": { "texture": "#zinc", "uv": [ 4.5, 4.0, 6.0, 8.0 ], "rotation": 270, "autoUv": false },
						"west": { "texture": "#zinc", "uv": [ 8.5, 1.5, 10.0, 3.0 ] },
						"up": { "texture": "#zinc", "uv": [ 6.5, 4.0, 8.0, 8.0 ], "rotation": 270, "autoUv": false },
						"down": { "texture": "#zinc", "uv": [ 1.0, 4.0, 2.5, 8.0 ], "rotation": 90, "autoUv": false }
					}
				},
				{
					"name": "Cube8",
					"from": [ -8.1, -0.7, -0.3 ],
					"to": [ -7.9, 0.9, 1.3 ],
					"rotationOrigin": [ -8.1, -0.7, -0.3 ],
					"faces": {
						"north": { "texture": "#zinc", "uv": [ 7.5, 4.0, 9.0, 8.0 ], "rotation": 90, "autoUv": false },
						"east": { "texture": "#zinc", "uv": [ 9.0, 1.5, 10.5, 3.0 ] },
						"south": { "texture": "#zinc", "uv": [ 4.5, 4.0, 6.0, 8.0 ], "rotation": 270, "autoUv": false },
						"west": { "texture": "#zinc", "uv": [ 8.5, 1.5, 10.0, 3.0 ] },
						"up": { "texture": "#zinc", "uv": [ 6.5, 4.0, 8.0, 8.0 ], "rotation": 270, "autoUv": false },
						"down": { "texture": "#zinc", "uv": [ 1.0, 4.0, 2.5, 8.0 ], "rotation": 90, "autoUv": false }
					}
				},
				{
					"name": "Cube9",
					"from": [ -7.8, -0.7, -0.3 ],
					"to": [ -7.6, 0.9, 1.3 ],
					"rotationOrigin": [ -7.8, -0.7, -0.3 ],
					"faces": {
						"north": { "texture": "#zinc", "uv": [ 7.5, 4.0, 9.0, 8.0 ], "rotation": 90, "autoUv": false },
						"east": { "texture": "#zinc", "uv": [ 9.0, 1.5, 10.5, 3.0 ] },
						"south": { "texture": "#zinc", "uv": [ 4.5, 4.0, 6.0, 8.0 ], "rotation": 270, "autoUv": false },
						"west": { "texture": "#zinc", "uv": [ 8.5, 1.5, 10.0, 3.0 ] },
						"up": { "texture": "#zinc", "uv": [ 6.5, 4.0, 8.0, 8.0 ], "rotation": 270, "autoUv": false },
						"down": { "texture": "#zinc", "uv": [ 1.0, 4.0, 2.5, 8.0 ], "rotation": 90, "autoUv": false }
					}
				},
				{
					"name": "Cube10",
					"from": [ -7.5, -0.7, -0.3 ],
					"to": [ -7.3, 0.9, 1.3 ],
					"rotationOrigin": [ -7.5, -0.7, -0.3 ],
					"faces": {
						"north": { "texture": "#zinc", "uv": [ 7.5, 4.0, 9.0, 8.0 ], "rotation": 90, "autoUv": false },
						"east": { "texture": "#zinc", "uv": [ 9.0, 1.5, 10.5, 3.0 ] },
						"south": { "texture": "#zinc", "uv": [ 4.5, 4.0, 6.0, 8.0 ], "rotation": 270, "autoUv": false },
						"west": { "texture": "#zinc", "uv": [ 8.5, 1.5, 10.0, 3.0 ] },
						"up": { "texture": "#zinc", "uv": [ 6.5, 4.0, 8.0, 8.0 ], "rotation": 270, "autoUv": false },
						"down": { "texture": "#zinc", "uv": [ 1.0, 4.0, 2.5, 8.0 ], "rotation": 90, "autoUv": false }
					}
				},
				{
					"name": "Cube11",
					"from": [ -7.2, -0.7, -0.3 ],
					"to": [ -7.0, 0.9, 1.3 ],
					"rotationOrigin": [ -7.2, -0.7, -0.3 ],
					"faces": {
						"north": { "texture": "#zinc", "uv": [ 7.5, 4.0, 9.0, 8.0 ], "rotation": 90, "autoUv": false },
						"east": { "texture": "#zinc", "uv": [ 9.0, 1.5, 10.5, 3.0 ] },
						"south": { "texture": "#zinc", "uv": [ 4.5, 4.0, 6.0, 8.0 ], "rotation": 270, "autoUv": false },
						"west": { "texture": "#zinc", "uv": [ 8.5, 1.5, 10.0, 3.0 ] },
						"up": { "texture": "#zinc", "uv": [ 6.5, 4.0, 8.0, 8.0 ], "rotation": 270, "autoUv": false },
						"down": { "texture": "#zinc", "uv": [ 1.0, 4.0, 2.5, 8.0 ], "rotation": 90, "autoUv": false }
					}
				},
				{
					"name": "Cube12",
					"from": [ -6.9, -0.7, -0.3 ],
					"to": [ -6.7, 0.9, 1.3 ],
					"rotationOrigin": [ -6.9, -0.7, -0.3 ],
					"faces": {
						"north": { "texture": "#zinc", "uv": [ 7.5, 4.0, 9.0, 8.0 ], "rotation": 90, "autoUv": false },
						"east": { "texture": "#zinc", "uv": [ 9.0, 1.5, 10.5, 3.0 ] },
						"south": { "texture": "#zinc", "uv": [ 4.5, 4.0, 6.0, 8.0 ], "rotation": 270, "autoUv": false },
						"west": { "texture": "#zinc", "uv": [ 8.5, 1.5, 10.0, 3.0 ] },
						"up": { "texture": "#zinc", "uv": [ 6.5, 4.0, 8.0, 8.0 ], "rotation": 270, "autoUv": false },
						"down": { "texture": "#zinc", "uv": [ 1.0, 4.0, 2.5, 8.0 ], "rotation": 90, "autoUv": false }
					}
				},
				{
					"name": "Cube13",
					"from": [ -6.6, -0.7, -0.3 ],
					"to": [ -6.4, 0.9, 1.3 ],
					"rotationOrigin": [ -6.6, -0.7, -0.3 ],
					"faces": {
						"north": { "texture": "#zinc", "uv": [ 7.5, 4.0, 9.0, 8.0 ], "rotation": 90, "autoUv": false },
						"east": { "texture": "#zinc", "uv": [ 9.0, 1.5, 10.5, 3.0 ] },
						"south": { "texture": "#zinc", "uv": [ 4.5, 4.0, 6.0, 8.0 ], "rotation": 270, "autoUv": false },
						"west": { "texture": "#zinc", "uv": [ 8.5, 1.5, 10.0, 3.0 ] },
						"up": { "texture": "#zinc", "uv": [ 6.5, 4.0, 8.0, 8.0 ], "rotation": 270, "autoUv": false },
						"down": { "texture": "#zinc", "uv": [ 1.0, 4.0, 2.5, 8.0 ], "rotation": 90, "autoUv": false }
					}
				},
				{
					"name": "Cube14",
					"from": [ -6.3, -0.7, -0.3 ],
					"to": [ -6.1, 0.9, 1.3 ],
					"rotationOrigin": [ -6.3, -0.7, -0.3 ],
					"faces": {
						"north": { "texture": "#zinc", "uv": [ 7.5, 4.0, 9.0, 8.0 ], "rotation": 90, "autoUv": false },
						"east": { "texture": "#zinc", "uv": [ 9.0, 1.5, 10.5, 3.0 ] },
						"south": { "texture": "#zinc", "uv": [ 4.5, 4.0, 6.0, 8.0 ], "rotation": 270, "autoUv": false },
						"west": { "texture": "#zinc", "uv": [ 8.5, 1.5, 10.0, 3.0 ] },
						"up": { "texture": "#zinc", "uv": [ 6.5, 4.0, 8.0, 8.0 ], "rotation": 270, "autoUv": false },
						"down": { "texture": "#zinc", "uv": [ 1.0, 4.0, 2.5, 8.0 ], "rotation": 90, "autoUv": false }
					}
				},
				{
					"name": "Cube15",
					"from": [ -6.0, -0.7, -0.3 ],
					"to": [ -5.8, 0.9, 1.3 ],
					"rotationOrigin": [ -6.0, -0.7, -0.3 ],
					"faces": {
						"north": { "texture": "#zinc", "uv": [ 7.5, 4.0, 9.0, 8.0 ], "rotation": 90, "autoUv": false },
						"east": { "texture": "#zinc", "uv": [ 9.0, 1.5, 10.5, 3.0 ] },
						"south": { "texture": "#zinc", "uv": [ 4.5, 4.0, 6.0, 8.0 ], "rotation": 270, "autoUv": false },
						"west": { "texture": "#zinc", "uv": [ 8.5, 1.5, 10.0, 3.0 ] },
						"up": { "texture": "#zinc", "uv": [ 6.5, 4.0, 8.0, 8.0 ], "rotation": 270, "autoUv": false },
						"down": { "texture": "#zinc", "uv": [ 1.0, 4.0, 2.5, 8.0 ], "rotation": 90, "autoUv": false }
					}
				},
				{
					"name": "Cube16",
					"from": [ -5.7, -0.7, -0.3 ],
					"to": [ -5.5, 0.9, 1.3 ],
					"rotationOrigin": [ -5.7, -0.7, -0.3 ],
					"faces": {
						"north": { "texture": "#zinc", "uv": [ 7.5, 4.0, 9.0, 8.0 ], "rotation": 90, "autoUv": false },
						"east": { "texture": "#zinc", "uv": [ 9.0, 1.5, 10.5, 3.0 ] },
						"south": { "texture": "#zinc", "uv": [ 4.5, 4.0, 6.0, 8.0 ], "rotation": 270, "autoUv": false },
						"west": { "texture": "#zinc", "uv": [ 8.5, 1.5, 10.0, 3.0 ] },
						"up": { "texture": "#zinc", "uv": [ 6.5, 4.0, 8.0, 8.0 ], "rotation": 270, "autoUv": false },
						"down": { "texture": "#zinc", "uv": [ 1.0, 4.0, 2.5, 8.0 ], "rotation": 90, "autoUv": false }
					}
				},
				{
					"name": "Cube17",
					"from": [ -5.4, -0.7, -0.3 ],
					"to": [ -5.2, 0.9, 1.3 ],
					"rotationOrigin": [ -5.4, -0.7, -0.3 ],
					"faces": {
						"north": { "texture": "#zinc", "uv": [ 7.5, 4.0, 9.0, 8.0 ], "rotation": 90, "autoUv": false },
						"east": { "texture": "#zinc", "uv": [ 9.0, 1.5, 10.5, 3.0 ] },
						"south": { "texture": "#zinc", "uv": [ 4.5, 4.0, 6.0, 8.0 ], "rotation": 270, "autoUv": false },
						"west": { "texture": "#zinc", "uv": [ 8.5, 1.5, 10.0, 3.0 ] },
						"up": { "texture": "#zinc", "uv": [ 6.5, 4.0, 8.0, 8.0 ], "rotation": 270, "autoUv": false },
						"down": { "texture": "#zinc", "uv": [ 1.0, 4.0, 2.5, 8.0 ], "rotation": 90, "autoUv": false }
					}
				},
				{
					"name": "Cube18",
					"from": [ -5.1, -0.7, -0.3 ],
					"to": [ -4.9, 0.9, 1.3 ],
					"rotationOrigin": [ -5.1, -0.7, -0.3 ],
					"faces": {
						"north": { "texture": "#zinc", "uv": [ 7.5, 4.0, 9.0, 8.0 ], "rotation": 90, "autoUv": false },
						"east": { "texture": "#zinc", "uv": [ 9.0, 1.5, 10.5, 3.0 ] },
						"south": { "texture": "#zinc", "uv": [ 4.5, 4.0, 6.0, 8.0 ], "rotation": 270, "autoUv": false },
						"west": { "texture": "#zinc", "uv": [ 8.5, 1.5, 10.0, 3.0 ] },
						"up": { "texture": "#zinc", "uv": [ 6.5, 4.0, 8.0, 8.0 ], "rotation": 270, "autoUv": false },
						"down": { "texture": "#zinc", "uv": [ 1.0, 4.0, 2.5, 8.0 ], "rotation": 90, "autoUv": false }
					}
				},
				{
					"name": "Cube19",
					"from": [ -4.8, -0.7, -0.3 ],
					"to": [ -4.6, 0.9, 1.3 ],
					"rotationOrigin": [ -4.8, -0.7, -0.3 ],
					"faces": {
						"north": { "texture": "#zinc", "uv": [ 7.5, 4.0, 9.0, 8.0 ], "rotation": 90, "autoUv": false },
						"east": { "texture": "#zinc", "uv": [ 9.0, 1.5, 10.5, 3.0 ] },
						"south": { "texture": "#zinc", "uv": [ 4.5, 4.0, 6.0, 8.0 ], "rotation": 270, "autoUv": false },
						"west": { "texture": "#zinc", "uv": [ 8.5, 1.5, 10.0, 3.0 ] },
						"up": { "texture": "#zinc", "uv": [ 6.5, 4.0, 8.0, 8.0 ], "rotation": 270, "autoUv": false },
						"down": { "texture": "#zinc", "uv": [ 1.0, 4.0, 2.5, 8.0 ], "rotation": 90, "autoUv": false }
					}
				},
				{
					"name": "Cube20",
					"from": [ -4.5, -0.7, -0.3 ],
					"to": [ -4.3, 0.9, 1.3 ],
					"rotationOrigin": [ -4.5, -0.7, -0.3 ],
					"faces": {
						"north": { "texture": "#zinc", "uv": [ 7.5, 4.0, 9.0, 8.0 ], "rotation": 90, "autoUv": false },
						"east": { "texture": "#zinc", "uv": [ 9.0, 1.5, 10.5, 3.0 ] },
						"south": { "texture": "#zinc", "uv": [ 4.5, 4.0, 6.0, 8.0 ], "rotation": 270, "autoUv": false },
						"west": { "texture": "#zinc", "uv": [ 8.5, 1.5, 10.0, 3.0 ] },
						"up": { "texture": "#zinc", "uv": [ 6.5, 4.0, 8.0, 8.0 ], "rotation": 270, "autoUv": false },
						"down": { "texture": "#zinc", "uv": [ 1.0, 4.0, 2.5, 8.0 ], "rotation": 90, "autoUv": false }
					}
				}
			]
		}
	]}