{
	"editor": {
		"allAngles": false,
		"entityTextureMode": false
	},
	"textureWidth": 16,
	"textureHeight": 16,
	"textureSizes": {
	},
	"textures": {
		"steel": "game:block/metal/anvil/steel"
	},
	"elements": [
		{
			"name": "Cube2",
			"from": [ 8.0, 3.0, 2.0 ], 
			"to": [ 9.0, 4.0, 6.7 ], 
			"rotationOrigin": [ 8.5, 3.5, 6.0 ],
			"faces": {
				"north": { "texture": "#steel", "uv": [ 0.0, 0.0, 1.0, 1.0 ] },
				"east": { "texture": "#steel", "uv": [ 0.0, 0.0, 4.5, 1.0 ] },
				"south": { "texture": "#steel", "uv": [ 0.0, 0.0, 1.0, 1.0 ] },
				"west": { "texture": "#steel", "uv": [ 0.0, 0.0, 4.5, 1.0 ] },
				"up": { "texture": "#steel", "uv": [ 0.0, 0.0, 1.0, 4.5 ] },
				"down": { "texture": "#steel", "uv": [ 0.0, 0.0, 1.0, 4.5 ] }
			},
			"children": [
				{
					"name": "Cube3",
					"from": [ -1.8, -1.8, 3.0 ], 
					"to": [ 2.8, 2.8, 3.7 ], 
					"rotationOrigin": [ -1.8, -1.8, 3.0 ],
					"faces": {
						"north": { "texture": "#steel", "uv": [ 0.0, 0.0, 4.5, 4.5 ] },
						"east": { "texture": "#steel", "uv": [ 0.0, 0.0, 0.5, 4.5 ] },
						"south": { "texture": "#steel", "uv": [ 0.0, 0.0, 4.5, 4.5 ] },
						"west": { "texture": "#steel", "uv": [ 0.0, 0.0, 0.5, 4.5 ] },
						"up": { "texture": "#steel", "uv": [ 0.0, 0.0, 4.5, 0.5 ] },
						"down": { "texture": "#steel", "uv": [ 0.0, 0.0, 4.5, 0.5 ] }
					}
				},
				{
					"name": "Cube4",
					"from": [ -1.5, -1.5, 2.3 ], 
					"to": [ 2.5, 2.5, 3.0 ], 
					"rotationOrigin": [ -1.5, -1.5, 2.3 ],
					"faces": {
						"north": { "texture": "#steel", "uv": [ 0.0, 0.0, 4.0, 4.0 ] },
						"east": { "texture": "#steel", "uv": [ 0.0, 0.0, 0.5, 4.0 ] },
						"south": { "texture": "#steel", "uv": [ 0.0, 0.0, 4.0, 4.0 ] },
						"west": { "texture": "#steel", "uv": [ 0.0, 0.0, 0.5, 4.0 ] },
						"up": { "texture": "#steel", "uv": [ 0.0, 0.0, 4.0, 0.5 ] },
						"down": { "texture": "#steel", "uv": [ 0.0, 0.0, 4.0, 0.5 ] }
					}
				},
				{
					"name": "Cube5",
					"from": [ -1.2, -1.2, 1.6 ], 
					"to": [ 2.2, 2.2, 2.3 ], 
					"rotationOrigin": [ -1.2, -1.2, 1.6 ],
					"faces": {
						"north": { "texture": "#steel", "uv": [ 0.0, 0.0, 3.0, 3.0 ] },
						"east": { "texture": "#steel", "uv": [ 0.0, 0.0, 0.5, 3.0 ] },
						"south": { "texture": "#steel", "uv": [ 0.0, 0.0, 3.0, 3.0 ] },
						"west": { "texture": "#steel", "uv": [ 0.0, 0.0, 0.5, 3.0 ] },
						"up": { "texture": "#steel", "uv": [ 0.0, 0.0, 3.0, 0.5 ] },
						"down": { "texture": "#steel", "uv": [ 0.0, 0.0, 3.0, 0.5 ] }
					}
				},
				{
					"name": "Cube6",
					"from": [ -0.9, -0.9, 0.9 ], 
					"to": [ 1.9, 1.9, 1.6 ], 
					"rotationOrigin": [ -0.9, -0.9, 0.9 ],
					"faces": {
						"north": { "texture": "#steel", "uv": [ 0.0, 0.0, 2.5, 2.5 ] },
						"east": { "texture": "#steel", "uv": [ 0.0, 0.0, 0.5, 2.5 ] },
						"south": { "texture": "#steel", "uv": [ 0.0, 0.0, 2.5, 2.5 ] },
						"west": { "texture": "#steel", "uv": [ 0.0, 0.0, 0.5, 2.5 ] },
						"up": { "texture": "#steel", "uv": [ 0.0, 0.0, 2.5, 0.5 ] },
						"down": { "texture": "#steel", "uv": [ 0.0, 0.0, 2.5, 0.5 ] }
					}
				},
				{
					"name": "Cube7",
					"from": [ -0.5, -0.5, 0.4 ], 
					"to": [ 1.6, 1.6, 0.9 ], 
					"rotationOrigin": [ -0.5, -0.5, 0.4 ],
					"faces": {
						"north": { "texture": "#steel", "uv": [ 0.0, 0.0, 2.0, 2.0 ] },
						"east": { "texture": "#steel", "uv": [ 0.0, 0.0, 0.5, 2.0 ] },
						"south": { "texture": "#steel", "uv": [ 0.0, 0.0, 2.0, 2.0 ] },
						"west": { "texture": "#steel", "uv": [ 0.0, 0.0, 0.5, 2.0 ] },
						"up": { "texture": "#steel", "uv": [ 0.0, 0.0, 2.0, 0.5 ] },
						"down": { "texture": "#steel", "uv": [ 0.0, 0.0, 2.0, 0.5 ] }
					}
				},
				{
					"name": "Cube8",
					"from": [ -0.1, -0.1, -0.1 ], 
					"to": [ 1.1, 1.1, 0.4 ], 
					"rotationOrigin": [ -0.1, -0.1, -0.1 ],
					"faces": {
						"north": { "texture": "#steel", "uv": [ 0.0, 0.0, 1.0, 1.0 ] },
						"east": { "texture": "#steel", "uv": [ 0.0, 0.0, 0.5, 1.0 ] },
						"south": { "texture": "#steel", "uv": [ 0.0, 0.0, 1.0, 1.0 ] },
						"west": { "texture": "#steel", "uv": [ 0.0, 0.0, 0.5, 1.0 ] },
						"up": { "texture": "#steel", "uv": [ 0.0, 0.0, 1.0, 0.5 ] },
						"down": { "texture": "#steel", "uv": [ 0.0, 0.0, 1.0, 0.5 ] }
					}
				},
				{
					"name": "Cube9",
					"from": [ 0.2, 0.2, -0.5 ], 
					"to": [ 0.8, 0.8, -0.1 ], 
					"rotationOrigin": [ 0.2, 0.2, -0.5 ],
					"faces": {
						"north": { "texture": "#steel", "uv": [ 0.0, 0.0, 0.5, 0.5 ] },
						"east": { "texture": "#steel", "uv": [ 0.0, 0.0, 0.5, 0.5 ] },
						"south": { "texture": "#steel", "uv": [ 0.0, 0.0, 0.5, 0.5 ] },
						"west": { "texture": "#steel", "uv": [ 0.0, 0.0, 0.5, 0.5 ] },
						"up": { "texture": "#steel", "uv": [ 0.0, 0.0, 0.5, 0.5 ] },
						"down": { "texture": "#steel", "uv": [ 0.0, 0.0, 0.5, 0.5 ] }
					}
				},
				{
					"name": "Cube10",
					"from": [ 0.0, 0.0, -0.03 ], 
					"to": [ 1.0, 1.0, 3.97 ], 
					"rotationOrigin": [ 0.5, 0.5, 3.9 ],
					"rotationZ": 45.0,
					"faces": {
						"north": { "texture": "#steel", "uv": [ 0.0, 0.0, 1.0, 1.0 ] },
						"east": { "texture": "#steel", "uv": [ 0.0, 0.0, 4.0, 1.0 ] },
						"south": { "texture": "#steel", "uv": [ 0.0, 0.0, 1.0, 1.0 ] },
						"west": { "texture": "#steel", "uv": [ 0.0, 0.0, 4.0, 1.0 ] },
						"up": { "texture": "#steel", "uv": [ 0.0, 0.0, 1.0, 4.0 ] },
						"down": { "texture": "#steel", "uv": [ 0.0, 0.0, 1.0, 4.0 ] }
					},
					"children": [
						{
							"name": "Cube11",
							"from": [ -1.8, -1.8, 3.0 ], 
							"to": [ 2.8, 2.8, 3.7 ], 
							"rotationOrigin": [ -1.8, -1.8, 3.0 ],
							"faces": {
								"north": { "texture": "#steel", "uv": [ 0.0, 0.0, 4.5, 4.5 ] },
								"east": { "texture": "#steel", "uv": [ 0.0, 0.0, 0.5, 4.5 ] },
								"south": { "texture": "#steel", "uv": [ 0.0, 0.0, 4.5, 4.5 ] },
								"west": { "texture": "#steel", "uv": [ 0.0, 0.0, 0.5, 4.5 ] },
								"up": { "texture": "#steel", "uv": [ 0.0, 0.0, 4.5, 0.5 ] },
								"down": { "texture": "#steel", "uv": [ 0.0, 0.0, 4.5, 0.5 ] }
							}
						},
						{
							"name": "Cube12",
							"from": [ -1.5, -1.5, 2.3 ], 
							"to": [ 2.5, 2.5, 3.0 ], 
							"rotationOrigin": [ -1.5, -1.5, 2.3 ],
							"faces": {
								"north": { "texture": "#steel", "uv": [ 0.0, 0.0, 4.0, 4.0 ] },
								"east": { "texture": "#steel", "uv": [ 0.0, 0.0, 0.5, 4.0 ] },
								"south": { "texture": "#steel", "uv": [ 0.0, 0.0, 4.0, 4.0 ] },
								"west": { "texture": "#steel", "uv": [ 0.0, 0.0, 0.5, 4.0 ] },
								"up": { "texture": "#steel", "uv": [ 0.0, 0.0, 4.0, 0.5 ] },
								"down": { "texture": "#steel", "uv": [ 0.0, 0.0, 4.0, 0.5 ] }
							}
						},
						{
							"name": "Cube13",
							"from": [ -1.2, -1.2, 1.6 ], 
							"to": [ 2.2, 2.2, 2.3 ], 
							"rotationOrigin": [ -1.2, -1.2, 1.6 ],
							"faces": {
								"north": { "texture": "#steel", "uv": [ 0.0, 0.0, 3.0, 3.0 ] },
								"east": { "texture": "#steel", "uv": [ 0.0, 0.0, 0.5, 3.0 ] },
								"south": { "texture": "#steel", "uv": [ 0.0, 0.0, 3.0, 3.0 ] },
								"west": { "texture": "#steel", "uv": [ 0.0, 0.0, 0.5, 3.0 ] },
								"up": { "texture": "#steel", "uv": [ 0.0, 0.0, 3.0, 0.5 ] },
								"down": { "texture": "#steel", "uv": [ 0.0, 0.0, 3.0, 0.5 ] }
							}
						},
						{
							"name": "Cube14",
							"from": [ -0.9, -0.9, 0.9 ], 
							"to": [ 1.9, 1.9, 1.6 ], 
							"rotationOrigin": [ -0.9, -0.9, 0.9 ],
							"faces": {
								"north": { "texture": "#steel", "uv": [ 0.0, 0.0, 2.5, 2.5 ] },
								"east": { "texture": "#steel", "uv": [ 0.0, 0.0, 0.5, 2.5 ] },
								"south": { "texture": "#steel", "uv": [ 0.0, 0.0, 2.5, 2.5 ] },
								"west": { "texture": "#steel", "uv": [ 0.0, 0.0, 0.5, 2.5 ] },
								"up": { "texture": "#steel", "uv": [ 0.0, 0.0, 2.5, 0.5 ] },
								"down": { "texture": "#steel", "uv": [ 0.0, 0.0, 2.5, 0.5 ] }
							}
						},
						{
							"name": "Cube15",
							"from": [ -0.5, -0.5, 0.4 ], 
							"to": [ 1.6, 1.6, 0.9 ], 
							"rotationOrigin": [ -0.5, -0.5, 0.4 ],
							"faces": {
								"north": { "texture": "#steel", "uv": [ 0.0, 0.0, 2.0, 2.0 ] },
								"east": { "texture": "#steel", "uv": [ 0.0, 0.0, 0.5, 2.0 ] },
								"south": { "texture": "#steel", "uv": [ 0.0, 0.0, 2.0, 2.0 ] },
								"west": { "texture": "#steel", "uv": [ 0.0, 0.0, 0.5, 2.0 ] },
								"up": { "texture": "#steel", "uv": [ 0.0, 0.0, 2.0, 0.5 ] },
								"down": { "texture": "#steel", "uv": [ 0.0, 0.0, 2.0, 0.5 ] }
							}
						},
						{
							"name": "Cube16",
							"from": [ -0.1, -0.1, -0.1 ], 
							"to": [ 1.1, 1.1, 0.4 ], 
							"rotationOrigin": [ -0.1, -0.1, -0.1 ],
							"faces": {
								"north": { "texture": "#steel", "uv": [ 0.0, 0.0, 1.0, 1.0 ] },
								"east": { "texture": "#steel", "uv": [ 0.0, 0.0, 0.5, 1.0 ] },
								"south": { "texture": "#steel", "uv": [ 0.0, 0.0, 1.0, 1.0 ] },
								"west": { "texture": "#steel", "uv": [ 0.0, 0.0, 0.5, 1.0 ] },
								"up": { "texture": "#steel", "uv": [ 0.0, 0.0, 1.0, 0.5 ] },
								"down": { "texture": "#steel", "uv": [ 0.0, 0.0, 1.0, 0.5 ] }
							}
						},
						{
							"name": "Cube17",
							"from": [ 0.2, 0.2, -0.5 ], 
							"to": [ 0.8, 0.8, -0.1 ], 
							"renderInEditor": false,
							"rotationOrigin": [ 0.2, 0.2, -0.5 ],
							"faces": {
								"north": { "texture": "#steel", "uv": [ 0.0, 0.0, 0.5, 0.5 ] },
								"east": { "texture": "#steel", "uv": [ 0.0, 0.0, 0.5, 0.5 ] },
								"south": { "texture": "#steel", "uv": [ 0.0, 0.0, 0.5, 0.5 ] },
								"west": { "texture": "#steel", "uv": [ 0.0, 0.0, 0.5, 0.5 ] },
								"up": { "texture": "#steel", "uv": [ 0.0, 0.0, 0.5, 0.5 ] },
								"down": { "texture": "#steel", "uv": [ 0.0, 0.0, 0.5, 0.5 ] }
							}
						}
					]
				}
			]
		}
	],
	"animations": [
		{
			"name": "Animation 1",
			"code": "animation1",
			"quantityframes": 36,
			"onActivityStopped": "Rewind",
			"onAnimationEnd": "Repeat",
			"keyframes": [

			]
		}
	]
}