﻿{
	"editor": {
		"allAngles": true,
		"entityTextureMode": false
	},
	"textureWidth": 16,
	"textureHeight": 16,
	"textureSizes": {
		"bismuthbronze1": [16,16],
		"acacia": [16,16]
	},
	"textures": {
		"bismuthbronze": "game:block/metal/plate/bismuthbronze",
		"copper": "game:block/metal/plate/copper",
		"iron": "game:block/metal/plate/iron",
		"steel": "game:block/metal/plate/steel",
		"zinc": "game:block/metal/plate/zinc",
		"quartzglass": "electricalprogressivebasics:block/quartzglass",
		"coke": "game:block/coal/coke",
		"tin": "game:block/metal/plate/tin"
	},
	"elements": [
		{
			"name": "Cube7",
			"from": [ 3.5, -7.7, 4.8 ],
			"to": [ 8.5, 13.3, 5.2 ],
			"rotationOrigin": [ 6.0, 3.3, 4.1 ],
			"rotationZ": 90.0,
			"faces": {
				"north": { "texture": "#copper", "uv": [ 0.0, 0.0, 5.0, 15.0 ], "glow": 170, "autoUv": false },
				"east": { "texture": "#copper", "uv": [ 0.0, 0.0, 0.5, 15.0 ], "glow": 170, "autoUv": false },
				"south": { "texture": "#copper", "uv": [ 0.0, 0.0, 5.0, 17.0 ], "glow": 170, "autoUv": false },
				"west": { "texture": "#copper", "uv": [ 0.0, 0.0, 0.5, 15.0 ], "glow": 170, "autoUv": false },
				"up": { "texture": "#copper", "uv": [ 0.0, 0.0, 5.0, 0.5 ], "glow": 170 },
				"down": { "texture": "#copper", "uv": [ 0.0, 0.0, 5.0, 0.5 ], "glow": 170 }
			},
			"children": [
				{
					"name": "Cube4",
					"from": [ -3.4, 6.0, 0.0 ],
					"to": [ 0.1, 21.0, 0.3 ],
					"rotationOrigin": [ 0.1, 17.0, 0.0 ],
					"rotationY": -22.5,
					"faces": {
						"north": { "texture": "#iron", "uv": [ 0.0, 0.0, 3.5, 15.0 ] },
						"east": { "texture": "#iron", "uv": [ 0.0, 0.0, 0.5, 15.0 ] },
						"south": { "texture": "#iron", "uv": [ 0.0, 0.0, 3.5, 15.0 ] },
						"west": { "texture": "#iron", "uv": [ 0.0, 0.0, 0.5, 15.0 ] },
						"up": { "texture": "#iron", "uv": [ 0.0, 0.0, 3.5, 0.5 ] },
						"down": { "texture": "#iron", "uv": [ 0.0, 0.0, 3.5, 0.5 ] }
					},
					"children": [
						{
							"name": "Cube5",
							"from": [ 0.17, -2.85, 0.0 ],
							"to": [ 3.67, -0.35, 0.3 ],
							"rotationOrigin": [ 2.0693, -1.3, -0.0568 ],
							"rotationZ": -72.0,
							"faces": {
								"north": { "texture": "#iron", "uv": [ 0.0, 0.0, 3.5, 2.5 ] },
								"east": { "texture": "#iron", "uv": [ 0.0, 0.0, 0.5, 2.5 ] },
								"south": { "texture": "#iron", "uv": [ 0.0, 0.0, 3.5, 2.5 ] },
								"west": { "texture": "#iron", "uv": [ 0.0, 0.0, 0.5, 2.5 ] },
								"up": { "texture": "#iron", "uv": [ 0.0, 0.0, 3.5, 0.5 ] },
								"down": { "texture": "#iron", "uv": [ 0.0, 0.0, 3.5, 0.5 ] }
							},
							"children": [
								{
									"name": "Cube6",
									"from": [ 2.9, 0.5, 0.0 ],
									"to": [ 5.4, 2.0, 0.3 ],
									"rotationOrigin": [ 4.7, 2.0, 0.0 ],
									"rotationZ": 19.0,
									"faces": {
										"north": { "texture": "#iron", "uv": [ 0.0, 0.0, 2.5, 1.5 ] },
										"east": { "texture": "#iron", "uv": [ 0.0, 0.0, 0.5, 1.5 ] },
										"south": { "texture": "#iron", "uv": [ 0.0, 0.0, 2.5, 1.5 ] },
										"west": { "texture": "#iron", "uv": [ 0.0, 0.0, 0.5, 1.5 ] },
										"up": { "texture": "#iron", "uv": [ 0.0, 0.0, 2.5, 0.5 ] },
										"down": { "texture": "#iron", "uv": [ 0.0, 0.0, 2.5, 0.5 ] }
									},
									"children": [
										{
											"name": "Cube8",
											"from": [ 2.31, 0.03, 0.0 ],
											"to": [ 3.51, 0.43, 0.3 ],
											"rotationOrigin": [ 2.5, 0.5, 0.0 ],
											"rotationZ": 17.0,
											"faces": {
												"north": { "texture": "#iron", "uv": [ 0.0, 0.0, 1.0, 0.5 ] },
												"east": { "texture": "#iron", "uv": [ 0.0, 0.0, 0.5, 0.5 ] },
												"south": { "texture": "#iron", "uv": [ 0.0, 0.0, 1.0, 0.5 ] },
												"west": { "texture": "#iron", "uv": [ 0.0, 0.0, 0.5, 0.5 ] },
												"up": { "texture": "#iron", "uv": [ 0.0, 0.0, 1.0, 0.5 ] },
												"down": { "texture": "#iron", "uv": [ 0.0, 0.0, 1.0, 0.5 ] }
											},
											"children": [
												{
													"name": "Cube92",
													"from": [ 0.0, -0.02, 0.02 ],
													"to": [ 1.2, 0.28, 0.42 ],
													"faces": {
														"north": { "texture": "#steel", "uv": [ 0.0, 0.0, 1.0, 0.5 ] },
														"east": { "texture": "#steel", "uv": [ 0.0, 0.0, 0.5, 0.5 ] },
														"south": { "texture": "#steel", "uv": [ 0.0, 0.0, 1.0, 0.5 ] },
														"west": { "texture": "#steel", "uv": [ 0.0, 0.0, 0.5, 0.5 ] },
														"up": { "texture": "#steel", "uv": [ 0.0, 0.0, 1.0, 0.5 ] },
														"down": { "texture": "#steel", "uv": [ 0.0, 0.0, 1.0, 0.5 ] }
													}
												}
											]
										},
										{
											"name": "Cube91",
											"from": [ 0.0, -0.02, 0.02 ],
											"to": [ 2.5, 0.28, 0.42 ],
											"faces": {
												"north": { "texture": "#steel", "uv": [ 0.0, 0.0, 2.5, 0.5 ] },
												"east": { "texture": "#steel", "uv": [ 0.0, 0.0, 0.5, 0.5 ] },
												"south": { "texture": "#steel", "uv": [ 0.0, 0.0, 2.5, 0.5 ] },
												"west": { "texture": "#steel", "uv": [ 0.0, 0.0, 0.5, 0.5 ] },
												"up": { "texture": "#steel", "uv": [ 0.0, 0.0, 2.5, 0.5 ] },
												"down": { "texture": "#steel", "uv": [ 0.0, 0.0, 2.5, 0.5 ] }
											}
										}
									]
								},
								{
									"name": "Cube90",
									"from": [ 0.0, -0.02, 0.02 ],
									"to": [ 3.5, 0.28, 0.42 ],
									"faces": {
										"north": { "texture": "#steel", "uv": [ 0.0, 0.0, 3.5, 0.5 ] },
										"east": { "texture": "#steel", "uv": [ 0.0, 0.0, 0.5, 0.5 ] },
										"south": { "texture": "#steel", "uv": [ 0.0, 0.0, 3.5, 0.5 ] },
										"west": { "texture": "#steel", "uv": [ 0.0, 0.0, 0.5, 0.5 ] },
										"up": { "texture": "#steel", "uv": [ 0.0, 0.0, 3.5, 0.5 ] },
										"down": { "texture": "#steel", "uv": [ 0.0, 0.0, 3.5, 0.5 ] }
									}
								}
							]
						},
						{
							"name": "Cube9",
							"from": [ 2.5, -5.0, 0.0 ],
							"to": [ 3.5, 0.0, 0.3 ],
							"rotationOrigin": [ 3.5, -2.0, 0.0 ],
							"faces": {
								"north": { "texture": "#iron", "uv": [ 0.0, 0.0, 1.0, 5.0 ] },
								"east": { "texture": "#iron", "uv": [ 0.0, 0.0, 0.5, 5.0 ] },
								"south": { "texture": "#iron", "uv": [ 0.0, 0.0, 1.0, 5.0 ] },
								"west": { "texture": "#iron", "uv": [ 0.0, 0.0, 0.5, 5.0 ] },
								"up": { "texture": "#iron", "uv": [ 0.0, 0.0, 1.0, 0.5 ] },
								"down": { "texture": "#iron", "uv": [ 0.0, 0.0, 1.0, 0.5 ] }
							}
						},
						{
							"name": "Cube10",
							"from": [ 2.9, -5.45, 0.0 ],
							"to": [ 3.6, -4.75, 0.3 ],
							"rotationOrigin": [ 2.9, -2.4, 0.0 ],
							"faces": {
								"north": { "texture": "#iron", "uv": [ 0.0, 0.0, 0.5, 0.5 ] },
								"east": { "texture": "#iron", "uv": [ 0.0, 0.0, 0.5, 0.5 ] },
								"south": { "texture": "#iron", "uv": [ 0.0, 0.0, 0.5, 0.5 ] },
								"west": { "texture": "#iron", "uv": [ 0.0, 0.0, 0.5, 0.5 ] },
								"up": { "texture": "#iron", "uv": [ 0.0, 0.0, 0.5, 0.5 ] },
								"down": { "texture": "#iron", "uv": [ 0.0, 0.0, 0.5, 0.5 ] }
							}
						},
						{
							"name": "Cube83",
							"from": [ 0.0, 14.9, 0.02 ],
							"to": [ 3.55, 15.2, 0.42 ],
							"rotationOrigin": [ 0.0, 14.9, 0.0 ],
							"faces": {
								"north": { "texture": "#steel", "uv": [ 0.0, 0.0, 3.5, 0.5 ] },
								"east": { "texture": "#steel", "uv": [ 0.0, 0.0, 0.5, 0.5 ] },
								"south": { "texture": "#steel", "uv": [ 0.0, 0.0, 3.5, 0.5 ] },
								"west": { "texture": "#steel", "uv": [ 0.0, 0.0, 0.5, 0.5 ] },
								"up": { "texture": "#steel", "uv": [ 0.0, 0.0, 3.5, 0.5 ] },
								"down": { "texture": "#steel", "uv": [ 0.0, 0.0, 3.5, 0.5 ] }
							}
						},
						{
							"name": "Cube85",
							"from": [ -0.02, 0.0, 0.02 ],
							"to": [ 0.28, 15.2, 0.42 ],
							"faces": {
								"north": { "texture": "#steel", "uv": [ 0.0, 0.0, 0.5, 15.0 ] },
								"east": { "texture": "#steel", "uv": [ 0.0, 0.0, 0.5, 15.0 ] },
								"south": { "texture": "#steel", "uv": [ 0.0, 0.0, 0.5, 15.0 ] },
								"west": { "texture": "#steel", "uv": [ 0.0, 0.0, 0.5, 15.0 ] },
								"up": { "texture": "#steel", "uv": [ 0.0, 0.0, 0.5, 0.5 ] },
								"down": { "texture": "#steel", "uv": [ 0.0, 0.0, 0.5, 0.5 ] }
							}
						}
					]
				},
				{
					"name": "Cube11",
					"from": [ 4.9, 6.0, 0.0 ],
					"to": [ 8.4, 21.0, 0.3 ],
					"rotationOrigin": [ 4.9, 17.0, 0.3 ],
					"rotationY": 22.5,
					"faces": {
						"north": { "texture": "#iron", "uv": [ 0.0, 0.0, 3.5, 15.0 ] },
						"east": { "texture": "#iron", "uv": [ 0.0, 0.0, 0.5, 15.0 ] },
						"south": { "texture": "#iron", "uv": [ 0.0, 0.0, 3.5, 15.0 ] },
						"west": { "texture": "#iron", "uv": [ 0.0, 0.0, 0.5, 15.0 ] },
						"up": { "texture": "#iron", "uv": [ 0.0, 0.0, 3.5, 0.5 ] },
						"down": { "texture": "#iron", "uv": [ 0.0, 0.0, 3.5, 0.5 ] }
					},
					"children": [
						{
							"name": "Cube12",
							"from": [ -0.17, -2.85, 0.0 ],
							"to": [ 3.33, -0.35, 0.3 ],
							"rotationOrigin": [ 1.4307, -1.3, 0.3568 ],
							"rotationZ": 72.0,
							"faces": {
								"north": { "texture": "#iron", "uv": [ 0.0, 0.0, 3.5, 2.5 ] },
								"east": { "texture": "#iron", "uv": [ 0.0, 0.0, 0.5, 2.5 ] },
								"south": { "texture": "#iron", "uv": [ 0.0, 0.0, 3.5, 2.5 ] },
								"west": { "texture": "#iron", "uv": [ 0.0, 0.0, 0.5, 2.5 ] },
								"up": { "texture": "#iron", "uv": [ 0.0, 0.0, 3.5, 0.5 ] },
								"down": { "texture": "#iron", "uv": [ 0.0, 0.0, 3.5, 0.5 ] }
							},
							"children": [
								{
									"name": "Cube13",
									"from": [ -1.9, 0.5, 0.0 ],
									"to": [ 0.6, 2.0, 0.3 ],
									"rotationOrigin": [ -1.2, 2.0, 0.3 ],
									"rotationZ": -19.0,
									"faces": {
										"north": { "texture": "#iron", "uv": [ 0.0, 0.0, 2.5, 1.5 ] },
										"east": { "texture": "#iron", "uv": [ 0.0, 0.0, 0.5, 1.5 ] },
										"south": { "texture": "#iron", "uv": [ 0.0, 0.0, 2.5, 1.5 ] },
										"west": { "texture": "#iron", "uv": [ 0.0, 0.0, 0.5, 1.5 ] },
										"up": { "texture": "#iron", "uv": [ 0.0, 0.0, 2.5, 0.5 ] },
										"down": { "texture": "#iron", "uv": [ 0.0, 0.0, 2.5, 0.5 ] }
									},
									"children": [
										{
											"name": "Cube14",
											"from": [ -1.01, 0.03, 0.0 ],
											"to": [ 0.19, 0.43, 0.3 ],
											"rotationOrigin": [ 0.0, 0.5, 0.3 ],
											"rotationZ": -17.0,
											"faces": {
												"north": { "texture": "#iron", "uv": [ 0.0, 0.0, 1.0, 0.5 ] },
												"east": { "texture": "#iron", "uv": [ 0.0, 0.0, 0.5, 0.5 ] },
												"south": { "texture": "#iron", "uv": [ 0.0, 0.0, 1.0, 0.5 ] },
												"west": { "texture": "#iron", "uv": [ 0.0, 0.0, 0.5, 0.5 ] },
												"up": { "texture": "#iron", "uv": [ 0.0, 0.0, 1.0, 0.5 ] },
												"down": { "texture": "#iron", "uv": [ 0.0, 0.0, 1.0, 0.5 ] }
											},
											"children": [
												{
													"name": "Cube89",
													"from": [ 0.0, -0.02, 0.02 ],
													"to": [ 1.2, 0.28, 0.42 ],
													"faces": {
														"north": { "texture": "#steel", "uv": [ 0.0, 0.0, 1.0, 0.5 ] },
														"east": { "texture": "#steel", "uv": [ 0.0, 0.0, 0.5, 0.5 ] },
														"south": { "texture": "#steel", "uv": [ 0.0, 0.0, 1.0, 0.5 ] },
														"west": { "texture": "#steel", "uv": [ 0.0, 0.0, 0.5, 0.5 ] },
														"up": { "texture": "#steel", "uv": [ 0.0, 0.0, 1.0, 0.5 ] },
														"down": { "texture": "#steel", "uv": [ 0.0, 0.0, 1.0, 0.5 ] }
													}
												}
											]
										},
										{
											"name": "Cube88",
											"from": [ 0.0, -0.02, 0.02 ],
											"to": [ 2.5, 0.28, 0.42 ],
											"faces": {
												"north": { "texture": "#steel", "uv": [ 0.0, 0.0, 2.5, 0.5 ] },
												"east": { "texture": "#steel", "uv": [ 0.0, 0.0, 0.5, 0.5 ] },
												"south": { "texture": "#steel", "uv": [ 0.0, 0.0, 2.5, 0.5 ] },
												"west": { "texture": "#steel", "uv": [ 0.0, 0.0, 0.5, 0.5 ] },
												"up": { "texture": "#steel", "uv": [ 0.0, 0.0, 2.5, 0.5 ] },
												"down": { "texture": "#steel", "uv": [ 0.0, 0.0, 2.5, 0.5 ] }
											}
										}
									]
								},
								{
									"name": "Cube87",
									"from": [ 0.0, -0.02, 0.02 ],
									"to": [ 3.5, 0.28, 0.42 ],
									"faces": {
										"north": { "texture": "#steel", "uv": [ 0.0, 0.0, 3.5, 0.5 ] },
										"east": { "texture": "#steel", "uv": [ 0.0, 0.0, 0.5, 0.5 ] },
										"south": { "texture": "#steel", "uv": [ 0.0, 0.0, 3.5, 0.5 ] },
										"west": { "texture": "#steel", "uv": [ 0.0, 0.0, 0.5, 0.5 ] },
										"up": { "texture": "#steel", "uv": [ 0.0, 0.0, 3.5, 0.5 ] },
										"down": { "texture": "#steel", "uv": [ 0.0, 0.0, 3.5, 0.5 ] }
									}
								}
							]
						},
						{
							"name": "Cube15",
							"from": [ 0.0, -5.0, 0.0 ],
							"to": [ 1.0, 0.0, 0.3 ],
							"rotationOrigin": [ 0.0, -2.0, 0.3 ],
							"faces": {
								"north": { "texture": "#iron", "uv": [ 0.0, 0.0, 1.0, 5.0 ] },
								"east": { "texture": "#iron", "uv": [ 0.0, 0.0, 0.5, 5.0 ] },
								"south": { "texture": "#iron", "uv": [ 0.0, 0.0, 1.0, 5.0 ] },
								"west": { "texture": "#iron", "uv": [ 0.0, 0.0, 0.5, 5.0 ] },
								"up": { "texture": "#iron", "uv": [ 0.0, 0.0, 1.0, 0.5 ] },
								"down": { "texture": "#iron", "uv": [ 0.0, 0.0, 1.0, 0.5 ] }
							}
						},
						{
							"name": "Cube16",
							"from": [ -0.1, -5.45, 0.0 ],
							"to": [ 0.6, -4.75, 0.3 ],
							"rotationOrigin": [ 0.6, -2.4, 0.3 ],
							"faces": {
								"north": { "texture": "#iron", "uv": [ 0.0, 0.0, 0.5, 0.5 ] },
								"east": { "texture": "#iron", "uv": [ 0.0, 0.0, 0.5, 0.5 ] },
								"south": { "texture": "#iron", "uv": [ 0.0, 0.0, 0.5, 0.5 ] },
								"west": { "texture": "#iron", "uv": [ 0.0, 0.0, 0.5, 0.5 ] },
								"up": { "texture": "#iron", "uv": [ 0.0, 0.0, 0.5, 0.5 ] },
								"down": { "texture": "#iron", "uv": [ 0.0, 0.0, 0.5, 0.5 ] }
							}
						},
						{
							"name": "Cube37",
							"from": [ 1.0, 10.0, -0.4 ],
							"to": [ 3.0, 14.1, 0.1 ],
							"rotationOrigin": [ 1.0, 10.0, -0.4 ],
							"faces": {
								"north": { "texture": "#copper", "uv": [ 0.0, 0.0, 2.0, 4.0 ] },
								"east": { "texture": "#copper", "uv": [ 0.0, 0.0, 0.5, 4.0 ] },
								"south": { "texture": "#copper", "uv": [ 0.0, 0.0, 2.0, 4.0 ] },
								"west": { "texture": "#copper", "uv": [ 0.0, 0.0, 0.5, 4.0 ] },
								"up": { "texture": "#copper", "uv": [ 0.0, 0.0, 2.0, 0.5 ] },
								"down": { "texture": "#copper", "uv": [ 0.0, 0.0, 2.0, 0.5 ] }
							},
							"children": [
								{
									"name": "Cube38",
									"from": [ -0.1, 0.0, -0.1 ],
									"to": [ 2.1, 0.2, 0.5 ],
									"rotationOrigin": [ -0.1, 0.0, -0.1 ],
									"faces": {
										"north": { "texture": "#zinc", "uv": [ 0.0, 0.0, 2.0, 0.5 ] },
										"east": { "texture": "#zinc", "uv": [ 0.0, 0.0, 0.5, 0.5 ] },
										"south": { "texture": "#zinc", "uv": [ 0.0, 0.0, 2.0, 0.5 ] },
										"west": { "texture": "#zinc", "uv": [ 0.0, 0.0, 0.5, 0.5 ] },
										"up": { "texture": "#zinc", "uv": [ 0.0, 0.0, 2.0, 0.5 ] },
										"down": { "texture": "#zinc", "uv": [ 0.0, 0.0, 2.0, 0.5 ] }
									}
								},
								{
									"name": "Cube39",
									"from": [ -0.1, 0.4, -0.1 ],
									"to": [ 2.1, 0.6, 0.5 ],
									"rotationOrigin": [ -0.1, 0.4, -0.1 ],
									"faces": {
										"north": { "texture": "#zinc", "uv": [ 0.0, 0.0, 2.0, 0.5 ] },
										"east": { "texture": "#zinc", "uv": [ 0.0, 0.0, 0.5, 0.5 ] },
										"south": { "texture": "#zinc", "uv": [ 0.0, 0.0, 2.0, 0.5 ] },
										"west": { "texture": "#zinc", "uv": [ 0.0, 0.0, 0.5, 0.5 ] },
										"up": { "texture": "#zinc", "uv": [ 0.0, 0.0, 2.0, 0.5 ] },
										"down": { "texture": "#zinc", "uv": [ 0.0, 0.0, 2.0, 0.5 ] }
									}
								},
								{
									"name": "Cube40",
									"from": [ -0.1, 0.8, -0.1 ],
									"to": [ 2.1, 1.0, 0.5 ],
									"rotationOrigin": [ -0.1, 0.8, -0.1 ],
									"faces": {
										"north": { "texture": "#zinc", "uv": [ 0.0, 0.0, 2.0, 0.5 ] },
										"east": { "texture": "#zinc", "uv": [ 0.0, 0.0, 0.5, 0.5 ] },
										"south": { "texture": "#zinc", "uv": [ 0.0, 0.0, 2.0, 0.5 ] },
										"west": { "texture": "#zinc", "uv": [ 0.0, 0.0, 0.5, 0.5 ] },
										"up": { "texture": "#zinc", "uv": [ 0.0, 0.0, 2.0, 0.5 ] },
										"down": { "texture": "#zinc", "uv": [ 0.0, 0.0, 2.0, 0.5 ] }
									}
								},
								{
									"name": "Cube41",
									"from": [ -0.1, 1.2, -0.1 ],
									"to": [ 2.1, 1.4, 0.5 ],
									"rotationOrigin": [ -0.1, 1.2, -0.1 ],
									"faces": {
										"north": { "texture": "#zinc", "uv": [ 0.0, 0.0, 2.0, 0.5 ] },
										"east": { "texture": "#zinc", "uv": [ 0.0, 0.0, 0.5, 0.5 ] },
										"south": { "texture": "#zinc", "uv": [ 0.0, 0.0, 2.0, 0.5 ] },
										"west": { "texture": "#zinc", "uv": [ 0.0, 0.0, 0.5, 0.5 ] },
										"up": { "texture": "#zinc", "uv": [ 0.0, 0.0, 2.0, 0.5 ] },
										"down": { "texture": "#zinc", "uv": [ 0.0, 0.0, 2.0, 0.5 ] }
									}
								},
								{
									"name": "Cube42",
									"from": [ -0.1, 1.6, -0.1 ],
									"to": [ 2.1, 1.8, 0.5 ],
									"rotationOrigin": [ -0.1, 1.6, -0.1 ],
									"faces": {
										"north": { "texture": "#zinc", "uv": [ 0.0, 0.0, 2.0, 0.5 ] },
										"east": { "texture": "#zinc", "uv": [ 0.0, 0.0, 0.5, 0.5 ] },
										"south": { "texture": "#zinc", "uv": [ 0.0, 0.0, 2.0, 0.5 ] },
										"west": { "texture": "#zinc", "uv": [ 0.0, 0.0, 0.5, 0.5 ] },
										"up": { "texture": "#zinc", "uv": [ 0.0, 0.0, 2.0, 0.5 ] },
										"down": { "texture": "#zinc", "uv": [ 0.0, 0.0, 2.0, 0.5 ] }
									}
								},
								{
									"name": "Cube43",
									"from": [ -0.1, 2.0, -0.1 ],
									"to": [ 2.1, 2.2, 0.5 ],
									"rotationOrigin": [ -0.1, 2.0, -0.1 ],
									"faces": {
										"north": { "texture": "#zinc", "uv": [ 0.0, 0.0, 2.0, 0.5 ] },
										"east": { "texture": "#zinc", "uv": [ 0.0, 0.0, 0.5, 0.5 ] },
										"south": { "texture": "#zinc", "uv": [ 0.0, 0.0, 2.0, 0.5 ] },
										"west": { "texture": "#zinc", "uv": [ 0.0, 0.0, 0.5, 0.5 ] },
										"up": { "texture": "#zinc", "uv": [ 0.0, 0.0, 2.0, 0.5 ] },
										"down": { "texture": "#zinc", "uv": [ 0.0, 0.0, 2.0, 0.5 ] }
									}
								},
								{
									"name": "Cube44",
									"from": [ -0.1, 2.4, -0.1 ],
									"to": [ 2.1, 2.6, 0.5 ],
									"rotationOrigin": [ -0.1, 2.4, -0.1 ],
									"faces": {
										"north": { "texture": "#zinc", "uv": [ 0.0, 0.0, 2.0, 0.5 ] },
										"east": { "texture": "#zinc", "uv": [ 0.0, 0.0, 0.5, 0.5 ] },
										"south": { "texture": "#zinc", "uv": [ 0.0, 0.0, 2.0, 0.5 ] },
										"west": { "texture": "#zinc", "uv": [ 0.0, 0.0, 0.5, 0.5 ] },
										"up": { "texture": "#zinc", "uv": [ 0.0, 0.0, 2.0, 0.5 ] },
										"down": { "texture": "#zinc", "uv": [ 0.0, 0.0, 2.0, 0.5 ] }
									}
								},
								{
									"name": "Cube45",
									"from": [ -0.1, 2.8, -0.1 ],
									"to": [ 2.1, 3.0, 0.5 ],
									"rotationOrigin": [ -0.1, 2.8, -0.1 ],
									"faces": {
										"north": { "texture": "#zinc", "uv": [ 0.0, 0.0, 2.0, 0.5 ] },
										"east": { "texture": "#zinc", "uv": [ 0.0, 0.0, 0.5, 0.5 ] },
										"south": { "texture": "#zinc", "uv": [ 0.0, 0.0, 2.0, 0.5 ] },
										"west": { "texture": "#zinc", "uv": [ 0.0, 0.0, 0.5, 0.5 ] },
										"up": { "texture": "#zinc", "uv": [ 0.0, 0.0, 2.0, 0.5 ] },
										"down": { "texture": "#zinc", "uv": [ 0.0, 0.0, 2.0, 0.5 ] }
									}
								},
								{
									"name": "Cube46",
									"from": [ -0.1, 3.2, -0.1 ],
									"to": [ 2.1, 3.4, 0.5 ],
									"rotationOrigin": [ -0.1, 3.2, -0.1 ],
									"faces": {
										"north": { "texture": "#zinc", "uv": [ 0.0, 0.0, 2.0, 0.5 ] },
										"east": { "texture": "#zinc", "uv": [ 0.0, 0.0, 0.5, 0.5 ] },
										"south": { "texture": "#zinc", "uv": [ 0.0, 0.0, 2.0, 0.5 ] },
										"west": { "texture": "#zinc", "uv": [ 0.0, 0.0, 0.5, 0.5 ] },
										"up": { "texture": "#zinc", "uv": [ 0.0, 0.0, 2.0, 0.5 ] },
										"down": { "texture": "#zinc", "uv": [ 0.0, 0.0, 2.0, 0.5 ] }
									}
								},
								{
									"name": "Cube47",
									"from": [ -0.1, 3.6, -0.1 ],
									"to": [ 2.1, 3.8, 0.5 ],
									"rotationOrigin": [ -0.1, 3.6, -0.1 ],
									"faces": {
										"north": { "texture": "#zinc", "uv": [ 0.0, 0.0, 2.0, 0.5 ] },
										"east": { "texture": "#zinc", "uv": [ 0.0, 0.0, 0.5, 0.5 ] },
										"south": { "texture": "#zinc", "uv": [ 0.0, 0.0, 2.0, 0.5 ] },
										"west": { "texture": "#zinc", "uv": [ 0.0, 0.0, 0.5, 0.5 ] },
										"up": { "texture": "#zinc", "uv": [ 0.0, 0.0, 2.0, 0.5 ] },
										"down": { "texture": "#zinc", "uv": [ 0.0, 0.0, 2.0, 0.5 ] }
									}
								},
								{
									"name": "Cube48",
									"from": [ -0.1, 4.0, -0.1 ],
									"to": [ 2.1, 4.2, 0.5 ],
									"rotationOrigin": [ -0.1, 4.0, -0.1 ],
									"faces": {
										"north": { "texture": "#zinc", "uv": [ 0.0, 0.0, 2.0, 0.5 ] },
										"east": { "texture": "#zinc", "uv": [ 0.0, 0.0, 0.5, 0.5 ] },
										"south": { "texture": "#zinc", "uv": [ 0.0, 0.0, 2.0, 0.5 ] },
										"west": { "texture": "#zinc", "uv": [ 0.0, 0.0, 0.5, 0.5 ] },
										"up": { "texture": "#zinc", "uv": [ 0.0, 0.0, 2.0, 0.5 ] },
										"down": { "texture": "#zinc", "uv": [ 0.0, 0.0, 2.0, 0.5 ] }
									},
									"children": [
										{
											"name": "Cube49",
											"from": [ 0.1, 0.0, 0.05 ],
											"to": [ 0.5, 0.3, 0.45 ],
											"rotationOrigin": [ 0.1, 0.0, 0.1 ],
											"faces": {
												"north": { "texture": "#tin", "uv": [ 0.0, 0.0, 0.5, 0.5 ] },
												"east": { "texture": "#tin", "uv": [ 0.0, 0.0, 0.5, 0.5 ] },
												"south": { "texture": "#tin", "uv": [ 0.0, 0.0, 0.5, 0.5 ] },
												"west": { "texture": "#tin", "uv": [ 0.0, 0.0, 0.5, 0.5 ] },
												"up": { "texture": "#tin", "uv": [ 0.0, 0.0, 0.5, 0.5 ] },
												"down": { "texture": "#tin", "uv": [ 0.0, 0.0, 0.5, 0.5 ] }
											},
											"children": [
												{
													"name": "Cube50",
													"from": [ 0.1, 0.0, 0.1 ],
													"to": [ 0.3, 0.4, 0.3 ],
													"rotationOrigin": [ 0.1, 0.0, 0.1 ],
													"faces": {
														"north": { "texture": "#bismuthbronze", "uv": [ 0.0, 0.0, 0.5, 0.5 ] },
														"east": { "texture": "#bismuthbronze", "uv": [ 0.0, 0.0, 0.5, 0.5 ] },
														"south": { "texture": "#bismuthbronze", "uv": [ 0.0, 0.0, 0.5, 0.5 ] },
														"west": { "texture": "#bismuthbronze", "uv": [ 0.0, 0.0, 0.5, 0.5 ] },
														"up": { "texture": "#bismuthbronze", "uv": [ 0.0, 0.0, 0.5, 0.5 ] },
														"down": { "texture": "#bismuthbronze", "uv": [ 0.0, 0.0, 0.5, 0.5 ] }
													},
													"children": [
														{
															"name": "Cube51",
															"from": [ 0.05, 0.3, 0.05 ],
															"to": [ 0.15, 0.6, 0.15 ],
															"rotationOrigin": [ 0.1, 0.3, 0.1 ],
															"faces": {
																"north": { "texture": "#copper", "uv": [ 0.0, 0.0, 0.5, 0.5 ] },
																"east": { "texture": "#copper", "uv": [ 0.0, 0.0, 0.5, 0.5 ] },
																"south": { "texture": "#copper", "uv": [ 0.0, 0.0, 0.5, 0.5 ] },
																"west": { "texture": "#copper", "uv": [ 0.0, 0.0, 0.5, 0.5 ] },
																"up": { "texture": "#copper", "uv": [ 0.0, 0.0, 0.5, 0.5 ] },
																"down": { "texture": "#copper", "uv": [ 0.0, 0.0, 0.5, 0.5 ] }
															}
														},
														{
															"name": "Cube52",
															"from": [ 0.05, 0.5, 0.05 ],
															"to": [ 0.15, 0.8, 0.15 ],
															"rotationOrigin": [ 0.1, 0.5, 0.1 ],
															"rotationX": -22.0,
															"rotationY": 19.0,
															"faces": {
																"north": { "texture": "#copper", "uv": [ 0.0, 0.0, 0.5, 0.5 ] },
																"east": { "texture": "#copper", "uv": [ 0.0, 0.0, 0.5, 0.5 ] },
																"south": { "texture": "#copper", "uv": [ 0.0, 0.0, 0.5, 0.5 ] },
																"west": { "texture": "#copper", "uv": [ 0.0, 0.0, 0.5, 0.5 ] },
																"up": { "texture": "#copper", "uv": [ 0.0, 0.0, 0.5, 0.5 ] },
																"down": { "texture": "#copper", "uv": [ 0.0, 0.0, 0.5, 0.5 ] }
															}
														},
														{
															"name": "Cube53",
															"from": [ 0.05, 0.7, -0.02 ],
															"to": [ 0.15, 1.0, 0.08 ],
															"rotationOrigin": [ 0.1, 0.7, 0.0 ],
															"rotationX": -61.0,
															"rotationY": 11.0,
															"rotationZ": 11.0,
															"faces": {
																"north": { "texture": "#copper", "uv": [ 0.0, 0.0, 0.5, 0.5 ] },
																"east": { "texture": "#copper", "uv": [ 0.0, 0.0, 0.5, 0.5 ] },
																"south": { "texture": "#copper", "uv": [ 0.0, 0.0, 0.5, 0.5 ] },
																"west": { "texture": "#copper", "uv": [ 0.0, 0.0, 0.5, 0.5 ] },
																"up": { "texture": "#copper", "uv": [ 0.0, 0.0, 0.5, 0.5 ] },
																"down": { "texture": "#copper", "uv": [ 0.0, 0.0, 0.5, 0.5 ] }
															}
														},
														{
															"name": "Cube54",
															"from": [ -0.035, 0.75, -0.38 ],
															"to": [ 0.065, 1.25, -0.28 ],
															"rotationOrigin": [ 0.0, 0.9, -0.3 ],
															"rotationX": -89.0,
															"rotationY": 22.0,
															"rotationZ": 30.0,
															"faces": {
																"north": { "texture": "#copper", "uv": [ 0.0, 0.0, 0.5, 0.5 ] },
																"east": { "texture": "#copper", "uv": [ 0.0, 0.0, 0.5, 0.5 ] },
																"south": { "texture": "#copper", "uv": [ 0.0, 0.0, 0.5, 0.5 ] },
																"west": { "texture": "#copper", "uv": [ 0.0, 0.0, 0.5, 0.5 ] },
																"up": { "texture": "#copper", "uv": [ 0.0, 0.0, 0.5, 0.5 ] },
																"down": { "texture": "#copper", "uv": [ 0.0, 0.0, 0.5, 0.5 ] }
															}
														},
														{
															"name": "Cube55",
															"from": [ -0.25, 0.83, -0.6 ],
															"to": [ -0.15, 1.43, -0.5 ],
															"rotationOrigin": [ -0.2, 0.9, -0.6 ],
															"rotationX": -89.0,
															"rotationY": 19.0,
															"rotationZ": 69.0,
															"faces": {
																"north": { "texture": "#copper", "uv": [ 0.0, 0.0, 0.5, 0.5 ] },
																"east": { "texture": "#copper", "uv": [ 0.0, 0.0, 0.5, 0.5 ] },
																"south": { "texture": "#copper", "uv": [ 0.0, 0.0, 0.5, 0.5 ] },
																"west": { "texture": "#copper", "uv": [ 0.0, 0.0, 0.5, 0.5 ] },
																"up": { "texture": "#copper", "uv": [ 0.0, 0.0, 0.5, 0.5 ] },
																"down": { "texture": "#copper", "uv": [ 0.0, 0.0, 0.5, 0.5 ] }
															}
														},
														{
															"name": "Cube58",
															"from": [ -0.75, 0.9, -0.74 ],
															"to": [ -0.65, 1.2, -0.64 ],
															"rotationOrigin": [ -0.7, 1.0, -0.8 ],
															"rotationX": -89.0,
															"rotationY": -0.001,
															"rotationZ": 89.0,
															"faces": {
																"north": { "texture": "#copper", "uv": [ 0.0, 0.0, 0.5, 0.5 ] },
																"east": { "texture": "#copper", "uv": [ 0.0, 0.0, 0.5, 0.5 ] },
																"south": { "texture": "#copper", "uv": [ 0.0, 0.0, 0.5, 0.5 ] },
																"west": { "texture": "#copper", "uv": [ 0.0, 0.0, 0.5, 0.5 ] },
																"up": { "texture": "#copper", "uv": [ 0.0, 0.0, 0.5, 0.5 ] },
																"down": { "texture": "#copper", "uv": [ 0.0, 0.0, 0.5, 0.5 ] }
															},
															"children": [
																{
																	"name": "Cube59",
																	"from": [ -0.1017, 0.0767, -0.02 ],
																	"to": [ -0.0017, 0.3767, 0.08 ],
																	"rotationOrigin": [ -0.0217, 0.2867, -0.06 ],
																	"rotationX": -10.286,
																	"rotationY": -3.921,
																	"rotationZ": -136.0,
																	"faces": {
																		"north": { "texture": "#copper", "uv": [ 0.0, 0.0, 0.5, 0.5 ] },
																		"east": { "texture": "#copper", "uv": [ 0.0, 0.0, 0.5, 0.5 ] },
																		"south": { "texture": "#copper", "uv": [ 0.0, 0.0, 0.5, 0.5 ] },
																		"west": { "texture": "#copper", "uv": [ 0.0, 0.0, 0.5, 0.5 ] },
																		"up": { "texture": "#copper", "uv": [ 0.0, 0.0, 0.5, 0.5 ] },
																		"down": { "texture": "#copper", "uv": [ 0.0, 0.0, 0.5, 0.5 ] }
																	}
																},
																{
																	"name": "Cube60",
																	"from": [ -0.35, 0.44, -0.08 ],
																	"to": [ -0.25, 0.74, 0.02 ],
																	"rotationOrigin": [ -0.2217, 0.5867, -0.06 ],
																	"rotationX": -11.0,
																	"rotationY": 3.0,
																	"rotationZ": 61.0,
																	"faces": {
																		"north": { "texture": "#copper", "uv": [ 0.0, 0.0, 0.5, 0.5 ] },
																		"east": { "texture": "#copper", "uv": [ 0.0, 0.0, 0.5, 0.5 ] },
																		"south": { "texture": "#copper", "uv": [ 0.0, 0.0, 0.5, 0.5 ] },
																		"west": { "texture": "#copper", "uv": [ 0.0, 0.0, 0.5, 0.5 ] },
																		"up": { "texture": "#copper", "uv": [ 0.0, 0.0, 0.5, 0.5 ] },
																		"down": { "texture": "#copper", "uv": [ 0.0, 0.0, 0.5, 0.5 ] }
																	}
																}
															]
														}
													]
												}
											]
										}
									]
								}
							]
						},
						{
							"name": "Cube84",
							"from": [ 0.0, 14.9, 0.02 ],
							"to": [ 3.5, 15.2, 0.42 ],
							"rotationOrigin": [ 0.0, 14.9, 0.0 ],
							"faces": {
								"north": { "texture": "#steel", "uv": [ 0.0, 0.0, 3.5, 0.5 ] },
								"east": { "texture": "#steel", "uv": [ 0.0, 0.0, 0.5, 0.5 ] },
								"south": { "texture": "#steel", "uv": [ 0.0, 0.0, 3.5, 0.5 ] },
								"west": { "texture": "#steel", "uv": [ 0.0, 0.0, 0.5, 0.5 ] },
								"up": { "texture": "#steel", "uv": [ 0.0, 0.0, 3.5, 0.5 ] },
								"down": { "texture": "#steel", "uv": [ 0.0, 0.0, 3.5, 0.5 ] }
							}
						},
						{
							"name": "Cube86",
							"from": [ 3.22, 0.0, 0.02 ],
							"to": [ 3.52, 15.2, 0.42 ],
							"rotationOrigin": [ 3.2, 0.0, 0.0 ],
							"faces": {
								"north": { "texture": "#steel", "uv": [ 0.0, 0.0, 0.5, 15.0 ] },
								"east": { "texture": "#steel", "uv": [ 0.0, 0.0, 0.5, 15.0 ] },
								"south": { "texture": "#steel", "uv": [ 0.0, 0.0, 0.5, 15.0 ] },
								"west": { "texture": "#steel", "uv": [ 0.0, 0.0, 0.5, 15.0 ] },
								"up": { "texture": "#steel", "uv": [ 0.0, 0.0, 0.5, 0.5 ] },
								"down": { "texture": "#steel", "uv": [ 0.0, 0.0, 0.5, 0.5 ] }
							}
						}
					]
				},
				{
					"name": "Cube17",
					"from": [ 3.6, 20.0, -0.5 ],
					"to": [ 5.0, 21.4, 1.5 ],
					"rotationOrigin": [ 4.3, 20.7, -0.5 ],
					"faces": {
						"north": { "texture": "#coke", "uv": [ 0.0, 0.0, 1.0, 1.0 ] },
						"east": { "texture": "#coke", "uv": [ 0.0, 0.0, 2.0, 1.0 ] },
						"south": { "texture": "#coke", "uv": [ 0.0, 0.0, 1.0, 1.0 ] },
						"west": { "texture": "#coke", "uv": [ 0.0, 0.0, 2.0, 1.0 ] },
						"up": { "texture": "#coke", "uv": [ 0.0, 0.0, 1.0, 2.0 ] },
						"down": { "texture": "#coke", "uv": [ 0.0, 0.0, 1.0, 2.0 ] }
					},
					"children": [
						{
							"name": "Cube18",
							"from": [ 0.0, 0.0, 0.0 ],
							"to": [ 1.4, 1.4, 2.0 ],
							"rotationOrigin": [ 0.7, 0.7, 0.0 ],
							"rotationZ": 11.25,
							"faces": {
								"north": { "texture": "#coke", "uv": [ 0.0, 0.0, 1.0, 1.0 ] },
								"east": { "texture": "#coke", "uv": [ 0.0, 0.0, 2.0, 1.0 ] },
								"south": { "texture": "#coke", "uv": [ 0.0, 0.0, 1.0, 1.0 ] },
								"west": { "texture": "#coke", "uv": [ 0.0, 0.0, 2.0, 1.0 ] },
								"up": { "texture": "#coke", "uv": [ 0.0, 0.0, 1.0, 2.0 ] },
								"down": { "texture": "#coke", "uv": [ 0.0, 0.0, 1.0, 2.0 ] }
							}
						},
						{
							"name": "Cube19",
							"from": [ 0.0, 0.0, 0.0 ],
							"to": [ 1.4, 1.4, 2.0 ],
							"rotationOrigin": [ 0.7, 0.7, 0.0 ],
							"rotationZ": 22.5,
							"faces": {
								"north": { "texture": "#coke", "uv": [ 0.0, 0.0, 1.0, 1.0 ] },
								"east": { "texture": "#coke", "uv": [ 0.0, 0.0, 2.0, 1.0 ] },
								"south": { "texture": "#coke", "uv": [ 0.0, 0.0, 1.0, 1.0 ] },
								"west": { "texture": "#coke", "uv": [ 0.0, 0.0, 2.0, 1.0 ] },
								"up": { "texture": "#coke", "uv": [ 0.0, 0.0, 1.0, 2.0 ] },
								"down": { "texture": "#coke", "uv": [ 0.0, 0.0, 1.0, 2.0 ] }
							}
						},
						{
							"name": "Cube20",
							"from": [ 0.0, 0.0, 0.0 ],
							"to": [ 1.4, 1.4, 2.0 ],
							"rotationOrigin": [ 0.7, 0.7, 0.0 ],
							"rotationZ": 33.75,
							"faces": {
								"north": { "texture": "#coke", "uv": [ 0.0, 0.0, 1.0, 1.0 ] },
								"east": { "texture": "#coke", "uv": [ 0.0, 0.0, 2.0, 1.0 ] },
								"south": { "texture": "#coke", "uv": [ 0.0, 0.0, 1.0, 1.0 ] },
								"west": { "texture": "#coke", "uv": [ 0.0, 0.0, 2.0, 1.0 ] },
								"up": { "texture": "#coke", "uv": [ 0.0, 0.0, 1.0, 2.0 ] },
								"down": { "texture": "#coke", "uv": [ 0.0, 0.0, 1.0, 2.0 ] }
							}
						},
						{
							"name": "Cube21",
							"from": [ 0.0, 0.0, 0.0 ],
							"to": [ 1.4, 1.4, 2.0 ],
							"rotationOrigin": [ 0.7, 0.7, 0.0 ],
							"rotationZ": 45.0,
							"faces": {
								"north": { "texture": "#coke", "uv": [ 0.0, 0.0, 1.0, 1.0 ] },
								"east": { "texture": "#coke", "uv": [ 0.0, 0.0, 2.0, 1.0 ] },
								"south": { "texture": "#coke", "uv": [ 0.0, 0.0, 1.0, 1.0 ] },
								"west": { "texture": "#coke", "uv": [ 0.0, 0.0, 2.0, 1.0 ] },
								"up": { "texture": "#coke", "uv": [ 0.0, 0.0, 1.0, 2.0 ] },
								"down": { "texture": "#coke", "uv": [ 0.0, 0.0, 1.0, 2.0 ] }
							}
						},
						{
							"name": "Cube22",
							"from": [ 0.0, 0.0, 0.0 ],
							"to": [ 1.4, 1.4, 2.0 ],
							"rotationOrigin": [ 0.7, 0.7, 0.0 ],
							"rotationZ": 56.25,
							"faces": {
								"north": { "texture": "#coke", "uv": [ 0.0, 0.0, 1.0, 1.0 ] },
								"east": { "texture": "#coke", "uv": [ 0.0, 0.0, 2.0, 1.0 ] },
								"south": { "texture": "#coke", "uv": [ 0.0, 0.0, 1.0, 1.0 ] },
								"west": { "texture": "#coke", "uv": [ 0.0, 0.0, 2.0, 1.0 ] },
								"up": { "texture": "#coke", "uv": [ 0.0, 0.0, 1.0, 2.0 ] },
								"down": { "texture": "#coke", "uv": [ 0.0, 0.0, 1.0, 2.0 ] }
							}
						},
						{
							"name": "Cube23",
							"from": [ 0.0, 0.0, 0.0 ],
							"to": [ 1.4, 1.4, 2.0 ],
							"rotationOrigin": [ 0.7, 0.7, 0.0 ],
							"rotationZ": 67.5,
							"faces": {
								"north": { "texture": "#coke", "uv": [ 0.0, 0.0, 1.0, 1.0 ] },
								"east": { "texture": "#coke", "uv": [ 0.0, 0.0, 2.0, 1.0 ] },
								"south": { "texture": "#coke", "uv": [ 0.0, 0.0, 1.0, 1.0 ] },
								"west": { "texture": "#coke", "uv": [ 0.0, 0.0, 2.0, 1.0 ] },
								"up": { "texture": "#coke", "uv": [ 0.0, 0.0, 1.0, 2.0 ] },
								"down": { "texture": "#coke", "uv": [ 0.0, 0.0, 1.0, 2.0 ] }
							}
						},
						{
							"name": "Cube24",
							"from": [ 0.0, 0.0, 0.0 ],
							"to": [ 1.4, 1.4, 2.0 ],
							"rotationOrigin": [ 0.7, 0.7, 0.0 ],
							"rotationZ": 78.75,
							"faces": {
								"north": { "texture": "#coke", "uv": [ 0.0, 0.0, 1.0, 1.0 ] },
								"east": { "texture": "#coke", "uv": [ 0.0, 0.0, 2.0, 1.0 ] },
								"south": { "texture": "#coke", "uv": [ 0.0, 0.0, 1.0, 1.0 ] },
								"west": { "texture": "#coke", "uv": [ 0.0, 0.0, 2.0, 1.0 ] },
								"up": { "texture": "#coke", "uv": [ 0.0, 0.0, 1.0, 2.0 ] },
								"down": { "texture": "#coke", "uv": [ 0.0, 0.0, 1.0, 2.0 ] }
							},
							"children": [
								{
									"name": "Cube2",
									"from": [ -0.2902, -0.299, 1.9 ],
									"to": [ 1.7098, 1.701, 2.1 ],
									"rotationOrigin": [ 0.7098, 0.651, 1.9 ],
									"rotationZ": 11.25,
									"faces": {
										"north": { "texture": "#tin", "uv": [ 0.0, 0.0, 2.0, 2.0 ] },
										"east": { "texture": "#tin", "uv": [ 0.0, 0.0, 0.5, 2.0 ] },
										"south": { "texture": "#quartzglass", "uv": [ 0.0, 0.0, 2.0, 2.0 ], "glow": 170, "windMode": [-1,-1,-1,-1] },
										"west": { "texture": "#tin", "uv": [ 0.0, 0.0, 0.5, 2.0 ] },
										"up": { "texture": "#tin", "uv": [ 0.0, 0.0, 2.0, 0.5 ] },
										"down": { "texture": "#tin", "uv": [ 0.0, 0.0, 2.0, 0.5 ] }
									},
									"children": [
										{
											"name": "Cube3",
											"from": [ 0.0, 0.0, 0.0 ],
											"to": [ 2.0, 0.2, 0.4 ],
											"rotationOrigin": [ 1.0, 0.95, 0.0 ],
											"faces": {
												"north": { "texture": "#tin", "uv": [ 0.0, 0.0, 2.0, 0.5 ] },
												"east": { "texture": "#tin", "uv": [ 0.0, 0.0, 0.5, 0.5 ] },
												"south": { "texture": "#tin", "uv": [ 0.0, 0.0, 2.0, 0.5 ] },
												"west": { "texture": "#tin", "uv": [ 0.0, 0.0, 0.5, 0.5 ] },
												"up": { "texture": "#tin", "uv": [ 0.0, 0.0, 2.0, 0.5 ] },
												"down": { "texture": "#tin", "uv": [ 0.0, 0.0, 2.0, 0.5 ] }
											}
										},
										{
											"name": "Cube26",
											"from": [ 0.0, 0.0, 0.0 ],
											"to": [ 0.2, 2.0, 0.4 ],
											"rotationOrigin": [ 1.0, 0.95, 0.0 ],
											"faces": {
												"north": { "texture": "#tin", "uv": [ 0.0, 0.0, 0.5, 2.0 ] },
												"east": { "texture": "#tin", "uv": [ 0.0, 0.0, 0.5, 2.0 ] },
												"south": { "texture": "#tin", "uv": [ 0.0, 0.0, 0.5, 2.0 ] },
												"west": { "texture": "#tin", "uv": [ 0.0, 0.0, 0.5, 2.0 ] },
												"up": { "texture": "#tin", "uv": [ 0.0, 0.0, 0.5, 0.5 ] },
												"down": { "texture": "#tin", "uv": [ 0.0, 0.0, 0.5, 0.5 ] }
											}
										},
										{
											"name": "Cube27",
											"from": [ 1.8, 0.0, 0.0 ],
											"to": [ 2.0, 2.0, 0.4 ],
											"rotationOrigin": [ 2.8, 0.95, 0.0 ],
											"faces": {
												"north": { "texture": "#tin", "uv": [ 0.0, 0.0, 0.5, 2.0 ] },
												"east": { "texture": "#tin", "uv": [ 0.0, 0.0, 0.5, 2.0 ] },
												"south": { "texture": "#tin", "uv": [ 0.0, 0.0, 0.5, 2.0 ] },
												"west": { "texture": "#tin", "uv": [ 0.0, 0.0, 0.5, 2.0 ] },
												"up": { "texture": "#tin", "uv": [ 0.0, 0.0, 0.5, 0.5 ] },
												"down": { "texture": "#tin", "uv": [ 0.0, 0.0, 0.5, 0.5 ] }
											}
										},
										{
											"name": "Cube28",
											"from": [ 0.0, 1.8, 0.0 ],
											"to": [ 2.0, 2.0, 0.4 ],
											"rotationOrigin": [ 1.0, 2.75, 0.0 ],
											"faces": {
												"north": { "texture": "#tin", "uv": [ 0.0, 0.0, 2.0, 0.5 ] },
												"east": { "texture": "#tin", "uv": [ 0.0, 0.0, 0.5, 0.5 ] },
												"south": { "texture": "#tin", "uv": [ 0.0, 0.0, 2.0, 0.5 ] },
												"west": { "texture": "#tin", "uv": [ 0.0, 0.0, 0.5, 0.5 ] },
												"up": { "texture": "#tin", "uv": [ 0.0, 0.0, 2.0, 0.5 ] },
												"down": { "texture": "#tin", "uv": [ 0.0, 0.0, 2.0, 0.5 ] }
											}
										},
										{
											"name": "Cube29",
											"from": [ 0.1, 0.3, 0.2 ],
											"to": [ 1.9, 0.4, 0.3 ],
											"rotationOrigin": [ 1.1, 1.25, 0.2 ],
											"faces": {
												"north": { "texture": "#tin", "uv": [ 0.0, 0.0, 1.5, 0.5 ] },
												"east": { "texture": "#tin", "uv": [ 0.0, 0.0, 0.5, 0.5 ] },
												"south": { "texture": "#tin", "uv": [ 0.0, 0.0, 1.5, 0.5 ] },
												"west": { "texture": "#tin", "uv": [ 0.0, 0.0, 0.5, 0.5 ] },
												"up": { "texture": "#tin", "uv": [ 0.0, 0.0, 1.5, 0.5 ] },
												"down": { "texture": "#tin", "uv": [ 0.0, 0.0, 1.5, 0.5 ] }
											}
										},
										{
											"name": "Cube30",
											"from": [ 0.1, 0.5, 0.2 ],
											"to": [ 1.9, 0.6, 0.3 ],
											"rotationOrigin": [ 1.1, 1.45, 0.2 ],
											"faces": {
												"north": { "texture": "#tin", "uv": [ 0.0, 0.0, 1.5, 0.5 ] },
												"east": { "texture": "#tin", "uv": [ 0.0, 0.0, 0.5, 0.5 ] },
												"south": { "texture": "#tin", "uv": [ 0.0, 0.0, 1.5, 0.5 ] },
												"west": { "texture": "#tin", "uv": [ 0.0, 0.0, 0.5, 0.5 ] },
												"up": { "texture": "#tin", "uv": [ 0.0, 0.0, 1.5, 0.5 ] },
												"down": { "texture": "#tin", "uv": [ 0.0, 0.0, 1.5, 0.5 ] }
											}
										},
										{
											"name": "Cube31",
											"from": [ 0.1, 0.7, 0.2 ],
											"to": [ 1.9, 0.8, 0.3 ],
											"rotationOrigin": [ 1.1, 1.65, 0.2 ],
											"faces": {
												"north": { "texture": "#tin", "uv": [ 0.0, 0.0, 1.5, 0.5 ] },
												"east": { "texture": "#tin", "uv": [ 0.0, 0.0, 0.5, 0.5 ] },
												"south": { "texture": "#tin", "uv": [ 0.0, 0.0, 1.5, 0.5 ] },
												"west": { "texture": "#tin", "uv": [ 0.0, 0.0, 0.5, 0.5 ] },
												"up": { "texture": "#tin", "uv": [ 0.0, 0.0, 1.5, 0.5 ] },
												"down": { "texture": "#tin", "uv": [ 0.0, 0.0, 1.5, 0.5 ] }
											}
										},
										{
											"name": "Cube32",
											"from": [ 0.1, 0.9, 0.2 ],
											"to": [ 1.9, 1.0, 0.3 ],
											"rotationOrigin": [ 1.1, 1.85, 0.2 ],
											"faces": {
												"north": { "texture": "#tin", "uv": [ 0.0, 0.0, 1.5, 0.5 ] },
												"east": { "texture": "#tin", "uv": [ 0.0, 0.0, 0.5, 0.5 ] },
												"south": { "texture": "#tin", "uv": [ 0.0, 0.0, 1.5, 0.5 ] },
												"west": { "texture": "#tin", "uv": [ 0.0, 0.0, 0.5, 0.5 ] },
												"up": { "texture": "#tin", "uv": [ 0.0, 0.0, 1.5, 0.5 ] },
												"down": { "texture": "#tin", "uv": [ 0.0, 0.0, 1.5, 0.5 ] }
											}
										},
										{
											"name": "Cube33",
											"from": [ 0.1, 1.1, 0.2 ],
											"to": [ 1.9, 1.2, 0.3 ],
											"rotationOrigin": [ 1.1, 2.05, 0.2 ],
											"faces": {
												"north": { "texture": "#tin", "uv": [ 0.0, 0.0, 1.5, 0.5 ] },
												"east": { "texture": "#tin", "uv": [ 0.0, 0.0, 0.5, 0.5 ] },
												"south": { "texture": "#tin", "uv": [ 0.0, 0.0, 1.5, 0.5 ] },
												"west": { "texture": "#tin", "uv": [ 0.0, 0.0, 0.5, 0.5 ] },
												"up": { "texture": "#tin", "uv": [ 0.0, 0.0, 1.5, 0.5 ] },
												"down": { "texture": "#tin", "uv": [ 0.0, 0.0, 1.5, 0.5 ] }
											}
										},
										{
											"name": "Cube34",
											"from": [ 0.1, 1.3, 0.2 ],
											"to": [ 1.9, 1.4, 0.3 ],
											"rotationOrigin": [ 1.1, 2.25, 0.2 ],
											"faces": {
												"north": { "texture": "#tin", "uv": [ 0.0, 0.0, 1.5, 0.5 ] },
												"east": { "texture": "#tin", "uv": [ 0.0, 0.0, 0.5, 0.5 ] },
												"south": { "texture": "#tin", "uv": [ 0.0, 0.0, 1.5, 0.5 ] },
												"west": { "texture": "#tin", "uv": [ 0.0, 0.0, 0.5, 0.5 ] },
												"up": { "texture": "#tin", "uv": [ 0.0, 0.0, 1.5, 0.5 ] },
												"down": { "texture": "#tin", "uv": [ 0.0, 0.0, 1.5, 0.5 ] }
											}
										},
										{
											"name": "Cube35",
											"from": [ 0.1, 1.5, 0.2 ],
											"to": [ 1.9, 1.6, 0.3 ],
											"rotationOrigin": [ 1.1, 2.45, 0.2 ],
											"faces": {
												"north": { "texture": "#tin", "uv": [ 0.0, 0.0, 1.5, 0.5 ] },
												"east": { "texture": "#tin", "uv": [ 0.0, 0.0, 0.5, 0.5 ] },
												"south": { "texture": "#tin", "uv": [ 0.0, 0.0, 1.5, 0.5 ] },
												"west": { "texture": "#tin", "uv": [ 0.0, 0.0, 0.5, 0.5 ] },
												"up": { "texture": "#tin", "uv": [ 0.0, 0.0, 1.5, 0.5 ] },
												"down": { "texture": "#tin", "uv": [ 0.0, 0.0, 1.5, 0.5 ] }
											}
										},
										{
											"name": "Cube36",
											"from": [ 0.1, 1.7, 0.2 ],
											"to": [ 1.9, 1.8, 0.3 ],
											"rotationOrigin": [ 1.1, 2.65, 0.2 ],
											"faces": {
												"north": { "texture": "#tin", "uv": [ 0.0, 0.0, 1.5, 0.5 ] },
												"east": { "texture": "#tin", "uv": [ 0.0, 0.0, 0.5, 0.5 ] },
												"south": { "texture": "#tin", "uv": [ 0.0, 0.0, 1.5, 0.5 ] },
												"west": { "texture": "#tin", "uv": [ 0.0, 0.0, 0.5, 0.5 ] },
												"up": { "texture": "#tin", "uv": [ 0.0, 0.0, 1.5, 0.5 ] },
												"down": { "texture": "#tin", "uv": [ 0.0, 0.0, 1.5, 0.5 ] }
											}
										}
									]
								}
							]
						},
						{
							"name": "Cube56",
							"from": [ 0.6, 0.8, -0.1 ],
							"to": [ 1.0, 1.2, 0.2 ],
							"rotationOrigin": [ 0.6, 0.8, -0.1 ],
							"faces": {
								"north": { "texture": "#zinc", "uv": [ 0.0, 0.0, 0.5, 0.5 ] },
								"east": { "texture": "#zinc", "uv": [ 0.0, 0.0, 0.5, 0.5 ] },
								"south": { "texture": "#zinc", "uv": [ 0.0, 0.0, 0.5, 0.5 ] },
								"west": { "texture": "#zinc", "uv": [ 0.0, 0.0, 0.5, 0.5 ] },
								"up": { "texture": "#zinc", "uv": [ 0.0, 0.0, 0.5, 0.5 ] },
								"down": { "texture": "#zinc", "uv": [ 0.0, 0.0, 0.5, 0.5 ] }
							},
							"children": [
								{
									"name": "Cube57",
									"from": [ 0.15, 0.05, -0.1 ],
									"to": [ 0.35, 0.25, 0.2 ],
									"rotationOrigin": [ 0.1, 0.1, -0.1 ],
									"rotationZ": 28.0,
									"faces": {
										"north": { "texture": "#bismuthbronze", "uv": [ 0.0, 0.0, 0.5, 0.5 ] },
										"east": { "texture": "#bismuthbronze", "uv": [ 0.0, 0.0, 0.5, 0.5 ] },
										"south": { "texture": "#bismuthbronze", "uv": [ 0.0, 0.0, 0.5, 0.5 ] },
										"west": { "texture": "#bismuthbronze", "uv": [ 0.0, 0.0, 0.5, 0.5 ] },
										"up": { "texture": "#bismuthbronze", "uv": [ 0.0, 0.0, 0.5, 0.5 ] },
										"down": { "texture": "#bismuthbronze", "uv": [ 0.0, 0.0, 0.5, 0.5 ] }
									}
								}
							]
						}
					]
				},
				{
					"name": "Cube61",
					"from": [ -0.2, -0.1, -0.2 ],
					"to": [ 5.2, 0.5, 0.6 ],
					"rotationOrigin": [ -0.2, -0.1, -0.2 ],
					"faces": {
						"north": { "texture": "#zinc", "uv": [ 0.0, 0.0, 5.0, 0.5 ] },
						"east": { "texture": "#zinc", "uv": [ 0.0, 0.0, 0.5, 0.5 ] },
						"south": { "texture": "#zinc", "uv": [ 0.0, 0.0, 5.0, 0.5 ] },
						"west": { "texture": "#zinc", "uv": [ 0.0, 0.0, 0.5, 0.5 ] },
						"up": { "texture": "#zinc", "uv": [ 0.0, 0.0, 5.0, 0.5 ] },
						"down": { "texture": "#zinc", "uv": [ 0.0, 0.0, 5.0, 0.5 ] }
					}
				},
				{
					"name": "Cube62",
					"from": [ -0.2, 1.0, -0.2 ],
					"to": [ 5.2, 1.5, 0.6 ],
					"rotationOrigin": [ -0.2, 1.0, -0.2 ],
					"faces": {
						"north": { "texture": "#zinc", "uv": [ 0.0, 0.0, 5.0, 0.5 ] },
						"east": { "texture": "#zinc", "uv": [ 0.0, 0.0, 0.5, 0.5 ] },
						"south": { "texture": "#zinc", "uv": [ 0.0, 0.0, 5.0, 0.5 ] },
						"west": { "texture": "#zinc", "uv": [ 0.0, 0.0, 0.5, 0.5 ] },
						"up": { "texture": "#zinc", "uv": [ 0.0, 0.0, 5.0, 0.5 ] },
						"down": { "texture": "#zinc", "uv": [ 0.0, 0.0, 5.0, 0.5 ] }
					}
				},
				{
					"name": "Cube63",
					"from": [ -0.2, 2.0, -0.2 ],
					"to": [ 5.2, 2.5, 0.6 ],
					"rotationOrigin": [ -0.2, 2.0, -0.2 ],
					"faces": {
						"north": { "texture": "#zinc", "uv": [ 0.0, 0.0, 5.0, 0.5 ] },
						"east": { "texture": "#zinc", "uv": [ 0.0, 0.0, 0.5, 0.5 ] },
						"south": { "texture": "#zinc", "uv": [ 0.0, 0.0, 5.0, 0.5 ] },
						"west": { "texture": "#zinc", "uv": [ 0.0, 0.0, 0.5, 0.5 ] },
						"up": { "texture": "#zinc", "uv": [ 0.0, 0.0, 5.0, 0.5 ] },
						"down": { "texture": "#zinc", "uv": [ 0.0, 0.0, 5.0, 0.5 ] }
					}
				},
				{
					"name": "Cube64",
					"from": [ -0.2, 3.0, -0.2 ],
					"to": [ 5.2, 3.5, 0.6 ],
					"rotationOrigin": [ -0.2, 3.0, -0.2 ],
					"faces": {
						"north": { "texture": "#zinc", "uv": [ 0.0, 0.0, 5.0, 0.5 ] },
						"east": { "texture": "#zinc", "uv": [ 0.0, 0.0, 0.5, 0.5 ] },
						"south": { "texture": "#zinc", "uv": [ 0.0, 0.0, 5.0, 0.5 ] },
						"west": { "texture": "#zinc", "uv": [ 0.0, 0.0, 0.5, 0.5 ] },
						"up": { "texture": "#zinc", "uv": [ 0.0, 0.0, 5.0, 0.5 ] },
						"down": { "texture": "#zinc", "uv": [ 0.0, 0.0, 5.0, 0.5 ] }
					}
				},
				{
					"name": "Cube65",
					"from": [ -0.2, 4.0, -0.2 ],
					"to": [ 5.2, 4.5, 0.6 ],
					"rotationOrigin": [ -0.2, 4.0, -0.2 ],
					"faces": {
						"north": { "texture": "#zinc", "uv": [ 0.0, 0.0, 5.0, 0.5 ] },
						"east": { "texture": "#zinc", "uv": [ 0.0, 0.0, 0.5, 0.5 ] },
						"south": { "texture": "#zinc", "uv": [ 0.0, 0.0, 5.0, 0.5 ] },
						"west": { "texture": "#zinc", "uv": [ 0.0, 0.0, 0.5, 0.5 ] },
						"up": { "texture": "#zinc", "uv": [ 0.0, 0.0, 5.0, 0.5 ] },
						"down": { "texture": "#zinc", "uv": [ 0.0, 0.0, 5.0, 0.5 ] }
					}
				},
				{
					"name": "Cube66",
					"from": [ -0.2, 5.0, -0.2 ],
					"to": [ 5.2, 5.5, 0.6 ],
					"rotationOrigin": [ -0.2, 5.0, -0.2 ],
					"faces": {
						"north": { "texture": "#zinc", "uv": [ 0.0, 0.0, 5.0, 0.5 ] },
						"east": { "texture": "#zinc", "uv": [ 0.0, 0.0, 0.5, 0.5 ] },
						"south": { "texture": "#zinc", "uv": [ 0.0, 0.0, 5.0, 0.5 ] },
						"west": { "texture": "#zinc", "uv": [ 0.0, 0.0, 0.5, 0.5 ] },
						"up": { "texture": "#zinc", "uv": [ 0.0, 0.0, 5.0, 0.5 ] },
						"down": { "texture": "#zinc", "uv": [ 0.0, 0.0, 5.0, 0.5 ] }
					}
				},
				{
					"name": "Cube67",
					"from": [ -0.2, 6.0, -0.2 ],
					"to": [ 5.2, 6.5, 0.6 ],
					"rotationOrigin": [ -0.2, 6.0, -0.2 ],
					"faces": {
						"north": { "texture": "#zinc", "uv": [ 0.0, 0.0, 5.0, 0.5 ] },
						"east": { "texture": "#zinc", "uv": [ 0.0, 0.0, 0.5, 0.5 ] },
						"south": { "texture": "#zinc", "uv": [ 0.0, 0.0, 5.0, 0.5 ] },
						"west": { "texture": "#zinc", "uv": [ 0.0, 0.0, 0.5, 0.5 ] },
						"up": { "texture": "#zinc", "uv": [ 0.0, 0.0, 5.0, 0.5 ] },
						"down": { "texture": "#zinc", "uv": [ 0.0, 0.0, 5.0, 0.5 ] }
					}
				},
				{
					"name": "Cube68",
					"from": [ -0.2, 7.0, -0.2 ],
					"to": [ 5.2, 7.5, 0.6 ],
					"rotationOrigin": [ -0.2, 7.0, -0.2 ],
					"faces": {
						"north": { "texture": "#zinc", "uv": [ 0.0, 0.0, 5.0, 0.5 ] },
						"east": { "texture": "#zinc", "uv": [ 0.0, 0.0, 0.5, 0.5 ] },
						"south": { "texture": "#zinc", "uv": [ 0.0, 0.0, 5.0, 0.5 ] },
						"west": { "texture": "#zinc", "uv": [ 0.0, 0.0, 0.5, 0.5 ] },
						"up": { "texture": "#zinc", "uv": [ 0.0, 0.0, 5.0, 0.5 ] },
						"down": { "texture": "#zinc", "uv": [ 0.0, 0.0, 5.0, 0.5 ] }
					}
				},
				{
					"name": "Cube69",
					"from": [ -0.2, 8.0, -0.2 ],
					"to": [ 5.2, 8.5, 0.6 ],
					"rotationOrigin": [ -0.2, 8.0, -0.2 ],
					"faces": {
						"north": { "texture": "#zinc", "uv": [ 0.0, 0.0, 5.0, 0.5 ] },
						"east": { "texture": "#zinc", "uv": [ 0.0, 0.0, 0.5, 0.5 ] },
						"south": { "texture": "#zinc", "uv": [ 0.0, 0.0, 5.0, 0.5 ] },
						"west": { "texture": "#zinc", "uv": [ 0.0, 0.0, 0.5, 0.5 ] },
						"up": { "texture": "#zinc", "uv": [ 0.0, 0.0, 5.0, 0.5 ] },
						"down": { "texture": "#zinc", "uv": [ 0.0, 0.0, 5.0, 0.5 ] }
					}
				},
				{
					"name": "Cube70",
					"from": [ -0.2, 9.0, -0.2 ],
					"to": [ 5.2, 9.5, 0.6 ],
					"rotationOrigin": [ -0.2, 9.0, -0.2 ],
					"faces": {
						"north": { "texture": "#zinc", "uv": [ 0.0, 0.0, 5.0, 0.5 ] },
						"east": { "texture": "#zinc", "uv": [ 0.0, 0.0, 0.5, 0.5 ] },
						"south": { "texture": "#zinc", "uv": [ 0.0, 0.0, 5.0, 0.5 ] },
						"west": { "texture": "#zinc", "uv": [ 0.0, 0.0, 0.5, 0.5 ] },
						"up": { "texture": "#zinc", "uv": [ 0.0, 0.0, 5.0, 0.5 ] },
						"down": { "texture": "#zinc", "uv": [ 0.0, 0.0, 5.0, 0.5 ] }
					}
				},
				{
					"name": "Cube71",
					"from": [ -0.2, 10.0, -0.2 ],
					"to": [ 5.2, 10.5, 0.6 ],
					"rotationOrigin": [ -0.2, 10.0, -0.2 ],
					"faces": {
						"north": { "texture": "#zinc", "uv": [ 0.0, 0.0, 5.0, 0.5 ] },
						"east": { "texture": "#zinc", "uv": [ 0.0, 0.0, 0.5, 0.5 ] },
						"south": { "texture": "#zinc", "uv": [ 0.0, 0.0, 5.0, 0.5 ] },
						"west": { "texture": "#zinc", "uv": [ 0.0, 0.0, 0.5, 0.5 ] },
						"up": { "texture": "#zinc", "uv": [ 0.0, 0.0, 5.0, 0.5 ] },
						"down": { "texture": "#zinc", "uv": [ 0.0, 0.0, 5.0, 0.5 ] }
					}
				},
				{
					"name": "Cube72",
					"from": [ -0.2, 11.0, -0.2 ],
					"to": [ 5.2, 11.5, 0.6 ],
					"rotationOrigin": [ -0.2, 11.0, -0.2 ],
					"faces": {
						"north": { "texture": "#zinc", "uv": [ 0.0, 0.0, 5.0, 0.5 ] },
						"east": { "texture": "#zinc", "uv": [ 0.0, 0.0, 0.5, 0.5 ] },
						"south": { "texture": "#zinc", "uv": [ 0.0, 0.0, 5.0, 0.5 ] },
						"west": { "texture": "#zinc", "uv": [ 0.0, 0.0, 0.5, 0.5 ] },
						"up": { "texture": "#zinc", "uv": [ 0.0, 0.0, 5.0, 0.5 ] },
						"down": { "texture": "#zinc", "uv": [ 0.0, 0.0, 5.0, 0.5 ] }
					}
				},
				{
					"name": "Cube73",
					"from": [ -0.2, 12.0, -0.2 ],
					"to": [ 5.2, 12.5, 0.6 ],
					"rotationOrigin": [ -0.2, 12.0, -0.2 ],
					"faces": {
						"north": { "texture": "#zinc", "uv": [ 0.0, 0.0, 5.0, 0.5 ] },
						"east": { "texture": "#zinc", "uv": [ 0.0, 0.0, 0.5, 0.5 ] },
						"south": { "texture": "#zinc", "uv": [ 0.0, 0.0, 5.0, 0.5 ] },
						"west": { "texture": "#zinc", "uv": [ 0.0, 0.0, 0.5, 0.5 ] },
						"up": { "texture": "#zinc", "uv": [ 0.0, 0.0, 5.0, 0.5 ] },
						"down": { "texture": "#zinc", "uv": [ 0.0, 0.0, 5.0, 0.5 ] }
					}
				},
				{
					"name": "Cube74",
					"from": [ -0.2, 13.0, -0.2 ],
					"to": [ 5.2, 13.5, 0.6 ],
					"rotationOrigin": [ -0.2, 13.0, -0.2 ],
					"faces": {
						"north": { "texture": "#zinc", "uv": [ 0.0, 0.0, 5.0, 0.5 ] },
						"east": { "texture": "#zinc", "uv": [ 0.0, 0.0, 0.5, 0.5 ] },
						"south": { "texture": "#zinc", "uv": [ 0.0, 0.0, 5.0, 0.5 ] },
						"west": { "texture": "#zinc", "uv": [ 0.0, 0.0, 0.5, 0.5 ] },
						"up": { "texture": "#zinc", "uv": [ 0.0, 0.0, 5.0, 0.5 ] },
						"down": { "texture": "#zinc", "uv": [ 0.0, 0.0, 5.0, 0.5 ] }
					}
				},
				{
					"name": "Cube75",
					"from": [ -0.2, 14.0, -0.2 ],
					"to": [ 5.2, 14.5, 0.6 ],
					"rotationOrigin": [ -0.2, 14.0, -0.2 ],
					"faces": {
						"north": { "texture": "#zinc", "uv": [ 0.0, 0.0, 5.0, 0.5 ] },
						"east": { "texture": "#zinc", "uv": [ 0.0, 0.0, 0.5, 0.5 ] },
						"south": { "texture": "#zinc", "uv": [ 0.0, 0.0, 5.0, 0.5 ] },
						"west": { "texture": "#zinc", "uv": [ 0.0, 0.0, 0.5, 0.5 ] },
						"up": { "texture": "#zinc", "uv": [ 0.0, 0.0, 5.0, 0.5 ] },
						"down": { "texture": "#zinc", "uv": [ 0.0, 0.0, 5.0, 0.5 ] }
					}
				},
				{
					"name": "Cube76",
					"from": [ -0.2, 15.0, -0.2 ],
					"to": [ 5.2, 15.5, 0.6 ],
					"rotationOrigin": [ -0.2, 15.0, -0.2 ],
					"faces": {
						"north": { "texture": "#zinc", "uv": [ 0.0, 0.0, 5.0, 0.5 ] },
						"east": { "texture": "#zinc", "uv": [ 0.0, 0.0, 0.5, 0.5 ] },
						"south": { "texture": "#zinc", "uv": [ 0.0, 0.0, 5.0, 0.5 ] },
						"west": { "texture": "#zinc", "uv": [ 0.0, 0.0, 0.5, 0.5 ] },
						"up": { "texture": "#zinc", "uv": [ 0.0, 0.0, 5.0, 0.5 ] },
						"down": { "texture": "#zinc", "uv": [ 0.0, 0.0, 5.0, 0.5 ] }
					}
				},
				{
					"name": "Cube77",
					"from": [ -0.2, 16.0, -0.2 ],
					"to": [ 5.2, 16.5, 0.6 ],
					"rotationOrigin": [ -0.2, 16.0, -0.2 ],
					"faces": {
						"north": { "texture": "#zinc", "uv": [ 0.0, 0.0, 5.0, 0.5 ] },
						"east": { "texture": "#zinc", "uv": [ 0.0, 0.0, 0.5, 0.5 ] },
						"south": { "texture": "#zinc", "uv": [ 0.0, 0.0, 5.0, 0.5 ] },
						"west": { "texture": "#zinc", "uv": [ 0.0, 0.0, 0.5, 0.5 ] },
						"up": { "texture": "#zinc", "uv": [ 0.0, 0.0, 5.0, 0.5 ] },
						"down": { "texture": "#zinc", "uv": [ 0.0, 0.0, 5.0, 0.5 ] }
					}
				},
				{
					"name": "Cube78",
					"from": [ -0.2, 17.0, -0.2 ],
					"to": [ 5.2, 17.5, 0.6 ],
					"rotationOrigin": [ -0.2, 17.0, -0.2 ],
					"faces": {
						"north": { "texture": "#zinc", "uv": [ 0.0, 0.0, 5.0, 0.5 ] },
						"east": { "texture": "#zinc", "uv": [ 0.0, 0.0, 0.5, 0.5 ] },
						"south": { "texture": "#zinc", "uv": [ 0.0, 0.0, 5.0, 0.5 ] },
						"west": { "texture": "#zinc", "uv": [ 0.0, 0.0, 0.5, 0.5 ] },
						"up": { "texture": "#zinc", "uv": [ 0.0, 0.0, 5.0, 0.5 ] },
						"down": { "texture": "#zinc", "uv": [ 0.0, 0.0, 5.0, 0.5 ] }
					}
				},
				{
					"name": "Cube79",
					"from": [ -0.2, 18.0, -0.2 ],
					"to": [ 5.2, 18.5, 0.6 ],
					"rotationOrigin": [ -0.2, 18.0, -0.2 ],
					"faces": {
						"north": { "texture": "#zinc", "uv": [ 0.0, 0.0, 5.0, 0.5 ] },
						"east": { "texture": "#zinc", "uv": [ 0.0, 0.0, 0.5, 0.5 ] },
						"south": { "texture": "#zinc", "uv": [ 0.0, 0.0, 5.0, 0.5 ] },
						"west": { "texture": "#zinc", "uv": [ 0.0, 0.0, 0.5, 0.5 ] },
						"up": { "texture": "#zinc", "uv": [ 0.0, 0.0, 5.0, 0.5 ] },
						"down": { "texture": "#zinc", "uv": [ 0.0, 0.0, 5.0, 0.5 ] }
					}
				},
				{
					"name": "Cube80",
					"from": [ -0.2, 19.0, -0.2 ],
					"to": [ 5.2, 19.5, 0.6 ],
					"rotationOrigin": [ -0.2, 19.0, -0.2 ],
					"faces": {
						"north": { "texture": "#zinc", "uv": [ 0.0, 0.0, 5.0, 0.5 ] },
						"east": { "texture": "#zinc", "uv": [ 0.0, 0.0, 0.5, 0.5 ] },
						"south": { "texture": "#zinc", "uv": [ 0.0, 0.0, 5.0, 0.5 ] },
						"west": { "texture": "#zinc", "uv": [ 0.0, 0.0, 0.5, 0.5 ] },
						"up": { "texture": "#zinc", "uv": [ 0.0, 0.0, 5.0, 0.5 ] },
						"down": { "texture": "#zinc", "uv": [ 0.0, 0.0, 5.0, 0.5 ] }
					}
				},
				{
					"name": "Cube81",
					"from": [ -0.2, 20.0, -0.2 ],
					"to": [ 5.2, 20.5, 0.6 ],
					"rotationOrigin": [ -0.2, 20.0, -0.2 ],
					"faces": {
						"north": { "texture": "#zinc", "uv": [ 0.0, 0.0, 5.0, 0.5 ] },
						"east": { "texture": "#zinc", "uv": [ 0.0, 0.0, 0.5, 0.5 ] },
						"south": { "texture": "#zinc", "uv": [ 0.0, 0.0, 5.0, 0.5 ] },
						"west": { "texture": "#zinc", "uv": [ 0.0, 0.0, 0.5, 0.5 ] },
						"up": { "texture": "#zinc", "uv": [ 0.0, 0.0, 5.0, 0.5 ] },
						"down": { "texture": "#zinc", "uv": [ 0.0, 0.0, 5.0, 0.5 ] }
					}
				},
				{
					"name": "Cube82",
					"from": [ -0.2, 21.0, -0.2 ],
					"to": [ 5.2, 21.5, 0.6 ],
					"rotationOrigin": [ -0.2, 21.0, -0.2 ],
					"faces": {
						"north": { "texture": "#zinc", "uv": [ 0.0, 0.0, 5.0, 0.5 ], "windMode": [-1,-1,-1,-1] },
						"east": { "texture": "#zinc", "uv": [ 0.0, 0.0, 0.5, 0.5 ] },
						"south": { "texture": "#zinc", "uv": [ 0.0, 0.0, 5.0, 0.5 ] },
						"west": { "texture": "#zinc", "uv": [ 0.0, 0.0, 0.5, 0.5 ] },
						"up": { "texture": "#zinc", "uv": [ 0.0, 0.0, 5.0, 0.5 ] },
						"down": { "texture": "#zinc", "uv": [ 0.0, 0.0, 5.0, 0.5 ] }
					}
				},
				{
					"name": "Cube95",
					"from": [ 4.8, 16.6, -3.3 ],
					"to": [ 7.8, 17.1, -2.8 ],
					"rotationOrigin": [ 4.8, 16.6, -3.3 ],
					"rotationZ": -90.0,
					"faces": {
						"north": { "texture": "#iron", "uv": [ 0.0, 0.0, 3.0, 0.5 ] },
						"east": { "texture": "#iron", "uv": [ 0.0, 0.0, 0.5, 0.5 ] },
						"south": { "texture": "#iron", "uv": [ 0.0, 0.0, 3.0, 0.5 ] },
						"west": { "texture": "#iron", "uv": [ 0.0, 0.0, 0.5, 0.5 ] },
						"up": { "texture": "#iron", "uv": [ 0.0, 0.0, 3.0, 0.5 ] },
						"down": { "texture": "#iron", "uv": [ 0.0, 0.0, 3.0, 0.5 ] }
					}
				},
				{
					"name": "Cube96",
					"from": [ -0.2, 16.6, -3.3 ],
					"to": [ 2.8, 17.1, -2.8 ],
					"rotationOrigin": [ -0.2, 16.6, -3.3 ],
					"rotationZ": -90.0,
					"faces": {
						"north": { "texture": "#iron", "uv": [ 0.0, 0.0, 3.0, 0.5 ] },
						"east": { "texture": "#iron", "uv": [ 0.0, 0.0, 0.5, 0.5 ] },
						"south": { "texture": "#iron", "uv": [ 0.0, 0.0, 3.0, 0.5 ] },
						"west": { "texture": "#iron", "uv": [ 0.0, 0.0, 0.5, 0.5 ] },
						"up": { "texture": "#iron", "uv": [ 0.0, 0.0, 3.0, 0.5 ] },
						"down": { "texture": "#iron", "uv": [ 0.0, 0.0, 3.0, 0.5 ] }
					}
				},
				{
					"name": "Cube97",
					"from": [ 4.8, 17.0, -3.3 ],
					"to": [ 5.3, 17.5, -0.1 ],
					"rotationOrigin": [ 4.8, 17.0, -3.3 ],
					"rotationZ": -90.0,
					"faces": {
						"north": { "texture": "#iron", "uv": [ 0.0, 0.0, 0.5, 0.5 ] },
						"east": { "texture": "#iron", "uv": [ 0.0, 0.0, 3.0, 0.5 ] },
						"south": { "texture": "#iron", "uv": [ 0.0, 0.0, 0.5, 0.5 ] },
						"west": { "texture": "#iron", "uv": [ 0.0, 0.0, 3.0, 0.5 ] },
						"up": { "texture": "#iron", "uv": [ 0.0, 0.0, 0.5, 3.0 ] },
						"down": { "texture": "#iron", "uv": [ 0.0, 0.0, 0.5, 3.0 ] }
					}
				},
				{
					"name": "Cube98",
					"from": [ 4.8, 14.1, -3.3 ],
					"to": [ 5.3, 14.6, -0.1 ],
					"rotationOrigin": [ 4.8, 14.1, -3.3 ],
					"rotationZ": -90.0,
					"faces": {
						"north": { "texture": "#iron", "uv": [ 0.0, 0.0, 0.5, 0.5 ] },
						"east": { "texture": "#iron", "uv": [ 0.0, 0.0, 3.0, 0.5 ] },
						"south": { "texture": "#iron", "uv": [ 0.0, 0.0, 0.5, 0.5 ] },
						"west": { "texture": "#iron", "uv": [ 0.0, 0.0, 3.0, 0.5 ] },
						"up": { "texture": "#iron", "uv": [ 0.0, 0.0, 0.5, 3.0 ] },
						"down": { "texture": "#iron", "uv": [ 0.0, 0.0, 0.5, 3.0 ] }
					}
				},
				{
					"name": "Cube99",
					"from": [ -0.2, 17.0, -3.3 ],
					"to": [ 0.3, 17.5, -0.1 ],
					"rotationOrigin": [ -0.2, 17.0, -3.3 ],
					"rotationZ": -90.0,
					"faces": {
						"north": { "texture": "#iron", "uv": [ 0.0, 0.0, 0.5, 0.5 ] },
						"east": { "texture": "#iron", "uv": [ 0.0, 0.0, 3.0, 0.5 ] },
						"south": { "texture": "#iron", "uv": [ 0.0, 0.0, 0.5, 0.5 ] },
						"west": { "texture": "#iron", "uv": [ 0.0, 0.0, 3.0, 0.5 ] },
						"up": { "texture": "#iron", "uv": [ 0.0, 0.0, 0.5, 3.0 ] },
						"down": { "texture": "#iron", "uv": [ 0.0, 0.0, 0.5, 3.0 ] }
					}
				},
				{
					"name": "Cube100",
					"from": [ -0.2, 14.1, -3.3 ],
					"to": [ 0.3, 14.6, -0.1 ],
					"rotationOrigin": [ -0.2, 14.1, -3.3 ],
					"rotationZ": -90.0,
					"faces": {
						"north": { "texture": "#iron", "uv": [ 0.0, 0.0, 0.5, 0.5 ] },
						"east": { "texture": "#iron", "uv": [ 0.0, 0.0, 3.0, 0.5 ] },
						"south": { "texture": "#iron", "uv": [ 0.0, 0.0, 0.5, 0.5 ] },
						"west": { "texture": "#iron", "uv": [ 0.0, 0.0, 3.0, 0.5 ] },
						"up": { "texture": "#iron", "uv": [ 0.0, 0.0, 0.5, 3.0 ] },
						"down": { "texture": "#iron", "uv": [ 0.0, 0.0, 0.5, 3.0 ] }
					}
				}
			]
		}
	]}