﻿{
	"editor": {
		"allAngles": false,
		"entityTextureMode": false
	},
	"textureWidth": 16,
	"textureHeight": 16,
	"textureSizes": {
	},
	"textures": {
		"bismuthbronze": "game:block/metal/plate/bismuthbronze",
		"brass": "game:block/metal/plate/brass",
		"red": "game:block/metal/plate/copper",
		"copper": "game:block/metal/plate/copper",
		"gold": "game:block/metal/plate/gold",
		"iron": "game:block/metal/plate/iron",
		"stainlesssteel": "game:block/metal/plate/stainlesssteel",
		"steel": "game:block/metal/plate/steel",
		"uranium": "game:block/metal/plate/uranium",
		"zinc": "game:block/metal/plate/zinc"

	},
	"elements": [
		{
			"name": "origin",
			"from": [ 8.0, 0.7, 7.7 ],
			"to": [ 8.0, 0.7, 7.7 ],
			"rotationOrigin": [ 8.0, 0.0, 8.0 ],
			"faces": {
				"north": { "texture": "#iron", "uv": [ 7.0, 0.5, 7.5, 1.0 ] },
				"east": { "texture": "#iron", "uv": [ 3.0, 12.0, 3.5, 12.5 ] },
				"south": { "texture": "#iron", "uv": [ 13.5, 2.0, 14.0, 2.5 ] },
				"west": { "texture": "#iron", "uv": [ 6.0, 8.5, 6.5, 9.0 ] },
				"up": { "texture": "#iron", "uv": [ 0.0, 0.0, 0.5, 0.5 ] },
				"down": { "texture": "#iron", "uv": [ 8.0, 14.5, 8.5, 15.0 ] }
			},
			"children": [
				{
					"name": "handle",
					"from": [ -9.4, -0.1, -0.2 ],
					"to": [ -5.3, 0.7, 0.8 ],
					"rotationOrigin": [ -10.9, -7.6, 0.3 ],
					"faces": {
						"north": { "texture": "#iron", "uv": [ 6.0, 5.0, 10.0, 5.5 ] },
						"east": { "texture": "#iron", "uv": [ 7.5, 11.5, 8.5, 12.0 ] },
						"south": { "texture": "#iron", "uv": [ 7.5, 9.0, 11.5, 9.5 ] },
						"west": { "texture": "#iron", "uv": [ 10.0, 1.5, 11.0, 2.0 ] },
						"up": { "texture": "#iron", "uv": [ 1.0, 13.0, 5.0, 14.0 ] },
						"down": { "texture": "#iron", "uv": [ 1.0, 0.5, 5.0, 1.5 ] }
					}
				},
				{
					"name": "string 5",
					"from": [ -8.0, -0.2, -0.3 ],
					"to": [ -7.5, 0.8, 0.9 ],
					"rotationOrigin": [ -8.0, -0.2, 1.2 ],
					"rotationX": 1.0,
					"faces": {
						"north": { "texture": "#uranium", "uv": [ 14.0, 12.5, 15.0, 13.0 ], "rotation": 90 },
						"east": { "texture": "#uranium", "uv": [ 14.0, 4.0, 15.0, 5.0 ] },
						"south": { "texture": "#uranium", "uv": [ 11.0, 12.0, 12.0, 12.5 ], "rotation": 90 },
						"west": { "texture": "#uranium", "uv": [ 4.5, 6.5, 5.5, 7.5 ] },
						"up": { "texture": "#uranium", "uv": [ 3.5, 8.0, 4.5, 8.5 ], "rotation": 90 },
						"down": { "texture": "#uranium", "uv": [ 5.0, 13.0, 6.0, 13.5 ], "rotation": 90 }
					},
					"children": [
						{
							"name": "string 17",
							"from": [ 0.6, 0.0, 2.0E-4 ],
							"to": [ 1.1, 1.0, 1.2002 ],
							"rotationOrigin": [ 0.6, 0.0, 1.5 ],
							"faces": {
								"north": { "texture": "#uranium", "uv": [ 12.5, 13.5, 13.5, 14.0 ], "rotation": 90 },
								"east": { "texture": "#uranium", "uv": [ 12.0, 7.5, 13.0, 8.5 ] },
								"south": { "texture": "#uranium", "uv": [ 3.5, 2.5, 4.5, 3.0 ], "rotation": 90 },
								"west": { "texture": "#uranium", "uv": [ 5.5, 8.5, 6.5, 9.5 ] },
								"up": { "texture": "#uranium", "uv": [ 6.0, 6.0, 7.0, 6.5 ], "rotation": 90 },
								"down": { "texture": "#uranium", "uv": [ 4.5, 6.5, 5.5, 7.0 ], "rotation": 90 }
							}
						},
						{
							"name": "string 18",
							"from": [ 1.2, 0.0, 2.0E-4 ],
							"to": [ 1.7, 1.0, 1.2002 ],
							"rotationOrigin": [ 1.2, 0.0, 1.5 ],
							"faces": {
								"north": { "texture": "#uranium", "uv": [ 0.5, 7.5, 1.5, 8.0 ], "rotation": 90 },
								"east": { "texture": "#uranium", "uv": [ 11.0, 0.0, 12.0, 1.0 ] },
								"south": { "texture": "#uranium", "uv": [ 11.5, 2.5, 12.5, 3.0 ], "rotation": 90 },
								"west": { "texture": "#uranium", "uv": [ 8.0, 1.0, 9.0, 2.0 ] },
								"up": { "texture": "#uranium", "uv": [ 13.0, 8.5, 14.0, 9.0 ], "rotation": 90 },
								"down": { "texture": "#uranium", "uv": [ 10.5, 9.0, 11.5, 9.5 ], "rotation": 90 }
							}
						},
						{
							"name": "string 19",
							"from": [ 1.8, 0.0, 2.0E-4 ],
							"to": [ 2.3, 1.0, 1.2002 ],
							"rotationOrigin": [ 1.8, 0.0, 1.5 ],
							"faces": {
								"north": { "texture": "#uranium", "uv": [ 1.0, 2.0, 2.0, 2.5 ], "rotation": 90 },
								"east": { "texture": "#uranium", "uv": [ 11.0, 11.5, 12.0, 12.5 ] },
								"south": { "texture": "#uranium", "uv": [ 4.5, 3.5, 5.5, 4.0 ], "rotation": 90 },
								"west": { "texture": "#uranium", "uv": [ 11.5, 10.5, 12.5, 11.5 ] },
								"up": { "texture": "#uranium", "uv": [ 14.5, 10.0, 15.5, 10.5 ], "rotation": 90 },
								"down": { "texture": "#uranium", "uv": [ 6.5, 4.5, 7.5, 5.0 ], "rotation": 90 }
							}
						},
						{
							"name": "string 20",
							"from": [ 2.7, 0.02, -0.1 ],
							"to": [ 3.0, 0.92, 1.3 ],
							"rotationOrigin": [ 2.7, 0.0, 1.4 ],
							"faces": {
								"north": { "texture": "#steel", "uv": [ 10.0, 14.5, 10.5, 15.0 ], "rotation": 90 },
								"east": { "texture": "#steel", "uv": [ 4.5, 8.5, 5.5, 9.0 ] },
								"south": { "texture": "#steel", "uv": [ 4.0, 12.5, 4.5, 13.0 ], "rotation": 90 },
								"west": { "texture": "#steel", "uv": [ 10.0, 10.0, 11.0, 10.5 ] },
								"up": { "texture": "#steel", "uv": [ 5.0, 0.5, 6.0, 1.0 ], "rotation": 90 },
								"down": { "texture": "#steel", "uv": [ 2.5, 9.5, 3.5, 10.0 ], "rotation": 90 }
							}
						},
						{
							"name": "string 23",
							"from": [ -0.6, 0.0, 2.0E-4 ],
							"to": [ -0.1, 1.0, 1.2002 ],
							"rotationOrigin": [ -0.6, 0.0, 1.5 ],
							"faces": {
								"north": { "texture": "#uranium", "uv": [ 12.5, 0.0, 13.5, 0.5 ], "rotation": 90 },
								"east": { "texture": "#uranium", "uv": [ 8.0, 3.0, 9.0, 4.0 ] },
								"south": { "texture": "#uranium", "uv": [ 13.5, 8.5, 14.5, 9.0 ], "rotation": 90 },
								"west": { "texture": "#uranium", "uv": [ 8.0, 0.0, 9.0, 1.0 ] },
								"up": { "texture": "#uranium", "uv": [ 0.5, 10.0, 1.5, 10.5 ], "rotation": 90 },
								"down": { "texture": "#uranium", "uv": [ 9.5, 10.0, 10.5, 10.5 ], "rotation": 90 }
							}
						},
						{
							"name": "string 24",
							"from": [ -1.2, 0.0, 2.0E-4 ],
							"to": [ -0.7, 1.0, 1.2002 ],
							"rotationOrigin": [ -1.2, 0.0, 1.5 ],
							"faces": {
								"north": { "texture": "#uranium", "uv": [ 10.0, 0.0, 11.0, 0.5 ], "rotation": 90 },
								"east": { "texture": "#uranium", "uv": [ 5.0, 14.0, 6.0, 15.0 ] },
								"south": { "texture": "#uranium", "uv": [ 6.0, 4.5, 7.0, 5.0 ], "rotation": 90 },
								"west": { "texture": "#uranium", "uv": [ 2.5, 13.0, 3.5, 14.0 ] },
								"up": { "texture": "#uranium", "uv": [ 5.5, 0.0, 6.5, 0.5 ], "rotation": 90 },
								"down": { "texture": "#uranium", "uv": [ 14.0, 12.0, 15.0, 12.5 ], "rotation": 90 }
							}
						}
					]
				},
				{
					"name": "hilt",
					"from": [ -5.0, -0.2, -0.8 ],
					"to": [ -3.2, 0.8, 1.4 ],
					"rotationOrigin": [ -5.0, -0.2, -0.8 ],
					"faces": {
						"north": { "texture": "#brass", "uv": [ 10.0, 4.0, 11.5, 5.0 ] },
						"east": { "texture": "#brass", "uv": [ 9.5, 0.5, 11.5, 1.5 ] },
						"south": { "texture": "#brass", "uv": [ 2.0, 8.0, 3.5, 9.0 ] },
						"west": { "texture": "#brass", "uv": [ 3.0, 4.5, 5.0, 5.5 ] },
						"up": { "texture": "#brass", "uv": [ 0.0, 13.5, 2.0, 15.0 ], "rotation": 90 },
						"down": { "texture": "#brass", "uv": [ 9.0, 7.0, 10.5, 9.0 ] }
					},
					"children": [
						{
							"name": "battery",
							"from": [ -0.1, -0.2, 2.2 ],
							"to": [ 2.1, 1.2, 3.6 ],
							"rotationOrigin": [ -0.1, -0.2, 2.2 ],
							"faces": {
								"north": { "texture": "#copper", "uv": [ 4.5, 8.5, 6.5, 9.5 ], "glow": 170, "windMode": [-1,-1,-1,-1] },
								"east": { "texture": "#copper", "uv": [ 3.5, 0.0, 4.5, 1.0 ], "glow": 170, "windMode": [-1,-1,-1,-1] },
								"south": { "texture": "#copper", "uv": [ 3.5, 9.5, 5.5, 10.5 ], "glow": 170, "windMode": [-1,-1,-1,-1] },
								"west": { "texture": "#copper", "uv": [ 2.5, 7.0, 3.5, 8.0 ], "glow": 170, "windMode": [-1,-1,-1,-1] },
								"up": { "texture": "#copper", "uv": [ 10.5, 12.5, 11.5, 14.5 ], "rotation": 90, "glow": 170, "windMode": [-1,-1,-1,-1] },
								"down": { "texture": "#copper", "uv": [ 0.5, 14.0, 2.5, 15.0 ], "glow": 170, "windMode": [-1,-1,-1,-1] }
							},
							"children": [
								{
									"name": "battery26",
									"from": [ -0.05, -0.1, -0.1 ],
									"to": [ 0.15, 1.5, 1.5 ],
									"rotationOrigin": [ -0.1, -0.1, -0.1 ],
									"faces": {
										"north": { "texture": "#zinc", "uv": [ 14.5, 6.5, 15.0, 8.0 ] },
										"east": { "texture": "#zinc", "uv": [ 12.5, 13.0, 14.0, 14.5 ] },
										"south": { "texture": "#zinc", "uv": [ 1.5, 5.5, 2.0, 7.0 ] },
										"west": { "texture": "#zinc", "uv": [ 7.0, 10.5, 8.5, 12.0 ] },
										"up": { "texture": "#zinc", "uv": [ 4.0, 0.0, 5.5, 0.5 ], "rotation": 90 },
										"down": { "texture": "#zinc", "uv": [ 3.0, 7.5, 3.5, 9.0 ] }
									}
								},
								{
									"name": "battery27",
									"from": [ 2.2, 0.1, 0.5 ],
									"to": [ 2.6, 0.5, 0.9 ],
									"rotationOrigin": [ 2.2, 0.1, 0.5 ],
									"faces": {
										"north": { "texture": "#bismuthbronze", "uv": [ 1.5, 12.0, 2.0, 12.5 ] },
										"east": { "texture": "#bismuthbronze", "uv": [ 4.5, 8.0, 5.0, 8.5 ] },
										"south": { "texture": "#bismuthbronze", "uv": [ 0.5, 8.5, 1.0, 9.0 ] },
										"west": { "texture": "#bismuthbronze", "uv": [ 0.0, 6.0, 0.5, 6.5 ] },
										"up": { "texture": "#bismuthbronze", "uv": [ 3.0, 9.5, 3.5, 10.0 ], "rotation": 90 },
										"down": { "texture": "#bismuthbronze", "uv": [ 13.5, 11.5, 14.0, 12.0 ] }
									}
								},
								{
									"name": "battery28",
									"from": [ 2.2, 0.9, 0.5 ],
									"to": [ 2.6, 1.3, 0.9 ],
									"rotationOrigin": [ 2.2, 0.9, 0.5 ],
									"faces": {
										"north": { "texture": "#bismuthbronze", "uv": [ 2.5, 9.5, 3.0, 10.0 ] },
										"east": { "texture": "#bismuthbronze", "uv": [ 14.0, 14.0, 14.5, 14.5 ] },
										"south": { "texture": "#bismuthbronze", "uv": [ 3.5, 9.5, 4.0, 10.0 ] },
										"west": { "texture": "#bismuthbronze", "uv": [ 15.0, 11.0, 15.5, 11.5 ] },
										"up": { "texture": "#bismuthbronze", "uv": [ 3.5, 8.0, 4.0, 8.5 ], "rotation": 90 },
										"down": { "texture": "#bismuthbronze", "uv": [ 2.0, 14.5, 2.5, 15.0 ] }
									}
								},
								{
									"name": "battery29",
									"from": [ 6.2, 0.5, -0.5 ],
									"to": [ 6.6, 0.9, 0.5 ],
									"rotationOrigin": [ 6.2, 0.5, -0.5 ],
									"faces": {
										"north": { "texture": "#zinc", "uv": [ 1.5, 8.0, 2.0, 8.5 ] },
										"east": { "texture": "#zinc", "uv": [ 2.5, 0.0, 3.5, 0.5 ] },
										"south": { "texture": "#zinc", "uv": [ 2.0, 8.0, 2.5, 8.5 ] },
										"west": { "texture": "#zinc", "uv": [ 12.0, 12.0, 13.0, 12.5 ] },
										"up": { "texture": "#zinc", "uv": [ 13.5, 12.0, 14.5, 12.5 ], "rotation": 90 },
										"down": { "texture": "#zinc", "uv": [ 9.5, 12.0, 10.0, 13.0 ] }
									}
								},
								{
									"name": "battery32",
									"from": [ 16.4, 0.5, -0.6 ],
									"to": [ 16.8, 0.9, 0.4 ],
									"rotationOrigin": [ 16.4, 0.5, -0.6 ],
									"faces": {
										"north": { "texture": "#zinc", "uv": [ 5.5, 6.5, 6.0, 7.0 ] },
										"east": { "texture": "#zinc", "uv": [ 11.5, 4.5, 12.5, 5.0 ] },
										"south": { "texture": "#zinc", "uv": [ 0.0, 10.0, 0.5, 10.5 ] },
										"west": { "texture": "#zinc", "uv": [ 6.5, 5.0, 7.5, 5.5 ] },
										"up": { "texture": "#zinc", "uv": [ 1.5, 1.5, 2.5, 2.0 ], "rotation": 90 },
										"down": { "texture": "#zinc", "uv": [ 2.5, 8.0, 3.0, 9.0 ] }
									}
								},
								{
									"name": "wire1",
									"from": [ 2.6, 0.2, 0.6 ],
									"to": [ 3.0, 0.4, 0.8 ],
									"rotationOrigin": [ 2.6, 0.2, 0.6 ],
									"faces": {
										"north": { "texture": "#red", "uv": [ 11.0, 10.5, 13.0, 12.5 ], "glow": 80, "autoUv": false, "windMode": [-1,-1,-1,-1] },
										"east": { "texture": "#red", "uv": [ 12.0, 12.5, 12.5, 13.0 ], "glow": 80, "windMode": [-1,-1,-1,-1] },
										"south": { "texture": "#red", "uv": [ 1.5, 9.0, 2.0, 9.5 ], "glow": 80, "windMode": [-1,-1,-1,-1] },
										"west": { "texture": "#red", "uv": [ 15.0, 13.5, 15.5, 14.0 ], "glow": 80, "windMode": [-1,-1,-1,-1] },
										"up": { "texture": "#red", "uv": [ 8.5, 7.0, 9.0, 7.5 ], "rotation": 90, "glow": 80, "windMode": [-1,-1,-1,-1] },
										"down": { "texture": "#red", "uv": [ 14.0, 8.0, 14.5, 8.5 ], "glow": 80, "windMode": [-1,-1,-1,-1] }
									},
									"children": [
										{
											"name": "wire47",
											"from": [ 0.3, 0.0, 0.0 ],
											"to": [ 0.9, 0.2, 0.2 ],
											"rotationOrigin": [ 0.3, 0.0, 0.0 ],
											"rotationY": 2.0,
											"rotationZ": 2.0,
											"faces": {
												"north": { "texture": "#red", "uv": [ 9.0, 11.5, 11.0, 13.5 ], "glow": 80, "autoUv": false, "windMode": [-1,-1,-1,-1] },
												"east": { "texture": "#red", "uv": [ 15.0, 0.5, 15.5, 1.0 ], "glow": 80, "windMode": [-1,-1,-1,-1] },
												"south": { "texture": "#red", "uv": [ 3.5, 2.5, 4.0, 3.0 ], "glow": 80, "windMode": [-1,-1,-1,-1] },
												"west": { "texture": "#red", "uv": [ 0.0, 5.0, 0.5, 5.5 ], "glow": 80, "windMode": [-1,-1,-1,-1] },
												"up": { "texture": "#red", "uv": [ 6.0, 6.5, 6.5, 7.0 ], "rotation": 90, "glow": 80, "windMode": [-1,-1,-1,-1] },
												"down": { "texture": "#red", "uv": [ 9.5, 11.0, 10.0, 11.5 ], "glow": 80, "windMode": [-1,-1,-1,-1] }
											},
											"children": [
												{
													"name": "wire48",
													"from": [ 0.5, 0.0, 0.0 ],
													"to": [ 1.1, 0.2, 0.2 ],
													"rotationOrigin": [ 0.5, 0.0, 0.0 ],
													"rotationY": 2.0,
													"rotationZ": 2.0,
													"faces": {
														"north": { "texture": "#red", "uv": [ 13.5, 4.5, 15.5, 6.5 ], "glow": 80, "autoUv": false, "windMode": [-1,-1,-1,-1] },
														"east": { "texture": "#red", "uv": [ 4.0, 11.0, 4.5, 11.5 ], "glow": 80, "windMode": [-1,-1,-1,-1] },
														"south": { "texture": "#red", "uv": [ 7.5, 11.0, 8.0, 11.5 ], "glow": 80, "windMode": [-1,-1,-1,-1] },
														"west": { "texture": "#red", "uv": [ 9.5, 3.5, 10.0, 4.0 ], "glow": 80, "windMode": [-1,-1,-1,-1] },
														"up": { "texture": "#red", "uv": [ 1.0, 7.0, 1.5, 7.5 ], "rotation": 90, "glow": 80, "windMode": [-1,-1,-1,-1] },
														"down": { "texture": "#red", "uv": [ 0.0, 15.0, 0.5, 15.5 ], "glow": 80, "windMode": [-1,-1,-1,-1] }
													},
													"children": [
														{
															"name": "wire49",
															"from": [ 0.5, 0.0, 0.0 ],
															"to": [ 1.1, 0.2, 0.2 ],
															"rotationOrigin": [ 0.5, 0.0, 0.0 ],
															"rotationX": 0.0,
															"rotationY": 2.0,
															"rotationZ": 2.0,
															"faces": {
																"north": { "texture": "#red", "uv": [ 1.5, 6.0, 2.0, 6.5 ], "glow": 80, "windMode": [-1,-1,-1,-1] },
																"east": { "texture": "#red", "uv": [ 13.5, 9.0, 14.0, 9.5 ], "glow": 80, "windMode": [-1,-1,-1,-1] },
																"south": { "texture": "#red", "uv": [ 3.5, 8.5, 4.0, 9.0 ], "glow": 80, "windMode": [-1,-1,-1,-1] },
																"west": { "texture": "#red", "uv": [ 1.0, 3.0, 1.5, 3.5 ], "glow": 80, "windMode": [-1,-1,-1,-1] },
																"up": { "texture": "#red", "uv": [ 2.5, 4.0, 3.0, 4.5 ], "rotation": 90, "glow": 80, "windMode": [-1,-1,-1,-1] },
																"down": { "texture": "#red", "uv": [ 13.5, 7.0, 14.0, 7.5 ], "glow": 80, "windMode": [-1,-1,-1,-1] }
															},
															"children": [
																{
																	"name": "wire50",
																	"from": [ 0.5, 0.0, 0.0 ],
																	"to": [ 1.1, 0.2, 0.2 ],
																	"rotationOrigin": [ 0.5, 0.0, 0.0 ],
																	"rotationX": 0.0,
																	"rotationY": 2.0,
																	"rotationZ": 1.0,
																	"faces": {
																		"north": { "texture": "#red", "uv": [ 11.0, 15.0, 11.5, 15.5 ], "glow": 80, "windMode": [-1,-1,-1,-1] },
																		"east": { "texture": "#red", "uv": [ 7.0, 6.0, 7.5, 6.5 ], "glow": 80, "windMode": [-1,-1,-1,-1] },
																		"south": { "texture": "#red", "uv": [ 6.5, 4.0, 7.0, 4.5 ], "glow": 80, "windMode": [-1,-1,-1,-1] },
																		"west": { "texture": "#red", "uv": [ 3.5, 12.5, 4.0, 13.0 ], "glow": 80, "windMode": [-1,-1,-1,-1] },
																		"up": { "texture": "#red", "uv": [ 2.5, 14.5, 3.0, 15.0 ], "rotation": 90, "glow": 80, "windMode": [-1,-1,-1,-1] },
																		"down": { "texture": "#red", "uv": [ 10.0, 10.0, 10.5, 10.5 ], "glow": 80, "windMode": [-1,-1,-1,-1] }
																	},
																	"children": [
																		{
																			"name": "wire51",
																			"from": [ 0.5, 0.0, 0.0 ],
																			"to": [ 1.1, 0.2, 0.2 ],
																			"rotationOrigin": [ 0.5, 0.0, 0.0 ],
																			"rotationX": 0.0,
																			"rotationY": 1.0,
																			"rotationZ": 2.0,
																			"faces": {
																				"north": { "texture": "#red", "uv": [ 3.5, 10.0, 5.5, 12.0 ], "glow": 80, "autoUv": false, "windMode": [-1,-1,-1,-1] },
																				"east": { "texture": "#red", "uv": [ 12.0, 2.5, 12.5, 3.0 ], "glow": 80 },
																				"south": { "texture": "#red", "uv": [ 13.5, 3.0, 14.0, 3.5 ], "glow": 80 },
																				"west": { "texture": "#red", "uv": [ 14.0, 14.5, 14.5, 15.0 ], "glow": 80 },
																				"up": { "texture": "#red", "uv": [ 10.5, 4.0, 11.0, 4.5 ], "rotation": 90, "glow": 80 },
																				"down": { "texture": "#red", "uv": [ 4.5, 0.5, 5.0, 1.0 ], "glow": 80 }
																			},
																			"children": [
																				{
																					"name": "wire52",
																					"from": [ 0.5, 0.0, 0.0 ],
																					"to": [ 1.1, 0.2, 0.2 ],
																					"rotationOrigin": [ 0.5, 0.0, 0.0 ],
																					"rotationX": 0.0,
																					"rotationY": 1.0,
																					"rotationZ": 1.0,
																					"faces": {
																						"north": { "texture": "#red", "uv": [ 11.5, 3.5, 12.0, 4.0 ], "glow": 80 },
																						"east": { "texture": "#red", "uv": [ 11.0, 4.5, 11.5, 5.0 ], "glow": 80 },
																						"south": { "texture": "#red", "uv": [ 8.0, 2.5, 8.5, 3.0 ], "glow": 80 },
																						"west": { "texture": "#red", "uv": [ 2.5, 8.0, 3.0, 8.5 ], "glow": 80 },
																						"up": { "texture": "#red", "uv": [ 15.0, 9.5, 15.5, 10.0 ], "rotation": 90, "glow": 80 },
																						"down": { "texture": "#red", "uv": [ 12.5, 3.0, 13.0, 3.5 ], "glow": 80 }
																					},
																					"children": [
																						{
																							"name": "wire53",
																							"from": [ 0.5, 0.0, 0.0 ],
																							"to": [ 1.1, 0.2, 0.2 ],
																							"rotationOrigin": [ 0.5, 0.0, 0.0 ],
																							"rotationX": 0.0,
																							"rotationY": -9.0,
																							"rotationZ": -3.0,
																							"faces": {
																								"north": { "texture": "#red", "uv": [ 2.5, 1.5, 3.0, 2.0 ], "glow": 80 },
																								"east": { "texture": "#red", "uv": [ 13.0, 11.5, 13.5, 12.0 ], "glow": 80 },
																								"south": { "texture": "#red", "uv": [ 0.0, 0.0, 0.5, 0.5 ], "glow": 80 },
																								"west": { "texture": "#red", "uv": [ 11.5, 1.5, 12.0, 2.0 ], "glow": 80 },
																								"up": { "texture": "#red", "uv": [ 8.0, 13.5, 8.5, 14.0 ], "rotation": 90, "glow": 80 },
																								"down": { "texture": "#red", "uv": [ 14.0, 5.0, 14.5, 5.5 ], "glow": 80 }
																							},
																							"children": [
																								{
																									"name": "wire54",
																									"from": [ 0.7, 0.0, 0.0 ],
																									"to": [ 7.3, 0.2, 0.2 ],
																									"rotationOrigin": [ 0.7, 0.0, 0.0 ],
																									"rotationX": 0.0,
																									"rotationY": -1.0,
																									"rotationZ": -7.0,
																									"faces": {
																										"north": { "texture": "#red", "uv": [ 0.0, 10.5, 6.0, 12.5 ], "glow": 80, "autoUv": false, "windMode": [-1,-1,-1,-1] },
																										"east": { "texture": "#red", "uv": [ 0.0, 2.0, 0.5, 2.5 ], "glow": 80, "windMode": [-1,-1,-1,-1] },
																										"south": { "texture": "#red", "uv": [ 2.5, 14.5, 9.0, 15.0 ], "glow": 80, "windMode": [-1,-1,-1,-1] },
																										"west": { "texture": "#red", "uv": [ 13.0, 6.0, 13.5, 6.5 ], "glow": 80, "windMode": [-1,-1,-1,-1] },
																										"up": { "texture": "#red", "uv": [ 14.5, 2.0, 15.0, 8.5 ], "rotation": 90, "glow": 80, "windMode": [-1,-1,-1,-1] },
																										"down": { "texture": "#red", "uv": [ 1.5, 4.0, 8.0, 4.5 ], "glow": 80, "windMode": [-1,-1,-1,-1] }
																									},
																									"children": [
																										{
																											"name": "wire55",
																											"from": [ 6.5, 0.0, 0.0 ],
																											"to": [ 7.1, 0.2, 0.2 ],
																											"rotationOrigin": [ 6.5, 0.0, 0.0 ],
																											"rotationX": 0.0,
																											"rotationY": 2.0,
																											"rotationZ": 0.0,
																											"faces": {
																												"north": { "texture": "#red", "uv": [ 7.5, 11.0, 9.5, 13.0 ], "glow": 80, "autoUv": false, "windMode": [-1,-1,-1,-1] },
																												"east": { "texture": "#red", "uv": [ 7.5, 3.5, 8.0, 4.0 ], "glow": 80, "windMode": [-1,-1,-1,-1] },
																												"south": { "texture": "#red", "uv": [ 8.5, 12.0, 9.0, 12.5 ], "glow": 80, "windMode": [-1,-1,-1,-1] },
																												"west": { "texture": "#red", "uv": [ 14.5, 13.5, 15.0, 14.0 ], "glow": 80, "windMode": [-1,-1,-1,-1] },
																												"up": { "texture": "#red", "uv": [ 8.0, 11.5, 8.5, 12.0 ], "rotation": 90, "glow": 80, "windMode": [-1,-1,-1,-1] },
																												"down": { "texture": "#red", "uv": [ 7.0, 3.0, 7.5, 3.5 ], "glow": 80, "windMode": [-1,-1,-1,-1] }
																											},
																											"children": [
																												{
																													"name": "wire56",
																													"from": [ 0.5, 0.0, 0.0 ],
																													"to": [ 1.1, 0.2, 0.2 ],
																													"rotationOrigin": [ 0.5, 0.0, 0.0 ],
																													"rotationX": 0.0,
																													"rotationY": 2.0,
																													"rotationZ": 0.0,
																													"faces": {
																														"north": { "texture": "#red", "uv": [ 9.5, 6.5, 10.0, 7.0 ], "glow": 80 },
																														"east": { "texture": "#red", "uv": [ 11.5, 1.5, 13.5, 3.5 ], "glow": 80, "autoUv": false, "windMode": [-1,-1,-1,-1] },
																														"south": { "texture": "#red", "uv": [ 5.5, 10.5, 6.0, 11.0 ], "glow": 80, "windMode": [-1,-1,-1,-1] },
																														"west": { "texture": "#red", "uv": [ 9.5, 14.5, 10.0, 15.0 ], "glow": 80, "windMode": [-1,-1,-1,-1] },
																														"up": { "texture": "#red", "uv": [ 11.5, 2.0, 12.0, 2.5 ], "rotation": 90, "glow": 80, "windMode": [-1,-1,-1,-1] },
																														"down": { "texture": "#red", "uv": [ 5.5, 7.0, 6.0, 7.5 ], "glow": 80, "windMode": [-1,-1,-1,-1] }
																													},
																													"children": [
																														{
																															"name": "wire57",
																															"from": [ 0.5, 0.0, 0.0 ],
																															"to": [ 1.1, 0.2, 0.2 ],
																															"rotationOrigin": [ 0.5, 0.0, 0.0 ],
																															"rotationX": 0.0,
																															"rotationY": 2.0,
																															"rotationZ": 0.0,
																															"faces": {
																																"north": { "texture": "#red", "uv": [ 2.5, 11.0, 3.0, 11.5 ], "glow": 80 },
																																"east": { "texture": "#red", "uv": [ 4.0, 8.0, 6.0, 10.0 ], "glow": 80, "autoUv": false, "windMode": [-1,-1,-1,-1] },
																																"south": { "texture": "#red", "uv": [ 11.5, 2.5, 12.0, 3.0 ], "glow": 80, "windMode": [-1,-1,-1,-1] },
																																"west": { "texture": "#red", "uv": [ 10.0, 3.5, 10.5, 4.0 ], "glow": 80, "windMode": [-1,-1,-1,-1] },
																																"up": { "texture": "#red", "uv": [ 9.0, 3.0, 9.5, 3.5 ], "rotation": 90, "glow": 80, "windMode": [-1,-1,-1,-1] },
																																"down": { "texture": "#red", "uv": [ 1.0, 5.5, 1.5, 6.0 ], "glow": 80, "windMode": [-1,-1,-1,-1] }
																															},
																															"children": [
																																{
																																	"name": "wire58",
																																	"from": [ 0.5, 0.0, 0.0 ],
																																	"to": [ 1.1, 0.2, 0.2 ],
																																	"rotationOrigin": [ 0.5, 0.0, 0.0 ],
																																	"rotationX": 0.0,
																																	"rotationY": -2.0,
																																	"rotationZ": 0.0,
																																	"faces": {
																																		"north": { "texture": "#red", "uv": [ 13.5, 2.0, 14.0, 2.5 ], "glow": 80 },
																																		"east": { "texture": "#red", "uv": [ 5.0, 8.0, 7.0, 10.0 ], "glow": 80, "autoUv": false, "windMode": [-1,-1,-1,-1] },
																																		"south": { "texture": "#red", "uv": [ 8.5, 8.5, 9.0, 9.0 ], "glow": 80, "windMode": [-1,-1,-1,-1] },
																																		"west": { "texture": "#red", "uv": [ 8.5, 11.0, 9.0, 11.5 ], "glow": 80, "windMode": [-1,-1,-1,-1] },
																																		"up": { "texture": "#red", "uv": [ 10.0, 4.0, 10.5, 4.5 ], "rotation": 90, "glow": 80, "windMode": [-1,-1,-1,-1] },
																																		"down": { "texture": "#red", "uv": [ 6.5, 12.0, 7.0, 12.5 ], "glow": 80, "windMode": [-1,-1,-1,-1] }
																																	},
																																	"children": [
																																		{
																																			"name": "wire59",
																																			"from": [ 0.5, 0.0, 0.0 ],
																																			"to": [ 1.1, 0.2, 0.2 ],
																																			"rotationOrigin": [ 0.5, 0.0, 0.0 ],
																																			"rotationX": 0.0,
																																			"rotationY": -2.0,
																																			"rotationZ": 0.0,
																																			"faces": {
																																				"north": { "texture": "#red", "uv": [ 11.0, 0.5, 11.5, 1.0 ], "glow": 80 },
																																				"east": { "texture": "#red", "uv": [ 13.0, 3.5, 15.0, 5.5 ], "glow": 80, "autoUv": false, "windMode": [-1,-1,-1,-1] },
																																				"south": { "texture": "#red", "uv": [ 1.5, 2.0, 2.0, 2.5 ], "glow": 80, "windMode": [-1,-1,-1,-1] },
																																				"west": { "texture": "#red", "uv": [ 3.5, 8.5, 4.0, 9.0 ], "glow": 80, "windMode": [-1,-1,-1,-1] },
																																				"up": { "texture": "#red", "uv": [ 2.0, 14.5, 2.5, 15.0 ], "rotation": 90, "glow": 80, "windMode": [-1,-1,-1,-1] },
																																				"down": { "texture": "#red", "uv": [ 6.0, 1.0, 6.5, 1.5 ], "glow": 80, "windMode": [-1,-1,-1,-1] }
																																			},
																																			"children": [
																																				{
																																					"name": "wire60",
																																					"from": [ 0.5, 0.0, 0.0 ],
																																					"to": [ 1.4, 0.2, 0.2 ],
																																					"rotationOrigin": [ 0.5, 0.0, 0.0 ],
																																					"rotationX": 0.0,
																																					"rotationY": -2.0,
																																					"rotationZ": 0.0,
																																					"faces": {
																																						"north": { "texture": "#red", "uv": [ 9.0, 2.0, 9.5, 2.5 ], "glow": 80 },
																																						"east": { "texture": "#red", "uv": [ 5.5, 0.5, 7.5, 2.5 ], "glow": 80, "autoUv": false, "windMode": [-1,-1,-1,-1] },
																																						"south": { "texture": "#red", "uv": [ 13.5, 8.0, 14.0, 8.5 ], "glow": 80, "windMode": [-1,-1,-1,-1] },
																																						"west": { "texture": "#red", "uv": [ 10.5, 7.0, 11.0, 7.5 ], "glow": 80, "windMode": [-1,-1,-1,-1] },
																																						"up": { "texture": "#red", "uv": [ 6.0, 14.5, 6.5, 15.0 ], "rotation": 90, "glow": 80, "windMode": [-1,-1,-1,-1] },
																																						"down": { "texture": "#red", "uv": [ 3.0, 1.0, 3.5, 1.5 ], "glow": 80, "windMode": [-1,-1,-1,-1] }
																																					},
																																					"children": [
																																						{
																																							"name": "wire61",
																																							"from": [ 0.9, 0.0, 0.0 ],
																																							"to": [ 1.6, 0.2, 0.2 ],
																																							"rotationOrigin": [ 0.9, 0.0, 0.0 ],
																																							"rotationX": 0.0,
																																							"rotationY": -6.0,
																																							"rotationZ": 0.0,
																																							"faces": {
																																								"north": { "texture": "#red", "uv": [ 4.0, 3.0, 4.5, 3.5 ], "glow": 80, "windMode": [-1,-1,-1,-1] },
																																								"east": { "texture": "#red", "uv": [ 2.5, 5.5, 3.0, 6.0 ], "glow": 80, "windMode": [-1,-1,-1,-1] },
																																								"south": { "texture": "#red", "uv": [ 11.0, 13.0, 11.5, 13.5 ], "glow": 80, "windMode": [-1,-1,-1,-1] },
																																								"west": { "texture": "#red", "uv": [ 11.0, 9.5, 11.5, 10.0 ], "glow": 80, "windMode": [-1,-1,-1,-1] },
																																								"up": { "texture": "#red", "uv": [ 11.5, 1.0, 12.0, 1.5 ], "rotation": 90, "glow": 80, "windMode": [-1,-1,-1,-1] },
																																								"down": { "texture": "#red", "uv": [ 4.5, 4.0, 5.0, 4.5 ], "glow": 80, "windMode": [-1,-1,-1,-1] }
																																							},
																																							"children": [
																																								{
																																									"name": "wire62",
																																									"from": [ 0.6, 0.0, 0.0 ],
																																									"to": [ 1.3, 0.2, 0.2 ],
																																									"rotationOrigin": [ 0.6, 0.0, 0.0 ],
																																									"rotationX": 0.0,
																																									"rotationY": -6.0,
																																									"rotationZ": 0.0,
																																									"faces": {
																																										"north": { "texture": "#red", "uv": [ 0.0, 9.5, 0.5, 10.0 ], "glow": 80, "windMode": [-1,-1,-1,-1] },
																																										"east": { "texture": "#red", "uv": [ 14.5, 12.5, 15.0, 13.0 ], "glow": 80, "windMode": [-1,-1,-1,-1] },
																																										"south": { "texture": "#red", "uv": [ 14.0, 6.0, 14.5, 6.5 ], "glow": 80, "windMode": [-1,-1,-1,-1] },
																																										"west": { "texture": "#red", "uv": [ 1.0, 14.0, 1.5, 14.5 ], "glow": 800, "windMode": [-1,-1,-1,-1] },
																																										"up": { "texture": "#red", "uv": [ 13.5, 0.0, 14.0, 0.5 ], "rotation": 90, "glow": 80, "windMode": [-1,-1,-1,-1] },
																																										"down": { "texture": "#red", "uv": [ 14.5, 15.0, 15.0, 15.5 ], "glow": 80, "windMode": [-1,-1,-1,-1] }
																																									},
																																									"children": [
																																										{
																																											"name": "wire63",
																																											"from": [ 0.6, 0.0, 0.0 ],
																																											"to": [ 1.3, 0.2, 0.2 ],
																																											"rotationOrigin": [ 0.6, 0.0, 0.0 ],
																																											"rotationX": 0.0,
																																											"rotationY": -6.0,
																																											"rotationZ": 0.0,
																																											"faces": {
																																												"north": { "texture": "#red", "uv": [ 11.5, 15.0, 12.0, 15.5 ], "glow": 80, "windMode": [-1,-1,-1,-1] },
																																												"east": { "texture": "#red", "uv": [ 1.5, 12.0, 2.0, 12.5 ], "glow": 80, "windMode": [-1,-1,-1,-1] },
																																												"south": { "texture": "#red", "uv": [ 5.0, 13.5, 5.5, 14.0 ], "glow": 80, "windMode": [-1,-1,-1,-1] },
																																												"west": { "texture": "#red", "uv": [ 11.0, 1.5, 11.5, 2.0 ], "glow": 80, "windMode": [-1,-1,-1,-1] },
																																												"up": { "texture": "#red", "uv": [ 8.0, 1.5, 8.5, 2.0 ], "rotation": 90, "glow": 80, "windMode": [-1,-1,-1,-1] },
																																												"down": { "texture": "#red", "uv": [ 7.5, 14.5, 8.0, 15.0 ], "glow": 80, "windMode": [-1,-1,-1,-1] }
																																											},
																																											"children": [
																																												{
																																													"name": "wire64",
																																													"from": [ 0.5, 0.0, 0.0 ],
																																													"to": [ 1.0, 0.2, 0.2 ],
																																													"rotationOrigin": [ 0.5, 0.0, 0.0 ],
																																													"rotationX": 0.0,
																																													"rotationY": 6.0,
																																													"rotationZ": 0.0,
																																													"faces": {
																																														"north": { "texture": "#red", "uv": [ 11.0, 10.5, 11.5, 11.0 ], "glow": 80, "windMode": [-1,-1,-1,-1] },
																																														"east": { "texture": "#red", "uv": [ 9.5, 6.0, 10.0, 6.5 ], "glow": 80, "windMode": [-1,-1,-1,-1] },
																																														"south": { "texture": "#red", "uv": [ 15.0, 9.0, 15.5, 9.5 ], "glow": 80, "windMode": [-1,-1,-1,-1] },
																																														"west": { "texture": "#red", "uv": [ 8.0, 9.5, 8.5, 10.0 ], "glow": 80, "windMode": [-1,-1,-1,-1] },
																																														"up": { "texture": "#red", "uv": [ 0.0, 3.0, 0.5, 3.5 ], "rotation": 90, "glow": 80, "windMode": [-1,-1,-1,-1] },
																																														"down": { "texture": "#red", "uv": [ 10.0, 7.5, 10.5, 8.0 ], "glow": 80, "windMode": [-1,-1,-1,-1] }
																																													},
																																													"children": [
																																														{
																																															"name": "wire65",
																																															"from": [ 0.4, 0.0, 0.0 ],
																																															"to": [ 0.9, 0.2, 0.2 ],
																																															"rotationOrigin": [ 0.4, 0.0, 0.0 ],
																																															"rotationX": 0.0,
																																															"rotationY": 7.0,
																																															"rotationZ": 0.0,
																																															"faces": {
																																																"north": { "texture": "#red", "uv": [ 9.0, 9.0, 11.0, 11.0 ], "glow": 80, "autoUv": false, "windMode": [-1,-1,-1,-1] },
																																																"east": { "texture": "#red", "uv": [ 12.5, 1.0, 13.0, 1.5 ], "glow": 80, "windMode": [-1,-1,-1,-1] },
																																																"south": { "texture": "#red", "uv": [ 0.0, 9.5, 0.5, 10.0 ], "glow": 80, "windMode": [-1,-1,-1,-1] },
																																																"west": { "texture": "#red", "uv": [ 13.0, 13.0, 13.5, 13.5 ], "glow": 80, "windMode": [-1,-1,-1,-1] },
																																																"up": { "texture": "#red", "uv": [ 3.5, 6.0, 4.0, 6.5 ], "rotation": 90, "glow": 80, "windMode": [-1,-1,-1,-1] },
																																																"down": { "texture": "#red", "uv": [ 13.0, 3.0, 13.5, 3.5 ], "glow": 80, "windMode": [-1,-1,-1,-1] }
																																															},
																																															"children": [
																																																{
																																																	"name": "wire66",
																																																	"from": [ 0.4, 0.0, 0.0 ],
																																																	"to": [ 0.9, 0.2, 0.2 ],
																																																	"rotationOrigin": [ 0.4, 0.0, 0.0 ],
																																																	"rotationX": 0.0,
																																																	"rotationY": 7.0,
																																																	"rotationZ": 0.0,
																																																	"faces": {
																																																		"north": { "texture": "#red", "uv": [ 12.5, 5.0, 14.5, 7.0 ], "glow": 80, "autoUv": false, "windMode": [-1,-1,-1,-1] },
																																																		"east": { "texture": "#red", "uv": [ 0.5, 6.5, 1.0, 7.0 ], "glow": 80, "windMode": [-1,-1,-1,-1] },
																																																		"south": { "texture": "#red", "uv": [ 5.0, 8.5, 5.5, 9.0 ], "glow": 80, "windMode": [-1,-1,-1,-1] },
																																																		"west": { "texture": "#red", "uv": [ 14.0, 12.5, 14.5, 13.0 ], "glow": 80, "windMode": [-1,-1,-1,-1] },
																																																		"up": { "texture": "#red", "uv": [ 6.5, 11.5, 7.0, 12.0 ], "rotation": 90, "glow": 80, "windMode": [-1,-1,-1,-1] },
																																																		"down": { "texture": "#red", "uv": [ 5.0, 3.5, 5.5, 4.0 ], "glow": 80, "windMode": [-1,-1,-1,-1] }
																																																	},
																																																	"children": [
																																																		{
																																																			"name": "wire67",
																																																			"from": [ 0.4, 0.0, 0.0 ],
																																																			"to": [ 0.9, 0.2, 0.2 ],
																																																			"rotationOrigin": [ 0.4, 0.0, 0.0 ],
																																																			"rotationX": 0.0,
																																																			"rotationY": 9.0,
																																																			"rotationZ": 0.0,
																																																			"faces": {
																																																				"north": { "texture": "#red", "uv": [ 1.5, 10.5, 2.0, 11.0 ], "glow": 80, "windMode": [-1,-1,-1,-1] },
																																																				"east": { "texture": "#red", "uv": [ 3.5, 13.5, 4.0, 14.0 ], "glow": 80, "windMode": [-1,-1,-1,-1] },
																																																				"south": { "texture": "#red", "uv": [ 14.0, 1.5, 14.5, 2.0 ], "glow": 80, "windMode": [-1,-1,-1,-1] },
																																																				"west": { "texture": "#red", "uv": [ 10.0, 8.0, 10.5, 8.5 ], "glow": 80, "windMode": [-1,-1,-1,-1] },
																																																				"up": { "texture": "#red", "uv": [ 14.0, 6.5, 14.5, 7.0 ], "rotation": 90, "glow": 80, "windMode": [-1,-1,-1,-1] },
																																																				"down": { "texture": "#red", "uv": [ 4.5, 0.5, 5.0, 1.0 ], "glow": 80, "windMode": [-1,-1,-1,-1] }
																																																			},
																																																			"children": [
																																																				{
																																																					"name": "wire68",
																																																					"from": [ 0.3, 0.0, 0.0 ],
																																																					"to": [ 0.8, 0.2, 0.2 ],
																																																					"rotationOrigin": [ 0.3, 0.0, 0.0 ],
																																																					"rotationX": 0.0,
																																																					"rotationY": 9.0,
																																																					"rotationZ": 0.0,
																																																					"faces": {
																																																						"north": { "texture": "#red", "uv": [ 12.5, 9.0, 14.5, 11.0 ], "glow": 80, "autoUv": false, "windMode": [-1,-1,-1,-1] },
																																																						"east": { "texture": "#red", "uv": [ 6.0, 13.0, 6.5, 13.5 ], "glow": 80, "windMode": [-1,-1,-1,-1] },
																																																						"south": { "texture": "#red", "uv": [ 14.0, 5.0, 14.5, 5.5 ], "glow": 80, "windMode": [-1,-1,-1,-1] },
																																																						"west": { "texture": "#red", "uv": [ 2.5, 13.5, 3.0, 14.0 ], "glow": 80, "windMode": [-1,-1,-1,-1] },
																																																						"up": { "texture": "#red", "uv": [ 2.5, 3.0, 3.0, 3.5 ], "rotation": 90, "glow": 80, "windMode": [-1,-1,-1,-1] },
																																																						"down": { "texture": "#red", "uv": [ 5.5, 11.5, 6.0, 12.0 ], "glow": 80, "windMode": [-1,-1,-1,-1] }
																																																					},
																																																					"children": [
																																																						{
																																																							"name": "wire69",
																																																							"from": [ 0.3, 0.0, 0.0 ],
																																																							"to": [ 0.8, 0.2, 0.2 ],
																																																							"rotationOrigin": [ 0.2999, 0.0, 0.0 ],
																																																							"rotationX": 0.0,
																																																							"rotationY": 12.0,
																																																							"rotationZ": 0.0,
																																																							"faces": {
																																																								"north": { "texture": "#red", "uv": [ 8.5, 11.0, 9.0, 11.5 ], "glow": 80, "windMode": [-1,-1,-1,-1] },
																																																								"east": { "texture": "#red", "uv": [ 10.0, 3.0, 10.5, 3.5 ], "glow": 80, "windMode": [-1,-1,-1,-1] },
																																																								"south": { "texture": "#red", "uv": [ 15.0, 7.5, 15.5, 8.0 ], "glow": 80, "windMode": [-1,-1,-1,-1] },
																																																								"west": { "texture": "#red", "uv": [ 7.0, 13.0, 7.5, 13.5 ], "glow": 80, "windMode": [-1,-1,-1,-1] },
																																																								"up": { "texture": "#red", "uv": [ 8.5, 13.5, 9.0, 14.0 ], "rotation": 90, "glow": 80, "windMode": [-1,-1,-1,-1] },
																																																								"down": { "texture": "#red", "uv": [ 15.0, 10.0, 15.5, 10.5 ], "glow": 80, "windMode": [-1,-1,-1,-1] }
																																																							},
																																																							"children": [
																																																								{
																																																									"name": "wire70",
																																																									"from": [ 0.4, 0.0, 0.0 ],
																																																									"to": [ 0.6, 0.2, 0.2 ],
																																																									"rotationOrigin": [ 0.3999, 0.0, 0.0 ],
																																																									"rotationX": 0.0,
																																																									"rotationY": 22.5,
																																																									"rotationZ": 0.0,
																																																									"faces": {
																																																										"north": { "texture": "#red", "uv": [ 0.0, 2.0, 0.5, 2.5 ], "glow": 80 },
																																																										"east": { "texture": "#red", "uv": [ 6.5, 10.0, 8.5, 12.0 ], "glow": 80, "autoUv": false, "windMode": [-1,-1,-1,-1] },
																																																										"south": { "texture": "#red", "uv": [ 10.5, 14.5, 11.0, 15.0 ], "glow": 80, "windMode": [-1,-1,-1,-1] },
																																																										"west": { "texture": "#red", "uv": [ 4.5, 10.0, 5.0, 10.5 ], "glow": 80, "windMode": [-1,-1,-1,-1] },
																																																										"up": { "texture": "#red", "uv": [ 10.0, 7.5, 10.5, 8.0 ], "rotation": 90, "glow": 80, "windMode": [-1,-1,-1,-1] },
																																																										"down": { "texture": "#red", "uv": [ 0.0, 14.5, 0.5, 15.0 ], "glow": 80, "windMode": [-1,-1,-1,-1] }
																																																									}
																																																								}
																																																							]
																																																						}
																																																					]
																																																				}
																																																			]
																																																		}
																																																	]
																																																}
																																															]
																																														}
																																													]
																																												}
																																											]
																																										}
																																									]
																																								}
																																							]
																																						}
																																					]
																																				}
																																			]
																																		}
																																	]
																																}
																															]
																														}
																													]
																												}
																											]
																										}
																									]
																								}
																							]
																						}
																					]
																				}
																			]
																		}
																	]
																}
															]
														}
													]
												}
											]
										}
									]
								},
								{
									"name": "wire2",
									"from": [ 2.6, 1.0, 0.6 ],
									"to": [ 3.0, 1.2, 0.8 ],
									"rotationOrigin": [ 2.6, 1.0, 0.6 ],
									"faces": {
										"north": { "texture": "#gold", "uv": [ 5.5, 1.0, 7.5, 3.0 ], "glow": 120, "autoUv": false, "windMode": [-1,-1,-1,-1] },
										"east": { "texture": "#gold", "uv": [ 7.0, 12.5, 7.5, 13.0 ], "glow": 120, "windMode": [-1,-1,-1,-1] },
										"south": { "texture": "#gold", "uv": [ 3.0, 13.0, 3.5, 13.5 ], "glow": 120, "windMode": [-1,-1,-1,-1] },
										"west": { "texture": "#gold", "uv": [ 12.5, 13.5, 13.0, 14.0 ], "glow": 120, "windMode": [-1,-1,-1,-1] },
										"up": { "texture": "#gold", "uv": [ 8.5, 3.0, 9.0, 3.5 ], "rotation": 90, "glow": 120, "windMode": [-1,-1,-1,-1] },
										"down": { "texture": "#gold", "uv": [ 11.0, 15.0, 11.5, 15.5 ], "glow": 120, "windMode": [-1,-1,-1,-1] }
									},
									"children": [
										{
											"name": "wire35",
											"from": [ 0.3, 0.0, 0.0 ],
											"to": [ 0.7, 0.2, 0.2 ],
											"rotationOrigin": [ 0.3, 0.0, 0.0 ],
											"rotationY": 5.0,
											"rotationZ": -3.0,
											"faces": {
												"north": { "texture": "#gold", "uv": [ 12.0, 2.0, 14.0, 4.0 ], "glow": 120, "autoUv": false, "windMode": [-1,-1,-1,-1] },
												"east": { "texture": "#gold", "uv": [ 11.0, 6.5, 11.5, 7.0 ], "glow": 120, "windMode": [-1,-1,-1,-1] },
												"south": { "texture": "#gold", "uv": [ 9.5, 7.0, 10.0, 7.5 ], "glow": 120, "windMode": [-1,-1,-1,-1] },
												"west": { "texture": "#gold", "uv": [ 10.5, 15.0, 11.0, 15.5 ], "glow": 120, "windMode": [-1,-1,-1,-1] },
												"up": { "texture": "#gold", "uv": [ 3.5, 11.5, 4.0, 12.0 ], "rotation": 90, "glow": 120, "windMode": [-1,-1,-1,-1] },
												"down": { "texture": "#gold", "uv": [ 4.0, 5.0, 4.5, 5.5 ], "glow": 120, "windMode": [-1,-1,-1,-1] }
											},
											"children": [
												{
													"name": "wire36",
													"from": [ 0.3, 0.0, 0.0 ],
													"to": [ 0.7, 0.2, 0.2 ],
													"rotationOrigin": [ 0.2977, 0.026, 0.0261 ],
													"rotationX": 0.0,
													"rotationY": 0.0,
													"rotationZ": -2.0,
													"faces": {
														"north": { "texture": "#gold", "uv": [ 1.0, 4.0, 1.5, 4.5 ], "glow": 120, "windMode": [-1,-1,-1,-1] },
														"east": { "texture": "#gold", "uv": [ 9.0, 3.0, 9.5, 3.5 ], "glow": 120, "windMode": [-1,-1,-1,-1] },
														"south": { "texture": "#gold", "uv": [ 11.0, 8.5, 11.5, 9.0 ], "glow": 120, "windMode": [-1,-1,-1,-1] },
														"west": { "texture": "#gold", "uv": [ 8.0, 13.5, 8.5, 14.0 ], "glow": 120, "windMode": [-1,-1,-1,-1] },
														"up": { "texture": "#gold", "uv": [ 2.5, 13.0, 3.0, 13.5 ], "rotation": 90, "glow": 120, "windMode": [-1,-1,-1,-1] },
														"down": { "texture": "#gold", "uv": [ 2.0, 10.0, 2.5, 10.5 ], "glow": 120, "windMode": [-1,-1,-1,-1] }
													},
													"children": [
														{
															"name": "wire37",
															"from": [ 0.3, 3.0E-4, 0.0 ],
															"to": [ 0.7, 0.2003, 0.2 ],
															"rotationOrigin": [ 0.3, 0.026, 0.0261 ],
															"rotationX": 0.0,
															"rotationY": 0.0,
															"rotationZ": -2.0,
															"faces": {
																"north": { "texture": "#gold", "uv": [ 13.0, 10.5, 15.0, 12.5 ], "glow": 120, "autoUv": false, "windMode": [-1,-1,-1,-1] },
																"east": { "texture": "#gold", "uv": [ 3.0, 5.0, 3.5, 5.5 ], "glow": 120, "windMode": [-1,-1,-1,-1] },
																"south": { "texture": "#gold", "uv": [ 14.0, 8.0, 14.5, 8.5 ], "glow": 120, "windMode": [-1,-1,-1,-1] },
																"west": { "texture": "#gold", "uv": [ 5.5, 14.5, 6.0, 15.0 ], "glow": 120, "windMode": [-1,-1,-1,-1] },
																"up": { "texture": "#gold", "uv": [ 9.0, 12.0, 9.5, 12.5 ], "rotation": 90, "glow": 120, "windMode": [-1,-1,-1,-1] },
																"down": { "texture": "#gold", "uv": [ 13.5, 10.0, 14.0, 10.5 ], "glow": 120, "windMode": [-1,-1,-1,-1] }
															},
															"children": [
																{
																	"name": "wire38",
																	"from": [ 0.3, 1.0E-4, 0.0 ],
																	"to": [ 0.7, 0.2001, 0.2 ],
																	"rotationOrigin": [ 0.3, 0.0257, 0.0261 ],
																	"rotationX": 0.0,
																	"rotationY": 5.0,
																	"rotationZ": -2.0,
																	"faces": {
																		"north": { "texture": "#gold", "uv": [ 6.5, 5.0, 7.0, 5.5 ], "glow": 120, "windMode": [-1,-1,-1,-1] },
																		"east": { "texture": "#gold", "uv": [ 3.0, 14.5, 3.5, 15.0 ], "glow": 120, "windMode": [-1,-1,-1,-1] },
																		"south": { "texture": "#gold", "uv": [ 14.5, 9.5, 15.0, 10.0 ], "glow": 120, "windMode": [-1,-1,-1,-1] },
																		"west": { "texture": "#gold", "uv": [ 9.0, 3.5, 9.5, 4.0 ], "glow": 120, "windMode": [-1,-1,-1,-1] },
																		"up": { "texture": "#gold", "uv": [ 14.5, 9.0, 15.0, 9.5 ], "rotation": 90, "glow": 120, "windMode": [-1,-1,-1,-1] },
																		"down": { "texture": "#gold", "uv": [ 6.5, 13.5, 7.0, 14.0 ], "glow": 120, "windMode": [-1,-1,-1,-1] }
																	},
																	"children": [
																		{
																			"name": "wire39",
																			"from": [ 0.3, 1.0E-4, 1.0E-4 ],
																			"to": [ 0.7, 0.2001, 0.2001 ],
																			"rotationOrigin": [ 0.3, 0.0257, 0.0261 ],
																			"rotationX": 0.0,
																			"rotationY": 4.0,
																			"rotationZ": -2.0,
																			"faces": {
																				"north": { "texture": "#gold", "uv": [ 5.0, 12.0, 7.0, 14.0 ], "glow": 120, "autoUv": false, "windMode": [-1,-1,-1,-1] },
																				"east": { "texture": "#gold", "uv": [ 2.0, 9.5, 2.5, 10.0 ], "glow": 120, "windMode": [-1,-1,-1,-1] },
																				"south": { "texture": "#gold", "uv": [ 13.5, 13.5, 14.0, 14.0 ], "glow": 120, "windMode": [-1,-1,-1,-1] },
																				"west": { "texture": "#gold", "uv": [ 8.5, 10.5, 9.0, 11.0 ], "glow": 120, "windMode": [-1,-1,-1,-1] },
																				"up": { "texture": "#gold", "uv": [ 3.0, 10.0, 3.5, 10.5 ], "rotation": 90, "glow": 120, "windMode": [-1,-1,-1,-1] },
																				"down": { "texture": "#gold", "uv": [ 12.0, 12.0, 12.5, 12.5 ], "glow": 120, "windMode": [-1,-1,-1,-1] }
																			},
																			"children": [
																				{
																					"name": "wire40",
																					"from": [ 0.3, 1.0E-4, 0.0 ],
																					"to": [ 0.7, 0.2001, 0.2 ],
																					"rotationOrigin": [ 0.3, 0.0256, 0.0261 ],
																					"rotationX": 0.0,
																					"rotationY": 2.0,
																					"rotationZ": -2.0,
																					"faces": {
																						"north": { "texture": "#gold", "uv": [ 2.5, 2.0, 4.5, 4.0 ], "glow": 120, "autoUv": false, "windMode": [-1,-1,-1,-1] },
																						"east": { "texture": "#gold", "uv": [ 1.0, 11.0, 1.5, 11.5 ], "glow": 120, "windMode": [-1,-1,-1,-1] },
																						"south": { "texture": "#gold", "uv": [ 14.5, 15.0, 15.0, 15.5 ], "glow": 120, "windMode": [-1,-1,-1,-1] },
																						"west": { "texture": "#gold", "uv": [ 13.5, 1.0, 14.0, 1.5 ], "glow": 120, "windMode": [-1,-1,-1,-1] },
																						"up": { "texture": "#gold", "uv": [ 5.5, 0.0, 6.0, 0.5 ], "rotation": 90, "glow": 120, "windMode": [-1,-1,-1,-1] },
																						"down": { "texture": "#gold", "uv": [ 13.0, 3.0, 13.5, 3.5 ], "glow": 120, "windMode": [-1,-1,-1,-1] }
																					},
																					"children": [
																						{
																							"name": "wire41",
																							"from": [ 0.3, 0.0, 0.0 ],
																							"to": [ 0.7, 0.2, 0.2 ],
																							"rotationOrigin": [ 0.3, 0.0255, 0.026 ],
																							"rotationX": 0.0,
																							"rotationY": 3.0,
																							"rotationZ": -2.0,
																							"faces": {
																								"north": { "texture": "#gold", "uv": [ 7.5, 13.0, 9.5, 15.0 ], "glow": 120, "autoUv": false, "windMode": [-1,-1,-1,-1] },
																								"east": { "texture": "#gold", "uv": [ 14.0, 7.0, 14.5, 7.5 ], "glow": 120, "windMode": [-1,-1,-1,-1] },
																								"south": { "texture": "#gold", "uv": [ 4.5, 9.0, 5.0, 9.5 ], "glow": 120, "windMode": [-1,-1,-1,-1] },
																								"west": { "texture": "#gold", "uv": [ 15.0, 7.5, 15.5, 8.0 ], "glow": 120, "windMode": [-1,-1,-1,-1] },
																								"up": { "texture": "#gold", "uv": [ 12.5, 0.5, 13.0, 1.0 ], "rotation": 90, "glow": 120, "windMode": [-1,-1,-1,-1] },
																								"down": { "texture": "#gold", "uv": [ 3.0, 8.0, 3.5, 8.5 ], "glow": 120, "windMode": [-1,-1,-1,-1] }
																							},
																							"children": [
																								{
																									"name": "wire42",
																									"from": [ 0.3, 0.0, 0.0 ],
																									"to": [ 0.7, 0.2, 0.2 ],
																									"rotationOrigin": [ 0.3, 0.0255, 0.026 ],
																									"rotationX": 0.0,
																									"rotationY": 2.0,
																									"rotationZ": 6.0,
																									"faces": {
																										"north": { "texture": "#gold", "uv": [ 2.0, 2.5, 4.0, 4.5 ], "glow": 120, "autoUv": false, "windMode": [-1,-1,-1,-1] },
																										"east": { "texture": "#gold", "uv": [ 10.5, 9.5, 11.0, 10.0 ], "glow": 120, "windMode": [-1,-1,-1,-1] },
																										"south": { "texture": "#gold", "uv": [ 14.0, 12.0, 14.5, 12.5 ], "glow": 120, "windMode": [-1,-1,-1,-1] },
																										"west": { "texture": "#gold", "uv": [ 13.0, 2.0, 13.5, 2.5 ], "glow": 120, "windMode": [-1,-1,-1,-1] },
																										"up": { "texture": "#gold", "uv": [ 14.5, 7.5, 15.0, 8.0 ], "rotation": 90, "glow": 120, "windMode": [-1,-1,-1,-1] },
																										"down": { "texture": "#gold", "uv": [ 1.5, 2.0, 2.0, 2.5 ], "glow": 120, "windMode": [-1,-1,-1,-1] }
																									},
																									"children": [
																										{
																											"name": "wire43",
																											"from": [ 0.3, 3.0E-4, 1.0E-4 ],
																											"to": [ 0.7, 0.2003, 0.2001 ],
																											"rotationOrigin": [ 0.3, 0.0256, 0.026 ],
																											"rotationX": 0.0,
																											"rotationY": 6.0,
																											"rotationZ": 3.0,
																											"faces": {
																												"north": { "texture": "#gold", "uv": [ 13.0, 9.5, 15.0, 11.5 ], "glow": 120, "autoUv": false, "windMode": [-1,-1,-1,-1] },
																												"east": { "texture": "#gold", "uv": [ 9.0, 13.5, 9.5, 14.0 ], "glow": 120, "windMode": [-1,-1,-1,-1] },
																												"south": { "texture": "#gold", "uv": [ 9.0, 5.5, 9.5, 6.0 ], "glow": 120, "windMode": [-1,-1,-1,-1] },
																												"west": { "texture": "#gold", "uv": [ 1.0, 0.0, 1.5, 0.5 ], "glow": 120, "windMode": [-1,-1,-1,-1] },
																												"up": { "texture": "#gold", "uv": [ 11.0, 4.5, 11.5, 5.0 ], "rotation": 90, "glow": 120, "windMode": [-1,-1,-1,-1] },
																												"down": { "texture": "#gold", "uv": [ 10.5, 3.0, 11.0, 3.5 ], "glow": 120, "windMode": [-1,-1,-1,-1] }
																											},
																											"children": [
																												{
																													"name": "wire44",
																													"from": [ 0.3, -1.0E-4, 1.0E-4 ],
																													"to": [ 0.7, 0.1999, 0.2001 ],
																													"rotationOrigin": [ 0.3, 0.0252, 0.0259 ],
																													"rotationX": 0.0,
																													"rotationY": 4.0,
																													"rotationZ": 4.0,
																													"faces": {
																														"north": { "texture": "#gold", "uv": [ 8.5, 12.0, 9.0, 12.5 ], "glow": 120, "windMode": [-1,-1,-1,-1] },
																														"east": { "texture": "#gold", "uv": [ 13.5, 4.0, 14.0, 4.5 ], "glow": 120, "windMode": [-1,-1,-1,-1] },
																														"south": { "texture": "#gold", "uv": [ 3.5, 4.5, 4.0, 5.0 ], "glow": 120, "windMode": [-1,-1,-1,-1] },
																														"west": { "texture": "#gold", "uv": [ 13.0, 2.0, 13.5, 2.5 ], "glow": 120, "windMode": [-1,-1,-1,-1] },
																														"up": { "texture": "#gold", "uv": [ 10.0, 9.0, 10.5, 9.5 ], "rotation": 90, "glow": 120, "windMode": [-1,-1,-1,-1] },
																														"down": { "texture": "#gold", "uv": [ 11.0, 5.5, 11.5, 6.0 ], "glow": 120, "windMode": [-1,-1,-1,-1] }
																													}
																												}
																											]
																										}
																									]
																								}
																							]
																						}
																					]
																				}
																			]
																		}
																	]
																}
															]
														}
													]
												}
											]
										}
									]
								},
								{
									"name": "battery45",
									"from": [ 5.5, 0.49, -0.4 ],
									"to": [ 5.92, 0.91, 0.0 ],
									"rotationOrigin": [ 5.5, 0.5, -0.4 ],
									"faces": {
										"north": { "texture": "#zinc", "uv": [ 13.0, 12.5, 13.5, 13.0 ] },
										"east": { "texture": "#zinc", "uv": [ 5.0, 4.0, 5.5, 4.5 ] },
										"south": { "texture": "#zinc", "uv": [ 7.0, 5.5, 7.5, 6.0 ] },
										"west": { "texture": "#zinc", "uv": [ 2.5, 0.0, 3.0, 0.5 ] },
										"up": { "texture": "#zinc", "uv": [ 4.0, 3.0, 4.5, 3.5 ], "rotation": 90 },
										"down": { "texture": "#zinc", "uv": [ 0.0, 14.5, 0.5, 15.0 ] }
									}
								},
								{
									"name": "battery46",
									"from": [ 20.1, 0.49, -0.2 ],
									"to": [ 20.52, 0.91, 0.2 ],
									"rotationOrigin": [ 20.1, 0.5, -0.2 ],
									"faces": {
										"north": { "texture": "#zinc", "uv": [ 11.0, 4.0, 11.5, 4.5 ] },
										"east": { "texture": "#zinc", "uv": [ 6.5, 0.5, 7.0, 1.0 ] },
										"south": { "texture": "#zinc", "uv": [ 9.0, 4.5, 9.5, 5.0 ] },
										"west": { "texture": "#zinc", "uv": [ 3.0, 5.0, 3.5, 5.5 ] },
										"up": { "texture": "#zinc", "uv": [ 6.0, 9.0, 6.5, 9.5 ], "rotation": 90 },
										"down": { "texture": "#zinc", "uv": [ 9.0, 2.5, 9.5, 3.0 ] }
									}
								},
								{
									"name": "battery30",
									"from": [ 6.8, 0.5, -0.5 ],
									"to": [ 7.2, 0.9, 0.5 ],
									"rotationOrigin": [ 6.8, 0.5, -0.5 ],
									"faces": {
										"north": { "texture": "#zinc", "uv": [ 9.0, 2.5, 9.5, 3.0 ] },
										"east": { "texture": "#zinc", "uv": [ 5.5, 5.0, 6.5, 5.5 ] },
										"south": { "texture": "#zinc", "uv": [ 11.5, 12.5, 12.0, 13.0 ] },
										"west": { "texture": "#zinc", "uv": [ 5.5, 7.5, 6.5, 8.0 ] },
										"up": { "texture": "#zinc", "uv": [ 12.5, 0.5, 13.5, 1.0 ], "rotation": 90 },
										"down": { "texture": "#zinc", "uv": [ 3.5, 11.0, 4.0, 12.0 ] }
									}
								},
								{
									"name": "battery31",
									"from": [ 7.4, 0.5, -0.5 ],
									"to": [ 7.8, 0.9, 0.5 ],
									"rotationOrigin": [ 7.4, 0.5, -0.5 ],
									"faces": {
										"north": { "texture": "#zinc", "uv": [ 14.0, 7.5, 14.5, 8.0 ] },
										"east": { "texture": "#zinc", "uv": [ 0.0, 11.5, 1.0, 12.0 ] },
										"south": { "texture": "#zinc", "uv": [ 9.5, 0.5, 10.0, 1.0 ] },
										"west": { "texture": "#zinc", "uv": [ 5.5, 3.5, 6.5, 4.0 ] },
										"up": { "texture": "#zinc", "uv": [ 12.0, 15.0, 13.0, 15.5 ], "rotation": 90 },
										"down": { "texture": "#zinc", "uv": [ 2.0, 8.0, 2.5, 9.0 ] }
									}
								},
								{
									"name": "battery33",
									"from": [ 8.0, 0.5, -0.5 ],
									"to": [ 8.4, 0.9, 0.5 ],
									"rotationOrigin": [ 8.0, 0.5, -0.5 ],
									"faces": {
										"north": { "texture": "#zinc", "uv": [ 10.0, 14.5, 10.5, 15.0 ] },
										"east": { "texture": "#zinc", "uv": [ 1.5, 4.0, 2.5, 4.5 ] },
										"south": { "texture": "#zinc", "uv": [ 13.0, 14.5, 13.5, 15.0 ] },
										"west": { "texture": "#zinc", "uv": [ 2.5, 4.5, 3.5, 5.0 ] },
										"up": { "texture": "#zinc", "uv": [ 9.0, 1.5, 10.0, 2.0 ], "rotation": 90 },
										"down": { "texture": "#zinc", "uv": [ 3.5, 4.0, 4.0, 5.0 ] }
									}
								},
								{
									"name": "battery34",
									"from": [ 8.6, 0.5, -0.5 ],
									"to": [ 9.0, 0.9, 0.5 ],
									"rotationOrigin": [ 8.6, 0.5, -0.5 ],
									"faces": {
										"north": { "texture": "#zinc", "uv": [ 10.0, 11.5, 10.5, 12.0 ] },
										"east": { "texture": "#zinc", "uv": [ 3.5, 15.0, 4.5, 15.5 ] },
										"south": { "texture": "#zinc", "uv": [ 12.0, 2.5, 12.5, 3.0 ] },
										"west": { "texture": "#zinc", "uv": [ 12.5, 12.0, 13.5, 12.5 ] },
										"up": { "texture": "#zinc", "uv": [ 4.5, 5.5, 5.5, 6.0 ], "rotation": 90 },
										"down": { "texture": "#zinc", "uv": [ 3.0, 0.0, 3.5, 1.0 ] }
									}
								},
								{
									"name": "battery35",
									"from": [ 9.2, 0.5, -0.5 ],
									"to": [ 9.6, 0.9, 0.5 ],
									"rotationOrigin": [ 9.2, 0.5, -0.5 ],
									"faces": {
										"north": { "texture": "#zinc", "uv": [ 5.5, 15.0, 6.0, 15.5 ] },
										"east": { "texture": "#zinc", "uv": [ 0.5, 7.5, 1.5, 8.0 ] },
										"south": { "texture": "#zinc", "uv": [ 5.5, 9.0, 6.0, 9.5 ] },
										"west": { "texture": "#zinc", "uv": [ 6.0, 9.0, 7.0, 9.5 ] },
										"up": { "texture": "#zinc", "uv": [ 2.5, 8.5, 3.5, 9.0 ], "rotation": 90 },
										"down": { "texture": "#zinc", "uv": [ 6.5, 5.5, 7.0, 6.5 ] }
									}
								},
								{
									"name": "battery36",
									"from": [ 9.8, 0.5, -0.5 ],
									"to": [ 10.2, 0.9, 0.5 ],
									"rotationOrigin": [ 9.8, 0.5, -0.5 ],
									"faces": {
										"north": { "texture": "#zinc", "uv": [ 11.0, 3.5, 11.5, 4.0 ] },
										"east": { "texture": "#zinc", "uv": [ 13.5, 11.0, 14.5, 11.5 ] },
										"south": { "texture": "#zinc", "uv": [ 4.5, 12.0, 5.0, 12.5 ] },
										"west": { "texture": "#zinc", "uv": [ 2.5, 14.0, 3.5, 14.5 ] },
										"up": { "texture": "#zinc", "uv": [ 12.5, 10.5, 13.5, 11.0 ], "rotation": 90 },
										"down": { "texture": "#zinc", "uv": [ 12.5, 2.5, 13.0, 3.5 ] }
									}
								},
								{
									"name": "battery37",
									"from": [ 10.4, 0.5, -0.5 ],
									"to": [ 10.8, 0.9, 0.5 ],
									"rotationOrigin": [ 10.4, 0.5, -0.5 ],
									"faces": {
										"north": { "texture": "#zinc", "uv": [ 9.0, 6.0, 9.5, 6.5 ] },
										"east": { "texture": "#zinc", "uv": [ 5.0, 5.5, 6.0, 6.0 ] },
										"south": { "texture": "#zinc", "uv": [ 12.0, 6.0, 12.5, 6.5 ] },
										"west": { "texture": "#zinc", "uv": [ 6.0, 6.0, 7.0, 6.5 ] },
										"up": { "texture": "#zinc", "uv": [ 14.0, 2.5, 15.0, 3.0 ], "rotation": 90 },
										"down": { "texture": "#zinc", "uv": [ 13.5, 5.0, 14.0, 6.0 ] }
									}
								},
								{
									"name": "battery38",
									"from": [ 11.0, 0.5, -0.5 ],
									"to": [ 11.4, 0.9, 0.5 ],
									"rotationOrigin": [ 11.0, 0.5, -0.5 ],
									"faces": {
										"north": { "texture": "#zinc", "uv": [ 9.0, 3.5, 9.5, 4.0 ] },
										"east": { "texture": "#zinc", "uv": [ 3.5, 7.5, 4.5, 8.0 ] },
										"south": { "texture": "#zinc", "uv": [ 9.5, 6.5, 10.0, 7.0 ] },
										"west": { "texture": "#zinc", "uv": [ 6.5, 14.0, 7.5, 14.5 ] },
										"up": { "texture": "#zinc", "uv": [ 4.0, 12.0, 5.0, 12.5 ], "rotation": 90 },
										"down": { "texture": "#zinc", "uv": [ 13.5, 6.0, 14.0, 7.0 ] }
									}
								},
								{
									"name": "battery39",
									"from": [ 11.6, 0.5, -0.5 ],
									"to": [ 12.0, 0.9, 0.5 ],
									"rotationOrigin": [ 11.6, 0.5, -0.5 ],
									"faces": {
										"north": { "texture": "#zinc", "uv": [ 9.0, 2.5, 9.5, 3.0 ] },
										"east": { "texture": "#zinc", "uv": [ 11.5, 13.5, 12.5, 14.0 ] },
										"south": { "texture": "#zinc", "uv": [ 0.5, 0.5, 1.0, 1.0 ] },
										"west": { "texture": "#zinc", "uv": [ 7.5, 10.0, 8.5, 10.5 ] },
										"up": { "texture": "#zinc", "uv": [ 5.5, 0.5, 6.5, 1.0 ], "rotation": 90 },
										"down": { "texture": "#zinc", "uv": [ 8.0, 12.0, 8.5, 13.0 ] }
									}
								},
								{
									"name": "battery40",
									"from": [ 12.2, 0.5, -0.5 ],
									"to": [ 12.6, 0.9, 0.5 ],
									"rotationOrigin": [ 12.2, 0.5, -0.5 ],
									"faces": {
										"north": { "texture": "#zinc", "uv": [ 7.5, 2.0, 8.0, 2.5 ] },
										"east": { "texture": "#zinc", "uv": [ 4.0, 3.5, 5.0, 4.0 ] },
										"south": { "texture": "#zinc", "uv": [ 0.5, 0.5, 1.0, 1.0 ] },
										"west": { "texture": "#zinc", "uv": [ 3.0, 10.5, 4.0, 11.0 ] },
										"up": { "texture": "#zinc", "uv": [ 1.5, 0.5, 2.5, 1.0 ], "rotation": 90 },
										"down": { "texture": "#zinc", "uv": [ 14.0, 5.0, 14.5, 6.0 ] }
									}
								},
								{
									"name": "battery41",
									"from": [ 12.8, 0.5, -0.5 ],
									"to": [ 13.2, 0.9, 0.5 ],
									"rotationOrigin": [ 12.8, 0.5, -0.5 ],
									"faces": {
										"north": { "texture": "#zinc", "uv": [ 13.0, 2.0, 13.5, 2.5 ] },
										"east": { "texture": "#zinc", "uv": [ 1.0, 2.5, 2.0, 3.0 ] },
										"south": { "texture": "#zinc", "uv": [ 5.0, 0.5, 5.5, 1.0 ] },
										"west": { "texture": "#zinc", "uv": [ 11.5, 9.5, 12.5, 10.0 ] },
										"up": { "texture": "#zinc", "uv": [ 10.5, 9.5, 11.5, 10.0 ], "rotation": 90 },
										"down": { "texture": "#zinc", "uv": [ 1.0, 4.0, 1.5, 5.0 ] }
									}
								},
								{
									"name": "battery42",
									"from": [ 13.4, 0.5, -0.5 ],
									"to": [ 13.8, 0.9, 0.5 ],
									"rotationOrigin": [ 13.4, 0.5, -0.5 ],
									"faces": {
										"north": { "texture": "#zinc", "uv": [ 9.5, 7.0, 10.0, 7.5 ] },
										"east": { "texture": "#zinc", "uv": [ 5.5, 13.5, 6.5, 14.0 ] },
										"south": { "texture": "#zinc", "uv": [ 4.0, 4.5, 4.5, 5.0 ] },
										"west": { "texture": "#zinc", "uv": [ 5.5, 2.0, 6.5, 2.5 ] },
										"up": { "texture": "#zinc", "uv": [ 5.0, 12.5, 6.0, 13.0 ], "rotation": 90 },
										"down": { "texture": "#zinc", "uv": [ 9.5, 2.5, 10.0, 3.5 ] }
									}
								},
								{
									"name": "battery43",
									"from": [ 14.0, 0.5, -0.5 ],
									"to": [ 14.4, 0.9, 0.45 ],
									"rotationOrigin": [ 14.0, 0.5, -0.5 ],
									"faces": {
										"north": { "texture": "#zinc", "uv": [ 4.0, 13.5, 4.5, 14.0 ] },
										"east": { "texture": "#zinc", "uv": [ 4.0, 5.5, 4.5, 6.0 ] },
										"south": { "texture": "#zinc", "uv": [ 5.0, 4.0, 5.5, 4.5 ] },
										"west": { "texture": "#zinc", "uv": [ 13.5, 11.5, 14.0, 12.0 ] },
										"up": { "texture": "#zinc", "uv": [ 13.0, 9.0, 13.5, 9.5 ], "rotation": 90 },
										"down": { "texture": "#zinc", "uv": [ 1.0, 5.0, 1.5, 5.5 ] }
									}
								},
								{
									"name": "battery44",
									"from": [ 14.6, 0.5, -0.5 ],
									"to": [ 15.0, 0.9, 0.4 ],
									"rotationOrigin": [ 14.6, 0.5, -0.5 ],
									"faces": {
										"north": { "texture": "#zinc", "uv": [ 9.5, 10.5, 10.0, 11.0 ] },
										"east": { "texture": "#zinc", "uv": [ 0.0, 4.5, 0.5, 5.0 ] },
										"south": { "texture": "#zinc", "uv": [ 9.0, 9.0, 9.5, 9.5 ] },
										"west": { "texture": "#zinc", "uv": [ 13.0, 11.5, 13.5, 12.0 ] },
										"up": { "texture": "#zinc", "uv": [ 5.0, 0.5, 5.5, 1.0 ], "rotation": 90 },
										"down": { "texture": "#zinc", "uv": [ 12.5, 9.5, 13.0, 10.0 ] }
									}
								},
								{
									"name": "battery47",
									"from": [ 15.2, 0.5, -0.5 ],
									"to": [ 15.6, 0.9, 0.4 ],
									"rotationOrigin": [ 15.2, 0.5, -0.5 ],
									"faces": {
										"north": { "texture": "#zinc", "uv": [ 11.5, 14.5, 12.0, 15.0 ] },
										"east": { "texture": "#zinc", "uv": [ 10.0, 1.0, 10.5, 1.5 ] },
										"south": { "texture": "#zinc", "uv": [ 13.0, 3.0, 13.5, 3.5 ] },
										"west": { "texture": "#zinc", "uv": [ 3.0, 1.5, 3.5, 2.0 ] },
										"up": { "texture": "#zinc", "uv": [ 3.5, 7.5, 4.0, 8.0 ], "rotation": 90 },
										"down": { "texture": "#zinc", "uv": [ 2.0, 4.0, 2.5, 4.5 ] }
									}
								},
								{
									"name": "battery48",
									"from": [ 15.8, 0.5, -0.5 ],
									"to": [ 16.2, 0.9, 0.4 ],
									"rotationOrigin": [ 15.8, 0.5, -0.5 ],
									"faces": {
										"north": { "texture": "#zinc", "uv": [ 8.0, 13.5, 8.5, 14.0 ] },
										"east": { "texture": "#zinc", "uv": [ 8.5, 7.5, 9.0, 8.0 ] },
										"south": { "texture": "#zinc", "uv": [ 5.5, 9.5, 6.0, 10.0 ] },
										"west": { "texture": "#zinc", "uv": [ 9.5, 11.0, 10.0, 11.5 ] },
										"up": { "texture": "#zinc", "uv": [ 6.0, 0.0, 6.5, 0.5 ], "rotation": 90 },
										"down": { "texture": "#zinc", "uv": [ 0.0, 0.5, 0.5, 1.0 ] }
									}
								},
								{
									"name": "battery49",
									"from": [ 0.3, -0.1, -0.1 ],
									"to": [ 0.4, 1.5, 1.5 ],
									"rotationOrigin": [ 0.3, -0.1, -0.1 ],
									"faces": {
										"north": { "texture": "#zinc", "uv": [ 13.5, 0.5, 14.0, 2.0 ] },
										"east": { "texture": "#zinc", "uv": [ 8.5, 5.0, 10.0, 6.5 ] },
										"south": { "texture": "#zinc", "uv": [ 12.0, 9.5, 12.5, 11.0 ] },
										"west": { "texture": "#zinc", "uv": [ 13.5, 9.5, 15.0, 11.0 ] },
										"up": { "texture": "#zinc", "uv": [ 5.5, 14.0, 7.0, 14.5 ], "rotation": 90 },
										"down": { "texture": "#zinc", "uv": [ 1.0, 12.5, 1.5, 14.0 ] }
									}
								},
								{
									"name": "battery50",
									"from": [ 0.5, -0.1, -0.1 ],
									"to": [ 0.6, 1.5, 1.5 ],
									"rotationOrigin": [ 0.5, -0.1, -0.1 ],
									"faces": {
										"north": { "texture": "#zinc", "uv": [ 13.5, 8.0, 14.0, 9.5 ] },
										"east": { "texture": "#zinc", "uv": [ 0.5, 11.0, 2.0, 12.5 ] },
										"south": { "texture": "#zinc", "uv": [ 13.5, 14.0, 14.0, 15.5 ] },
										"west": { "texture": "#zinc", "uv": [ 5.5, 11.0, 7.0, 12.5 ] },
										"up": { "texture": "#zinc", "uv": [ 11.5, 6.0, 13.0, 6.5 ], "rotation": 90 },
										"down": { "texture": "#zinc", "uv": [ 6.5, 11.5, 7.0, 13.0 ] }
									}
								},
								{
									"name": "battery51",
									"from": [ 0.7, -0.1, -0.1 ],
									"to": [ 0.8, 1.5, 1.5 ],
									"rotationOrigin": [ 0.7, -0.1, -0.1 ],
									"faces": {
										"north": { "texture": "#zinc", "uv": [ 6.0, 6.0, 6.5, 7.5 ] },
										"east": { "texture": "#zinc", "uv": [ 14.0, 4.5, 15.5, 6.0 ] },
										"south": { "texture": "#zinc", "uv": [ 8.0, 1.0, 8.5, 2.5 ] },
										"west": { "texture": "#zinc", "uv": [ 9.5, 1.5, 11.0, 3.0 ] },
										"up": { "texture": "#zinc", "uv": [ 3.0, 0.0, 4.5, 0.5 ], "rotation": 90 },
										"down": { "texture": "#zinc", "uv": [ 6.5, 12.0, 7.0, 13.5 ] }
									}
								},
								{
									"name": "battery52",
									"from": [ 0.9, -0.1, -0.1 ],
									"to": [ 1.0, 1.5, 1.5 ],
									"rotationOrigin": [ 0.9, -0.1, -0.1 ],
									"faces": {
										"north": { "texture": "#zinc", "uv": [ 14.0, 3.0, 14.5, 4.5 ] },
										"east": { "texture": "#zinc", "uv": [ 1.0, 0.0, 2.5, 1.5 ] },
										"south": { "texture": "#zinc", "uv": [ 2.5, 10.0, 3.0, 11.5 ] },
										"west": { "texture": "#zinc", "uv": [ 13.5, 10.0, 15.0, 11.5 ] },
										"up": { "texture": "#zinc", "uv": [ 12.0, 0.0, 13.5, 0.5 ], "rotation": 90 },
										"down": { "texture": "#zinc", "uv": [ 13.0, 10.0, 13.5, 11.5 ] }
									}
								},
								{
									"name": "battery53",
									"from": [ 1.1, -0.1, -0.1 ],
									"to": [ 1.2, 1.5, 1.5 ],
									"rotationOrigin": [ 1.1, -0.1, -0.1 ],
									"faces": {
										"north": { "texture": "#zinc", "uv": [ 11.0, 8.5, 11.5, 10.0 ] },
										"east": { "texture": "#zinc", "uv": [ 0.0, 4.0, 1.5, 5.5 ] },
										"south": { "texture": "#zinc", "uv": [ 4.5, 4.0, 5.0, 5.5 ] },
										"west": { "texture": "#zinc", "uv": [ 13.5, 2.0, 15.0, 3.5 ] },
										"up": { "texture": "#zinc", "uv": [ 1.5, 9.0, 3.0, 9.5 ], "rotation": 90 },
										"down": { "texture": "#zinc", "uv": [ 6.5, 1.5, 7.0, 3.0 ] }
									}
								},
								{
									"name": "battery54",
									"from": [ 1.3, -0.1, -0.1 ],
									"to": [ 1.4, 1.5, 1.5 ],
									"rotationOrigin": [ 1.3, -0.1, -0.1 ],
									"faces": {
										"north": { "texture": "#zinc", "uv": [ 11.0, 11.5, 11.5, 13.0 ] },
										"east": { "texture": "#zinc", "uv": [ 3.0, 12.5, 4.5, 14.0 ] },
										"south": { "texture": "#zinc", "uv": [ 15.0, 7.5, 15.5, 9.0 ] },
										"west": { "texture": "#zinc", "uv": [ 12.5, 10.5, 14.0, 12.0 ] },
										"up": { "texture": "#zinc", "uv": [ 4.5, 6.5, 6.0, 7.0 ], "rotation": 90 },
										"down": { "texture": "#zinc", "uv": [ 12.5, 2.5, 13.0, 4.0 ] }
									}
								},
								{
									"name": "battery55",
									"from": [ 1.5, -0.1, -0.1 ],
									"to": [ 1.6, 1.5, 1.5 ],
									"rotationOrigin": [ 1.5, -0.1, -0.1 ],
									"faces": {
										"north": { "texture": "#zinc", "uv": [ 6.5, 14.0, 7.0, 15.5 ] },
										"east": { "texture": "#zinc", "uv": [ 1.5, 12.5, 3.0, 14.0 ] },
										"south": { "texture": "#zinc", "uv": [ 7.5, 12.0, 8.0, 13.5 ] },
										"west": { "texture": "#zinc", "uv": [ 7.0, 12.5, 8.5, 14.0 ] },
										"up": { "texture": "#zinc", "uv": [ 2.5, 9.0, 4.0, 9.5 ], "rotation": 90 },
										"down": { "texture": "#zinc", "uv": [ 2.0, 6.5, 2.5, 8.0 ] }
									}
								},
								{
									"name": "battery56",
									"from": [ 1.7, -0.1, -0.1 ],
									"to": [ 1.8, 1.5, 1.5 ],
									"rotationOrigin": [ 1.7, -0.1, -0.1 ],
									"faces": {
										"north": { "texture": "#zinc", "uv": [ 11.5, 7.0, 12.0, 8.5 ] },
										"east": { "texture": "#zinc", "uv": [ 11.5, 12.0, 13.0, 13.5 ] },
										"south": { "texture": "#zinc", "uv": [ 12.5, 10.0, 13.0, 11.5 ] },
										"west": { "texture": "#zinc", "uv": [ 0.5, 7.0, 2.0, 8.5 ] },
										"up": { "texture": "#zinc", "uv": [ 2.5, 5.5, 4.0, 6.0 ], "rotation": 90 },
										"down": { "texture": "#zinc", "uv": [ 0.0, 4.5, 0.5, 6.0 ] }
									}
								},
								{
									"name": "battery57",
									"from": [ 1.9, -0.1, -0.1 ],
									"to": [ 2.0, 1.5, 1.5 ],
									"rotationOrigin": [ 1.9, -0.1, -0.1 ],
									"faces": {
										"north": { "texture": "#zinc", "uv": [ 5.0, 12.0, 5.5, 13.5 ] },
										"east": { "texture": "#zinc", "uv": [ 0.0, 9.0, 1.5, 10.5 ] },
										"south": { "texture": "#zinc", "uv": [ 11.5, 1.0, 12.0, 2.5 ] },
										"west": { "texture": "#zinc", "uv": [ 2.0, 6.0, 3.5, 7.5 ] },
										"up": { "texture": "#zinc", "uv": [ 12.0, 10.5, 13.5, 11.0 ], "rotation": 90 },
										"down": { "texture": "#zinc", "uv": [ 5.5, 10.5, 6.0, 12.0 ] }
									}
								},
								{
									"name": "battery58",
									"from": [ 2.1, -0.1, -0.1 ],
									"to": [ 2.3, 1.5, 1.5 ],
									"rotationOrigin": [ 2.1, -0.1, -0.1 ],
									"faces": {
										"north": { "texture": "#zinc", "uv": [ 4.0, 7.0, 4.5, 8.5 ] },
										"east": { "texture": "#zinc", "uv": [ 5.5, 10.0, 7.0, 11.5 ] },
										"south": { "texture": "#zinc", "uv": [ 6.0, 1.5, 6.5, 3.0 ] },
										"west": { "texture": "#zinc", "uv": [ 1.0, 7.5, 2.5, 9.0 ] },
										"up": { "texture": "#zinc", "uv": [ 1.0, 8.0, 2.5, 8.5 ], "rotation": 90 },
										"down": { "texture": "#zinc", "uv": [ 3.0, 1.5, 3.5, 3.0 ] }
									}
								}
							]
						}
					]
				},
				{
					"name": "handle end",
					"from": [ -10.0, -0.3, -0.3 ],
					"to": [ -9.4, 0.9, 0.9 ],
					"rotationOrigin": [ -10.0, -0.3, -0.3 ],
					"faces": {
						"north": { "texture": "#steel", "uv": [ 9.5, 12.0, 10.0, 13.0 ] },
						"east": { "texture": "#steel", "uv": [ 1.5, 6.5, 2.5, 7.5 ] },
						"south": { "texture": "#steel", "uv": [ 9.5, 1.5, 10.0, 2.5 ] },
						"west": { "texture": "#steel", "uv": [ 12.0, 1.5, 13.0, 2.5 ] },
						"up": { "texture": "#steel", "uv": [ 11.0, 13.0, 11.5, 14.0 ] },
						"down": { "texture": "#steel", "uv": [ 14.0, 8.5, 14.5, 9.5 ] }
					},
					"children": [
						{
							"name": "handle end71",
							"from": [ -0.2, 0.2, 0.2 ],
							"to": [ 0.0, 1.0, 1.0 ],
							"rotationOrigin": [ -0.2, 0.2, 0.2 ],
							"faces": {
								"north": { "texture": "#brass", "uv": [ 4.0, 3.5, 4.5, 4.0 ] },
								"east": { "texture": "#brass", "uv": [ 4.0, 9.5, 4.5, 10.0 ] },
								"south": { "texture": "#brass", "uv": [ 10.0, 9.5, 10.5, 10.0 ] },
								"west": { "texture": "#brass", "uv": [ 2.0, 3.5, 2.5, 4.0 ] },
								"up": { "texture": "#brass", "uv": [ 3.5, 5.0, 4.0, 5.5 ] },
								"down": { "texture": "#brass", "uv": [ 12.0, 11.0, 12.5, 11.5 ] }
							}
						}
					]
				},
				{
					"name": "base",
					"from": [ -4.4, 0.05, -0.5 ],
					"to": [ -0.9, 0.55, 1.0 ],
					"rotationOrigin": [ -4.4, 0.0, -0.5 ],
					"faces": {
						"north": { "texture": "#iron", "uv": [ 9.5, 3.0, 13.0, 3.5 ] },
						"east": { "texture": "#iron", "uv": [ 0.5, 0.5, 2.0, 1.0 ] },
						"south": { "texture": "#iron", "uv": [ 1.0, 10.5, 4.5, 11.0 ] },
						"west": { "texture": "#iron", "uv": [ 4.0, 15.0, 5.5, 15.5 ] },
						"up": { "texture": "#iron", "uv": [ 9.5, 7.0, 13.0, 8.5 ] },
						"down": { "texture": "#iron", "uv": [ 2.5, 12.5, 6.0, 14.0 ] }
					},
					"children": [
						{
							"name": "base 2",
							"from": [ 3.5, 0.1, 0.3 ],
							"to": [ 8.5, 0.4, 1.3 ],
							"rotationOrigin": [ 3.5, 0.1, 0.3 ],
							"faces": {
								"north": { "texture": "#iron", "uv": [ 4.0, 15.0, 9.0, 15.5 ] },
								"east": { "texture": "#iron", "uv": [ 2.5, 9.0, 3.5, 9.5 ] },
								"south": { "texture": "#iron", "uv": [ 6.0, 0.5, 11.0, 1.0 ] },
								"west": { "texture": "#iron", "uv": [ 8.5, 9.5, 9.5, 10.0 ] },
								"up": { "texture": "#iron", "uv": [ 6.0, 10.0, 11.0, 11.0 ] },
								"down": { "texture": "#iron", "uv": [ 3.0, 5.5, 8.0, 6.5 ] }
							},
							"children": [
								{
									"name": "Cube2",
									"from": [ 0.4, -0.05, 0.3 ],
									"to": [ 0.7, 0.35, 0.6 ],
									"rotationOrigin": [ 0.4, -0.1, 0.3 ],
									"rotationY": -45.0,
									"faces": {
										"north": { "texture": "#steel", "uv": [ 9.5, 5.5, 10.0, 6.0 ] },
										"east": { "texture": "#steel", "uv": [ 14.0, 2.0, 14.5, 2.5 ] },
										"south": { "texture": "#steel", "uv": [ 7.5, 0.5, 8.0, 1.0 ] },
										"west": { "texture": "#steel", "uv": [ 3.0, 10.5, 3.5, 11.0 ] },
										"up": { "texture": "#steel", "uv": [ 12.0, 11.0, 12.5, 11.5 ] },
										"down": { "texture": "#steel", "uv": [ 5.0, 13.5, 5.5, 14.0 ] }
									}
								},
								{
									"name": "Cube3",
									"from": [ 1.4, -0.05, 0.3 ],
									"to": [ 1.7, 0.35, 0.6 ],
									"rotationOrigin": [ 1.4, -0.1, 0.3 ],
									"rotationY": -45.0,
									"faces": {
										"north": { "texture": "#steel", "uv": [ 9.5, 0.5, 10.0, 1.0 ] },
										"east": { "texture": "#steel", "uv": [ 5.0, 11.0, 5.5, 11.5 ] },
										"south": { "texture": "#steel", "uv": [ 12.0, 7.5, 12.5, 8.0 ] },
										"west": { "texture": "#steel", "uv": [ 14.0, 11.5, 14.5, 12.0 ] },
										"up": { "texture": "#steel", "uv": [ 1.0, 6.0, 1.5, 6.5 ] },
										"down": { "texture": "#steel", "uv": [ 1.5, 6.5, 2.0, 7.0 ] }
									}
								},
								{
									"name": "Cube4",
									"from": [ 2.4, -0.05, 0.3 ],
									"to": [ 2.7, 0.35, 0.6 ],
									"rotationOrigin": [ 2.4, -0.1, 0.3 ],
									"rotationY": -45.0,
									"faces": {
										"north": { "texture": "#steel", "uv": [ 10.5, 5.0, 11.0, 5.5 ] },
										"east": { "texture": "#steel", "uv": [ 11.0, 1.5, 11.5, 2.0 ] },
										"south": { "texture": "#steel", "uv": [ 0.5, 1.5, 1.0, 2.0 ] },
										"west": { "texture": "#steel", "uv": [ 13.0, 12.5, 13.5, 13.0 ] },
										"up": { "texture": "#steel", "uv": [ 1.5, 9.0, 2.0, 9.5 ] },
										"down": { "texture": "#steel", "uv": [ 9.5, 2.0, 10.0, 2.5 ] }
									}
								},
								{
									"name": "Cube5",
									"from": [ 3.4, -0.05, 0.3 ],
									"to": [ 3.7, 0.35, 0.6 ],
									"rotationOrigin": [ 3.4, -0.1, 0.3 ],
									"rotationY": -45.0,
									"faces": {
										"north": { "texture": "#steel", "uv": [ 4.5, 13.5, 5.0, 14.0 ] },
										"east": { "texture": "#steel", "uv": [ 9.0, 2.0, 9.5, 2.5 ] },
										"south": { "texture": "#steel", "uv": [ 2.0, 8.0, 2.5, 8.5 ] },
										"west": { "texture": "#steel", "uv": [ 1.0, 8.0, 1.5, 8.5 ] },
										"up": { "texture": "#steel", "uv": [ 11.0, 2.5, 11.5, 3.0 ] },
										"down": { "texture": "#steel", "uv": [ 10.0, 13.5, 10.5, 14.0 ] }
									}
								},
								{
									"name": "Cube6",
									"from": [ 4.4, -0.05, 0.3 ],
									"to": [ 4.7, 0.35, 0.6 ],
									"rotationOrigin": [ 4.4, -0.1, 0.3 ],
									"rotationY": -45.0,
									"faces": {
										"north": { "texture": "#steel", "uv": [ 5.5, 4.0, 6.0, 4.5 ] },
										"east": { "texture": "#steel", "uv": [ 3.5, 7.0, 4.0, 7.5 ] },
										"south": { "texture": "#steel", "uv": [ 8.5, 9.5, 9.0, 10.0 ] },
										"west": { "texture": "#steel", "uv": [ 13.5, 0.5, 14.0, 1.0 ] },
										"up": { "texture": "#steel", "uv": [ 11.0, 12.5, 11.5, 13.0 ] },
										"down": { "texture": "#steel", "uv": [ 4.0, 7.0, 4.5, 7.5 ] }
									}
								}
							]
						}
					]
				},
				{
					"name": "segment 3",
					"from": [ 9.5, 0.2, -0.8 ],
					"to": [ 11.3, 0.4, 1.4 ],
					"rotationOrigin": [ 9.5, 0.2, -0.8 ],
					"faces": {
						"north": { "texture": "#stainlesssteel", "uv": [ 13.5, 2.5, 15.0, 3.0 ], "glow": 0 },
						"east": { "texture": "#stainlesssteel", "uv": [ 8.0, 3.5, 10.0, 4.0 ], "glow": 0 },
						"south": { "texture": "#stainlesssteel", "uv": [ 3.5, 0.5, 5.0, 1.0 ], "glow": 0 },
						"west": { "texture": "#stainlesssteel", "uv": [ 13.0, 8.0, 15.0, 8.5 ], "glow": 0 },
						"up": { "texture": "#stainlesssteel", "uv": [ 8.0, 7.5, 9.5, 9.5 ], "glow": 0 },
						"down": { "texture": "#stainlesssteel", "uv": [ 10.5, 9.0, 12.0, 11.0 ], "glow": 0 }
					},
					"children": [
						{
							"name": "segment 4",
							"from": [ 1.8, 0.0, 0.2 ],
							"to": [ 3.1, 0.2, 2.2 ],
							"rotationOrigin": [ 1.8, 0.0, 0.2 ],
							"faces": {
								"north": { "texture": "#stainlesssteel", "uv": [ 9.0, 9.0, 10.0, 9.5 ], "glow": 0 },
								"east": { "texture": "#stainlesssteel", "uv": [ 7.0, 1.0, 9.0, 1.5 ], "glow": 0 },
								"south": { "texture": "#stainlesssteel", "uv": [ 0.5, 1.0, 1.5, 1.5 ], "glow": 0 },
								"west": { "texture": "#stainlesssteel", "uv": [ 0.0, 1.5, 2.0, 2.0 ], "glow": 0 },
								"up": { "texture": "#stainlesssteel", "uv": [ 14.0, 13.0, 15.0, 15.0 ], "glow": 0 },
								"down": { "texture": "#stainlesssteel", "uv": [ 9.0, 8.0, 10.0, 10.0 ], "glow": 0 }
							},
							"children": [
								{
									"name": "segment 5",
									"from": [ 1.3, 0.0, 0.2 ],
									"to": [ 2.3, 0.2, 2.0 ],
									"rotationOrigin": [ 1.3, 0.0, 0.2 ],
									"faces": {
										"north": { "texture": "#stainlesssteel", "uv": [ 0.0, 11.5, 1.0, 12.0 ], "glow": 0 },
										"east": { "texture": "#stainlesssteel", "uv": [ 1.5, 14.0, 3.0, 14.5 ], "glow": 0 },
										"south": { "texture": "#stainlesssteel", "uv": [ 3.5, 3.5, 4.5, 4.0 ], "glow": 0 },
										"west": { "texture": "#stainlesssteel", "uv": [ 12.0, 13.0, 13.5, 13.5 ], "glow": 0 },
										"up": { "texture": "#stainlesssteel", "uv": [ 7.5, 10.5, 8.5, 12.0 ], "glow": 0 },
										"down": { "texture": "#stainlesssteel", "uv": [ 4.5, 12.5, 5.5, 14.0 ], "glow": 0 }
									},
									"children": [
										{
											"name": "segment 18",
											"from": [ 1.5, 0.0, 0.4 ],
											"to": [ 2.0, 0.2, 1.8 ],
											"rotationOrigin": [ 1.5, 0.0, 0.4 ],
											"faces": {
												"north": { "texture": "#stainlesssteel", "uv": [ 13.5, 8.5, 14.0, 9.0 ], "glow": 0 },
												"east": { "texture": "#stainlesssteel", "uv": [ 5.5, 9.0, 6.5, 9.5 ], "glow": 0 },
												"south": { "texture": "#stainlesssteel", "uv": [ 3.5, 15.0, 4.0, 15.5 ], "glow": 0 },
												"west": { "texture": "#stainlesssteel", "uv": [ 6.5, 7.0, 7.5, 7.5 ], "glow": 0 },
												"up": { "texture": "#stainlesssteel", "uv": [ 7.0, 0.0, 7.5, 1.0 ], "glow": 0 },
												"down": { "texture": "#stainlesssteel", "uv": [ 11.5, 14.0, 12.0, 15.0 ], "glow": 0 }
											},
											"children": [
												{
													"name": "segment 17",
													"from": [ -0.5, 0.0, -0.2 ],
													"to": [ 0.0, 0.2, 1.4 ],
													"rotationOrigin": [ -0.5, 0.0, -0.2 ],
													"faces": {
														"north": { "texture": "#stainlesssteel", "uv": [ 5.5, 7.0, 6.0, 7.5 ], "glow": 0 },
														"east": { "texture": "#stainlesssteel", "uv": [ 7.5, 6.5, 9.0, 7.0 ], "glow": 0 },
														"south": { "texture": "#stainlesssteel", "uv": [ 3.5, 1.5, 4.0, 2.0 ], "glow": 0 },
														"west": { "texture": "#stainlesssteel", "uv": [ 9.0, 5.5, 10.5, 6.0 ], "glow": 0 },
														"up": { "texture": "#stainlesssteel", "uv": [ 7.5, 12.5, 8.0, 14.0 ], "glow": 0 },
														"down": { "texture": "#stainlesssteel", "uv": [ 0.5, 7.5, 1.0, 9.0 ], "glow": 0 }
													},
													"children": [
														{
															"name": "segment 19",
															"from": [ 1.0, 0.0, 0.4 ],
															"to": [ 1.5, 0.2, 1.6 ],
															"rotationOrigin": [ 1.0, 0.0, 0.4 ],
															"faces": {
																"north": { "texture": "#stainlesssteel", "uv": [ 13.5, 15.0, 14.0, 15.5 ], "glow": 0 },
																"east": { "texture": "#stainlesssteel", "uv": [ 12.0, 14.5, 13.0, 15.0 ], "glow": 0 },
																"south": { "texture": "#stainlesssteel", "uv": [ 13.5, 0.5, 14.0, 1.0 ], "glow": 0 },
																"west": { "texture": "#stainlesssteel", "uv": [ 3.0, 3.5, 4.0, 4.0 ], "glow": 0 },
																"up": { "texture": "#stainlesssteel", "uv": [ 12.5, 14.0, 13.0, 15.0 ], "glow": 0 },
																"down": { "texture": "#stainlesssteel", "uv": [ 8.0, 11.5, 8.5, 12.5 ], "glow": 0 }
															},
															"children": [
																{
																	"name": "segment 20",
																	"from": [ 0.5, 0.0, 0.2 ],
																	"to": [ 1.0, 0.2, 1.2 ],
																	"rotationOrigin": [ 0.5, 0.0, 0.2 ],
																	"faces": {
																		"north": { "texture": "#stainlesssteel", "uv": [ 12.0, 11.0, 12.5, 11.5 ], "glow": 0 },
																		"east": { "texture": "#stainlesssteel", "uv": [ 11.0, 10.0, 12.0, 10.5 ], "glow": 0 },
																		"south": { "texture": "#stainlesssteel", "uv": [ 11.5, 7.0, 12.0, 7.5 ], "glow": 0 },
																		"west": { "texture": "#stainlesssteel", "uv": [ 4.0, 8.0, 5.0, 8.5 ], "glow": 0 },
																		"up": { "texture": "#stainlesssteel", "uv": [ 7.0, 6.5, 7.5, 7.5 ], "glow": 0 },
																		"down": { "texture": "#stainlesssteel", "uv": [ 6.5, 6.5, 7.0, 7.5 ], "glow": 0 }
																	},
																	"children": [
																		{
																			"name": "segment 72",
																			"from": [ 0.5, 0.0, 0.2 ],
																			"to": [ 0.8, 0.2, 1.0 ],
																			"rotationOrigin": [ 0.5, 0.0, 0.2 ],
																			"faces": {
																				"north": { "texture": "#stainlesssteel", "uv": [ 4.5, 5.5, 5.0, 6.0 ], "glow": 0 },
																				"east": { "texture": "#stainlesssteel", "uv": [ 6.0, 6.0, 6.5, 6.5 ], "glow": 0 },
																				"south": { "texture": "#stainlesssteel", "uv": [ 14.0, 2.5, 14.5, 3.0 ], "glow": 0 },
																				"west": { "texture": "#stainlesssteel", "uv": [ 1.0, 2.5, 1.5, 3.0 ], "glow": 0 },
																				"up": { "texture": "#stainlesssteel", "uv": [ 5.5, 8.5, 6.0, 9.0 ], "glow": 0 },
																				"down": { "texture": "#stainlesssteel", "uv": [ 4.0, 10.0, 4.5, 10.5 ], "glow": 0 }
																			},
																			"children": [
																				{
																					"name": "segment 73",
																					"from": [ 0.3, 0.0, 0.2 ],
																					"to": [ 0.6, 0.2, 0.8 ],
																					"rotationOrigin": [ 0.3, 0.0, 0.2 ],
																					"faces": {
																						"north": { "texture": "#stainlesssteel", "uv": [ 15.0, 4.5, 15.5, 5.0 ], "glow": 0 },
																						"east": { "texture": "#stainlesssteel", "uv": [ 10.5, 12.0, 11.0, 12.5 ], "glow": 0 },
																						"south": { "texture": "#stainlesssteel", "uv": [ 10.5, 13.5, 11.0, 14.0 ], "glow": 0 },
																						"west": { "texture": "#stainlesssteel", "uv": [ 15.0, 6.0, 15.5, 6.5 ], "glow": 0 },
																						"up": { "texture": "#stainlesssteel", "uv": [ 12.5, 0.0, 13.0, 0.5 ], "glow": 0 },
																						"down": { "texture": "#stainlesssteel", "uv": [ 1.5, 15.0, 2.0, 15.5 ], "glow": 0 }
																					},
																					"children": [
																						{
																							"name": "segment 74",
																							"from": [ 0.3, 0.0, 0.2 ],
																							"to": [ 0.6, 0.2, 0.6 ],
																							"rotationOrigin": [ 0.3, 0.0, 0.2 ],
																							"faces": {
																								"north": { "texture": "#stainlesssteel", "uv": [ 10.5, 4.0, 11.0, 4.5 ], "glow": 60 },
																								"east": { "texture": "#stainlesssteel", "uv": [ 9.0, 10.0, 9.5, 10.5 ], "glow": 0 },
																								"south": { "texture": "#stainlesssteel", "uv": [ 15.0, 10.5, 15.5, 11.0 ], "glow": 0 },
																								"west": { "texture": "#stainlesssteel", "uv": [ 0.5, 12.0, 1.0, 12.5 ], "glow": 0 },
																								"up": { "texture": "#stainlesssteel", "uv": [ 6.5, 3.0, 7.0, 3.5 ], "glow": 0 },
																								"down": { "texture": "#stainlesssteel", "uv": [ 9.5, 14.5, 10.0, 15.0 ], "glow": 0 }
																							},
																							"children": [
																								{
																									"name": "segment 75",
																									"from": [ 0.3, 0.0, 0.2 ],
																									"to": [ 0.5, 0.2, 0.4 ],
																									"rotationOrigin": [ 0.3, 0.0, 0.2 ],
																									"faces": {
																										"north": { "texture": "#stainlesssteel", "uv": [ 14.5, 14.5, 15.0, 15.0 ], "glow": 0 },
																										"east": { "texture": "#stainlesssteel", "uv": [ 8.0, 7.0, 8.5, 7.5 ], "glow": 0 },
																										"south": { "texture": "#stainlesssteel", "uv": [ 4.5, 1.0, 5.0, 1.5 ], "glow": 0 },
																										"west": { "texture": "#stainlesssteel", "uv": [ 10.0, 5.0, 10.5, 5.5 ], "glow": 0 },
																										"up": { "texture": "#stainlesssteel", "uv": [ 8.5, 1.5, 9.0, 2.0 ], "glow": 0 },
																										"down": { "texture": "#stainlesssteel", "uv": [ 5.5, 14.0, 6.0, 14.5 ], "glow": 0 }
																									}
																								}
																							]
																						}
																					]
																				}
																			]
																		}
																	]
																}
															]
														}
													]
												}
											]
										}
									]
								}
							]
						}
					]
				},
				{
					"name": "segment 2",
					"from": [ 6.0, 0.2, -1.0 ],
					"to": [ 9.5, 0.4, 1.2 ],
					"rotationOrigin": [ 6.0, 0.2, 0.3 ],
					"faces": {
						"north": { "texture": "#stainlesssteel", "uv": [ 3.5, 8.5, 7.0, 9.0 ], "glow": 0 },
						"east": { "texture": "#stainlesssteel", "uv": [ 3.0, 5.0, 5.0, 5.5 ], "glow": 0 },
						"south": { "texture": "#stainlesssteel", "uv": [ 7.0, 12.0, 10.5, 12.5 ], "glow": 0 },
						"west": { "texture": "#stainlesssteel", "uv": [ 9.5, 14.5, 11.5, 15.0 ], "glow": 0 },
						"up": { "texture": "#stainlesssteel", "uv": [ 5.0, 11.0, 8.5, 13.0 ], "glow": 0 },
						"down": { "texture": "#stainlesssteel", "uv": [ 10.0, 11.0, 13.5, 13.0 ], "glow": 0 }
					}
				},
				{
					"name": "segment 1",
					"from": [ -3.2, 0.2, -0.7 ],
					"to": [ 0.0, 0.4, 1.3 ],
					"rotationOrigin": [ -2.2, 0.2, 0.8 ],
					"faces": {
						"north": { "texture": "#stainlesssteel", "uv": [ 9.0, 8.5, 12.0, 9.0 ] },
						"east": { "texture": "#stainlesssteel", "uv": [ 11.5, 10.5, 13.5, 11.0 ] },
						"south": { "texture": "#stainlesssteel", "uv": [ 10.0, 0.5, 13.0, 1.0 ] },
						"west": { "texture": "#stainlesssteel", "uv": [ 2.5, 9.0, 4.5, 9.5 ] },
						"up": { "texture": "#stainlesssteel", "uv": [ 10.0, 11.5, 13.0, 13.5 ] },
						"down": { "texture": "#stainlesssteel", "uv": [ 7.0, 8.5, 10.0, 10.5 ] }
					}
				},
				{
					"name": "segment 21",
					"from": [ 0.0, 0.2, -1.0 ],
					"to": [ 3.2, 0.4, 1.2 ],
					"rotationOrigin": [ 1.0, 0.2, 0.5 ],
					"faces": {
						"north": { "texture": "#stainlesssteel", "uv": [ 12.5, 2.5, 15.5, 3.0 ], "glow": 0 },
						"east": { "texture": "#stainlesssteel", "uv": [ 4.5, 8.0, 6.5, 8.5 ], "glow": 0 },
						"south": { "texture": "#stainlesssteel", "uv": [ 10.0, 2.0, 13.0, 2.5 ], "glow": 0 },
						"west": { "texture": "#stainlesssteel", "uv": [ 6.5, 7.0, 8.5, 7.5 ], "glow": 0 },
						"up": { "texture": "#stainlesssteel", "uv": [ 6.5, 6.5, 9.5, 8.5 ], "glow": 0 },
						"down": { "texture": "#stainlesssteel", "uv": [ 7.0, 1.5, 10.0, 3.5 ], "glow": 0 }
					}
				},
				{
					"name": "segment 22",
					"from": [ 3.2, 0.2, -1.1 ],
					"to": [ 6.0, 0.4, 1.1 ],
					"rotationOrigin": [ 3.2, 0.2, 0.2 ],
					"faces": {
						"north": { "texture": "#stainlesssteel", "uv": [ 11.0, 4.5, 13.5, 5.0 ], "glow": 0 },
						"east": { "texture": "#stainlesssteel", "uv": [ 3.5, 10.0, 5.5, 10.5 ], "glow": 0 },
						"south": { "texture": "#stainlesssteel", "uv": [ 9.0, 14.0, 11.5, 14.5 ], "glow": 0 },
						"west": { "texture": "#stainlesssteel", "uv": [ 7.0, 6.5, 9.0, 7.0 ], "glow": 0 },
						"up": { "texture": "#stainlesssteel", "uv": [ 11.0, 3.5, 13.5, 5.5 ], "glow": 0 },
						"down": { "texture": "#stainlesssteel", "uv": [ 8.0, 10.0, 10.5, 12.0 ], "glow": 0 }
					}
				}
			]
		}
	]}