﻿{
  "code": "static-spear-projectile",
  "class": "EntityESpear",
  "hitboxSize": {
    "x": 0.125,
    "y": 0.125
  },

  "attributes": {
    "isProjectile": true
  },

  "client": {
    "renderer": "Shape",

    "shape": {
      "base": "item/static-spear",
      "offsetX": -1.8125
    },


    "behaviors": [
      {
        "code": "passivephysics",
        "groundDragFactor": 1,
        "airDragFactor": 0.25,
        "gravityFactor": 0.75
      },
      { "code": "interpolateposition" }
    ]
  },
  "server": {
    "behaviors": [
      {
        "code": "passivephysics",
        "groundDragFactor": 1,
        "airDragFactor": 0.25,
        "gravityFactor": 0.75
      },
      {
        "code": "despawn",
        "minSeconds": 600
      }
    ]
  },
  "sounds": {}
}