{
	"editor": {
		"allAngles": false,
		"entityTextureMode": false
	},
	"textureWidth": 16,
	"textureHeight": 16,
	"textureSizes": {
	},
	"textures": {
		"copper_coil": "block/copper_coil"
	},
	"elements": [
		{
			"name": "ingot",
			"from": [ 4.5, 0.0, 3.5 ], 
			"to": [ 12.5, 2.0, 4.5 ], 
			"rotationOrigin": [ 6.0, 0.0, 7.0 ],
			"faces": {
				"north": { "texture": "#copper_coil", "uv": [ 7.0, 4.0, 15.0, 8.0 ], "autoUv": false },
				"east": { "texture": "#copper_coil", "uv": [ 3.0, 4.0, 4.0, 8.0 ], "autoUv": false },
				"south": { "texture": "#copper_coil", "uv": [ 7.0, 4.5, 15.0, 7.5 ], "autoUv": false },
				"west": { "texture": "#copper_coil", "uv": [ 7.0, 4.0, 8.0, 8.0 ], "autoUv": false },
				"up": { "texture": "#copper_coil", "uv": [ 2.5, 1.0, 10.5, 2.0 ] },
				"down": { "texture": "#copper_coil", "uv": [ 5.0, 1.5, 13.0, 2.5 ] }
			}
		},
		{
			"name": "ingot2",
			"from": [ 4.5, 0.0, 11.5 ], 
			"to": [ 12.5, 2.0, 12.5 ], 
			"rotationOrigin": [ 6.0, 0.0, 15.0 ],
			"faces": {
				"north": { "texture": "#copper_coil", "uv": [ 7.0, 4.0, 15.0, 8.0 ], "autoUv": false },
				"east": { "texture": "#copper_coil", "uv": [ 2.0, 4.0, 3.0, 8.0 ], "autoUv": false },
				"south": { "texture": "#copper_coil", "uv": [ 5.0, 4.0, 13.0, 8.0 ], "autoUv": false },
				"west": { "texture": "#copper_coil", "uv": [ 2.0, 4.0, 3.0, 8.0 ], "autoUv": false },
				"up": { "texture": "#copper_coil", "uv": [ 3.5, 1.5, 11.5, 2.5 ] },
				"down": { "texture": "#copper_coil", "uv": [ 5.5, 2.0, 13.5, 3.0 ] }
			}
		},
		{
			"name": "ingot4",
			"from": [ 4.0, 0.0, 4.5 ], 
			"to": [ 5.0, 2.0, 11.5 ], 
			"rotationOrigin": [ 5.5, 0.0, 8.0 ],
			"faces": {
				"north": { "texture": "#copper_coil", "uv": [ 1.0, 4.0, 2.0, 8.0 ], "autoUv": false },
				"east": { "texture": "#copper_coil", "uv": [ 0.0, 4.0, 7.0, 8.0 ], "autoUv": false },
				"south": { "texture": "#copper_coil", "uv": [ 1.0, 4.0, 2.0, 8.0 ], "autoUv": false },
				"west": { "texture": "#copper_coil", "uv": [ 0.0, 4.0, 7.0, 8.0 ], "autoUv": false },
				"up": { "texture": "#copper_coil", "uv": [ 4.0, 2.0, 11.0, 3.0 ], "rotation": 90 },
				"down": { "texture": "#copper_coil", "uv": [ 6.0, 2.0, 13.0, 3.0 ], "rotation": 90 }
			}
		},
		{
			"name": "ingot6",
			"from": [ 12.0, 0.0, 4.5 ], 
			"to": [ 13.0, 2.0, 11.5 ], 
			"rotationOrigin": [ 13.5, 0.0, 8.0 ],
			"faces": {
				"north": { "texture": "#copper_coil", "uv": [ 7.0, 4.0, 8.0, 8.0 ], "autoUv": false },
				"east": { "texture": "#copper_coil", "uv": [ 0.0, 4.0, 7.0, 8.0 ], "autoUv": false },
				"south": { "texture": "#copper_coil", "uv": [ 0.0, 4.0, 1.0, 8.0 ], "autoUv": false },
				"west": { "texture": "#copper_coil", "uv": [ 0.0, 4.0, 7.0, 8.0 ], "autoUv": false },
				"up": { "texture": "#copper_coil", "uv": [ 3.5, 1.5, 10.5, 2.5 ], "rotation": 90 },
				"down": { "texture": "#copper_coil", "uv": [ 6.5, 2.0, 13.5, 3.0 ], "rotation": 90 }
			}
		}
	]}