{
	"editor": {
		"allAngles": false,
		"entityTextureMode": false
	},
	"textureWidth": 16,
	"textureHeight": 16,
	"textureSizes": {
	},
	"textures": {
		"copper_coil": "block/copper_coil",
		"oak": "game:block/wood/oak",
		"iron": "game:block/metal/ingot/iron"
	},
	"elements": [
		{
			"name": "Cube1",
			"from": [ 2.0, 7.0, 9.0 ], 
			"to": [ 4.0, 9.0, 22.0 ], 
			"rotationOrigin": [ 2.0, 7.0, 9.0 ],
			"rotationY": 90.0,
			"faces": {
				"north": { "texture": "#oak", "uv": [ 0.0, 0.0, 2.0, 2.0 ] },
				"east": { "texture": "#oak", "uv": [ 0.0, 0.0, 13.0, 2.0 ] },
				"south": { "texture": "#oak", "uv": [ 0.0, 0.0, 2.0, 2.0 ] },
				"west": { "texture": "#oak", "uv": [ 0.0, 0.0, 13.0, 2.0 ] },
				"up": { "texture": "#oak", "uv": [ 0.0, 0.0, 2.0, 13.0 ] },
				"down": { "texture": "#oak", "uv": [ 0.0, 0.0, 2.0, 13.0 ] }
			},
			"children": [
				{
					"name": "Cube2",
					"from": [ 0.5, 2.0, 5.0 ], 
					"to": [ 1.5, 4.0, 9.0 ], 
					"rotationOrigin": [ 0.5, 2.0, 5.0 ],
					"faces": {
						"north": { "texture": "#oak", "uv": [ 0.0, 0.0, 1.0, 2.0 ] },
						"east": { "texture": "#oak", "uv": [ 0.0, 0.0, 4.0, 2.0 ] },
						"south": { "texture": "#oak", "uv": [ 0.0, 0.0, 1.0, 2.0 ] },
						"west": { "texture": "#oak", "uv": [ 0.0, 0.0, 4.0, 2.0 ] },
						"up": { "texture": "#oak", "uv": [ 0.0, 0.0, 1.0, 4.0 ] },
						"down": { "texture": "#oak", "uv": [ 0.0, 0.0, 1.0, 4.0 ] }
					}
				},
				{
					"name": "Cube3",
					"from": [ 0.5, -2.0, 5.0 ], 
					"to": [ 1.5, 0.0, 9.0 ], 
					"rotationOrigin": [ 0.5, -2.0, 5.0 ],
					"faces": {
						"north": { "texture": "#oak", "uv": [ 0.0, 0.0, 1.0, 2.0 ] },
						"east": { "texture": "#oak", "uv": [ 0.0, 0.0, 4.0, 2.0 ] },
						"south": { "texture": "#oak", "uv": [ 0.0, 0.0, 1.0, 2.0 ] },
						"west": { "texture": "#oak", "uv": [ 0.0, 0.0, 4.0, 2.0 ] },
						"up": { "texture": "#oak", "uv": [ 0.0, 0.0, 1.0, 4.0 ] },
						"down": { "texture": "#oak", "uv": [ 0.0, 0.0, 1.0, 4.0 ] }
					}
				},
				{
					"name": "Cube4",
					"from": [ 2.0, 0.5, 5.0 ], 
					"to": [ 4.0, 1.5, 9.0 ], 
					"rotationOrigin": [ 2.0, 0.5, 5.0 ],
					"faces": {
						"north": { "texture": "#oak", "uv": [ 0.0, 0.0, 2.0, 1.0 ] },
						"east": { "texture": "#oak", "uv": [ 0.0, 0.0, 4.0, 1.0 ] },
						"south": { "texture": "#oak", "uv": [ 0.0, 0.0, 2.0, 1.0 ] },
						"west": { "texture": "#oak", "uv": [ 0.0, 0.0, 4.0, 1.0 ] },
						"up": { "texture": "#oak", "uv": [ 0.0, 0.0, 2.0, 4.0 ] },
						"down": { "texture": "#oak", "uv": [ 0.0, 0.0, 2.0, 4.0 ] }
					}
				},
				{
					"name": "Cube5",
					"from": [ -2.0, 0.5, 5.0 ], 
					"to": [ 0.0, 1.5, 9.0 ], 
					"rotationOrigin": [ -2.0, 0.5, 5.0 ],
					"faces": {
						"north": { "texture": "#oak", "uv": [ 0.0, 0.0, 2.0, 1.0 ] },
						"east": { "texture": "#oak", "uv": [ 0.0, 0.0, 4.0, 1.0 ] },
						"south": { "texture": "#oak", "uv": [ 0.0, 0.0, 2.0, 1.0 ] },
						"west": { "texture": "#oak", "uv": [ 0.0, 0.0, 4.0, 1.0 ] },
						"up": { "texture": "#oak", "uv": [ 0.0, 0.0, 2.0, 4.0 ] },
						"down": { "texture": "#oak", "uv": [ 0.0, 0.0, 2.0, 4.0 ] }
					}
				},
				{
					"name": "Cube6",
					"from": [ -0.5, 4.0, 4.0 ], 
					"to": [ 2.5, 4.5, 10.0 ], 
					"rotationOrigin": [ -0.5, 4.0, 4.0 ],
					"faces": {
						"north": { "texture": "#iron", "uv": [ 0.0, 0.0, 3.0, 0.5 ] },
						"east": { "texture": "#iron", "uv": [ 0.0, 0.0, 6.0, 0.5 ] },
						"south": { "texture": "#iron", "uv": [ 0.0, 0.0, 3.0, 0.5 ] },
						"west": { "texture": "#iron", "uv": [ 0.0, 0.0, 6.0, 0.5 ] },
						"up": { "texture": "#iron", "uv": [ 0.0, 0.0, 3.0, 6.0 ] },
						"down": { "texture": "#iron", "uv": [ 0.0, 0.0, 3.0, 6.0 ] }
					}
				},
				{
					"name": "Cube7",
					"from": [ -0.5, -2.5, 4.0 ], 
					"to": [ 2.5, -2.0, 10.0 ], 
					"rotationOrigin": [ -0.5, -2.5, 4.0 ],
					"faces": {
						"north": { "texture": "#iron", "uv": [ 0.0, 0.0, 3.0, 0.5 ] },
						"east": { "texture": "#iron", "uv": [ 0.0, 0.0, 6.0, 0.5 ] },
						"south": { "texture": "#iron", "uv": [ 0.0, 0.0, 3.0, 0.5 ] },
						"west": { "texture": "#iron", "uv": [ 0.0, 0.0, 6.0, 0.5 ] },
						"up": { "texture": "#iron", "uv": [ 0.0, 0.0, 3.0, 6.0 ] },
						"down": { "texture": "#iron", "uv": [ 0.0, 0.0, 3.0, 6.0 ] }
					}
				},
				{
					"name": "Cube11",
					"from": [ -2.0, -0.5, 4.0 ], 
					"to": [ 1.0, 0.0, 10.0 ], 
					"rotationOrigin": [ -2.0, -0.5, 4.0 ],
					"rotationZ": 90.0,
					"faces": {
						"north": { "texture": "#iron", "uv": [ 0.0, 0.0, 3.0, 0.5 ] },
						"east": { "texture": "#iron", "uv": [ 0.0, 0.0, 6.0, 0.5 ] },
						"south": { "texture": "#iron", "uv": [ 0.0, 0.0, 3.0, 0.5 ] },
						"west": { "texture": "#iron", "uv": [ 0.0, 0.0, 6.0, 0.5 ] },
						"up": { "texture": "#iron", "uv": [ 0.0, 0.0, 3.0, 6.0 ] },
						"down": { "texture": "#iron", "uv": [ 0.0, 0.0, 3.0, 6.0 ] }
					}
				},
				{
					"name": "Cube12",
					"from": [ 4.0, 2.5, 4.0 ], 
					"to": [ 7.0, 3.0, 10.0 ], 
					"rotationOrigin": [ 4.0, 2.5, 4.0 ],
					"rotationZ": -90.0,
					"faces": {
						"north": { "texture": "#iron", "uv": [ 0.0, 0.0, 3.0, 0.5 ] },
						"east": { "texture": "#iron", "uv": [ 0.0, 0.0, 6.0, 0.5 ] },
						"south": { "texture": "#iron", "uv": [ 0.0, 0.0, 3.0, 0.5 ] },
						"west": { "texture": "#iron", "uv": [ 0.0, 0.0, 6.0, 0.5 ] },
						"up": { "texture": "#iron", "uv": [ 0.0, 0.0, 3.0, 6.0 ] },
						"down": { "texture": "#iron", "uv": [ 0.0, 0.0, 3.0, 6.0 ] }
					}
				},
				{
					"name": "Cube13",
					"from": [ 0.0, 2.0, 4.5 ], 
					"to": [ 2.0, 4.0, 9.5 ], 
					"rotationOrigin": [ 0.0, 2.0, 4.5 ],
					"faces": {
						"north": { "texture": "#copper_coil", "uv": [ 0.0, 4.0, 4.0, 8.0 ], "autoUv": false },
						"east": { "texture": "#copper_coil", "uv": [ 0.0, 4.0, 10.0, 8.0 ], "autoUv": false },
						"south": { "texture": "#copper_coil", "uv": [ 0.0, 4.0, 4.0, 8.0 ], "autoUv": false },
						"west": { "texture": "#copper_coil", "uv": [ 0.0, 4.0, 10.0, 8.0 ], "autoUv": false },
						"up": { "texture": "#copper_coil", "uv": [ 0.0, 0.0, 2.0, 5.0 ], "enabled": false },
						"down": { "texture": "#copper_coil", "uv": [ 0.0, 0.0, 2.0, 5.0 ], "enabled": false }
					}
				},
				{
					"name": "Cube14",
					"from": [ 0.0, -2.0, 4.5 ], 
					"to": [ 2.0, 0.0, 9.5 ], 
					"rotationOrigin": [ 0.0, -2.0, 4.5 ],
					"faces": {
						"north": { "texture": "#copper_coil", "uv": [ 0.0, 4.0, 4.0, 8.0 ], "autoUv": false },
						"east": { "texture": "#copper_coil", "uv": [ 0.0, 4.0, 10.0, 8.0 ], "autoUv": false },
						"south": { "texture": "#copper_coil", "uv": [ 0.0, 4.0, 4.0, 8.0 ], "autoUv": false },
						"west": { "texture": "#copper_coil", "uv": [ 0.0, 4.0, 10.0, 8.0 ], "autoUv": false },
						"up": { "texture": "#copper_coil", "uv": [ 0.0, 0.0, 2.0, 5.0 ], "enabled": false },
						"down": { "texture": "#copper_coil", "uv": [ 0.0, 0.0, 2.0, 5.0 ], "enabled": false }
					}
				},
				{
					"name": "Cube15",
					"from": [ 0.0, 0.0, 4.5 ], 
					"to": [ 2.0, 2.0, 9.5 ], 
					"rotationOrigin": [ 0.0, 0.0, 4.5 ],
					"rotationZ": 90.0,
					"faces": {
						"north": { "texture": "#copper_coil", "uv": [ 0.0, 4.0, 4.0, 8.0 ], "autoUv": false },
						"east": { "texture": "#copper_coil", "uv": [ 0.0, 4.0, 10.0, 8.0 ], "autoUv": false },
						"south": { "texture": "#copper_coil", "uv": [ 0.0, 4.0, 4.0, 8.0 ], "autoUv": false },
						"west": { "texture": "#copper_coil", "uv": [ 0.0, 4.0, 10.0, 8.0 ], "autoUv": false },
						"up": { "texture": "#copper_coil", "uv": [ 0.0, 0.0, 2.0, 5.0 ], "enabled": false },
						"down": { "texture": "#copper_coil", "uv": [ 0.0, 0.0, 2.0, 5.0 ], "enabled": false }
					}
				},
				{
					"name": "Cube16",
					"from": [ 4.0, 0.0, 4.5 ], 
					"to": [ 6.0, 2.0, 9.5 ], 
					"rotationOrigin": [ 4.0, 0.0, 4.5 ],
					"rotationZ": 90.0,
					"faces": {
						"north": { "texture": "#copper_coil", "uv": [ 0.0, 4.0, 4.0, 8.0 ], "autoUv": false },
						"east": { "texture": "#copper_coil", "uv": [ 0.0, 4.0, 10.0, 8.0 ], "autoUv": false },
						"south": { "texture": "#copper_coil", "uv": [ 0.0, 4.0, 4.0, 8.0 ], "autoUv": false },
						"west": { "texture": "#copper_coil", "uv": [ 0.0, 4.0, 10.0, 8.0 ], "autoUv": false },
						"up": { "texture": "#copper_coil", "uv": [ 0.0, 0.0, 2.0, 5.0 ], "enabled": false },
						"down": { "texture": "#copper_coil", "uv": [ 0.0, 0.0, 2.0, 5.0 ], "enabled": false }
					}
				}
			]
		}
	]}