{
	"editor": {
		"allAngles": false,
		"entityTextureMode": false
	},
	"textureWidth": 16,
	"textureHeight": 16,
	"textureSizes": {
	},
	"textures": {
		"bismuthbronze": "block/bismuthbronze",
		"copper": "block/copper"
	},
	"elements": [
		{
			"name": "connector",
			"from": [ -0.2, 0.0, 7.0 ],
			"to": [ 7.0, 1.3, 9.0 ],
			"rotationOrigin": [ -0.2, 0.0, 7.0 ],
			"faces": {
				"north": { "texture": "#bismuthbronze", "uv": [ 0.0, 0.0, 7.0, 1.0 ] },
				"east": { "texture": "#bismuthbronze", "uv": [ 0.0, 0.0, 2.0, 1.0 ] },
				"south": { "texture": "#bismuthbronze", "uv": [ 0.0, 0.0, 7.0, 1.0 ] },
				"west": { "texture": "#bismuthbronze", "uv": [ 0.0, 0.0, 2.0, 1.0 ] },
				"up": { "texture": "#bismuthbronze", "uv": [ 0.0, 0.0, 7.0, 2.0 ] },
				"down": { "texture": "#bismuthbronze", "uv": [ 0.0, 0.0, 7.0, 2.0 ] }
			},
			"children": [
				{
					"name": "connector1",
					"from": [ 7.2, 0.0, 0.0 ],
					"to": [ 9.2, 1.3, 9.2 ],
					"rotationOrigin": [ 7.2, 0.0, 0.0 ],
					"faces": {
						"north": { "texture": "#bismuthbronze", "uv": [ 0.0, 0.0, 2.0, 1.0 ] },
						"east": { "texture": "#bismuthbronze", "uv": [ 0.0, 0.0, 9.0, 1.0 ] },
						"south": { "texture": "#bismuthbronze", "uv": [ 0.0, 0.0, 2.0, 1.0 ] },
						"west": { "texture": "#bismuthbronze", "uv": [ 0.0, 0.0, 9.0, 1.0 ] },
						"up": { "texture": "#bismuthbronze", "uv": [ 0.0, 0.0, 2.0, 9.0 ] },
						"down": { "texture": "#bismuthbronze", "uv": [ 0.0, 0.0, 2.0, 9.0 ] }
					},
					"children": [
						{
							"name": "connector2",
							"from": [ -7.5, 0.0, 0.5 ],
							"to": [ -6.5, 1.0, 1.5 ],
							"rotationOrigin": [ -7.5, 0.0, 0.5 ],
							"faces": {
								"north": { "texture": "#copper", "uv": [ 0.0, 0.0, 1.0, 1.0 ] },
								"east": { "texture": "#copper", "uv": [ 0.0, 0.0, 1.0, 1.0 ] },
								"south": { "texture": "#copper", "uv": [ 0.0, 0.0, 1.0, 1.0 ] },
								"west": { "texture": "#copper", "uv": [ 0.0, 0.0, 1.0, 1.0 ] },
								"up": { "texture": "#copper", "uv": [ 0.0, 0.0, 1.0, 1.0 ] },
								"down": { "texture": "#copper", "uv": [ 0.0, 0.0, 1.0, 1.0 ] }
							}
						},
						{
							"name": "connector3",
							"from": [ 0.5, 0.0, 8.5 ],
							"to": [ 1.5, 1.0, 9.5 ],
							"rotationOrigin": [ 0.5, 0.0, 8.5 ],
							"faces": {
								"north": { "texture": "#copper", "uv": [ 0.0, 0.0, 1.0, 1.0 ] },
								"east": { "texture": "#copper", "uv": [ 0.0, 0.0, 1.0, 1.0 ] },
								"south": { "texture": "#copper", "uv": [ 0.0, 0.0, 1.0, 1.0 ] },
								"west": { "texture": "#copper", "uv": [ 0.0, 0.0, 1.0, 1.0 ] },
								"up": { "texture": "#copper", "uv": [ 0.0, 0.0, 1.0, 1.0 ] },
								"down": { "texture": "#copper", "uv": [ 0.0, 0.0, 1.0, 1.0 ] }
							}
						}
					]
				}
			]
		}
	]}