{
	"editor": {
		"allAngles": false,
		"entityTextureMode": false
	},
	"textureWidth": 16,
	"textureHeight": 16,
	"textureSizes": {
	},
	"textures": {
		"iron": "block/iron",
		"steel": "block/steel"
	},
	"elements": [
		{
			"name": "Rotor",
			"from": [ 0.0, 7.0, 6.0 ],
			"to": [ 14.0, 9.0, 10.0 ],
			"rotationOrigin": [ 8.0, 8.0, 8.0 ],
			"rotationY": -90.0,
			"faces": {
				"north": { "texture": "#iron", "uv": [ 0.0, 0.0, 14.0, 2.0 ] },
				"east": { "texture": "#iron", "uv": [ 0.0, 0.0, 4.0, 2.0 ] },
				"south": { "texture": "#iron", "uv": [ 0.0, 0.0, 14.0, 2.0 ] },
				"west": { "texture": "#iron", "uv": [ 0.0, 0.0, 4.0, 2.0 ] },
				"up": { "texture": "#iron", "uv": [ 0.0, 0.0, 14.0, 4.0 ] },
				"down": { "texture": "#iron", "uv": [ 0.0, 0.0, 14.0, 4.0 ] }
			},
			"children": [
				{
					"name": "Cube3",
					"from": [ 0.01, -1.0, 1.0 ],
					"to": [ 14.01, 3.0, 3.0 ],
					"rotationOrigin": [ 2.0, 1.0, 2.0 ],
					"faces": {
						"north": { "texture": "#iron", "uv": [ 0.0, 0.0, 14.0, 4.0 ] },
						"east": { "texture": "#iron", "uv": [ 0.0, 0.0, 2.0, 4.0 ] },
						"south": { "texture": "#iron", "uv": [ 0.0, 0.0, 14.0, 4.0 ] },
						"west": { "texture": "#iron", "uv": [ 0.0, 0.0, 2.0, 4.0 ] },
						"up": { "texture": "#iron", "uv": [ 0.0, 0.0, 14.0, 2.0 ] },
						"down": { "texture": "#iron", "uv": [ 0.0, 0.0, 14.0, 2.0 ] }
					}
				},
				{
					"name": "Cube13",
					"from": [ 4.7, 6.0, -0.5 ],
					"to": [ 10.2, 7.0, 4.5 ],
					"rotationOrigin": [ 4.2, 1.0, 2.0 ],
					"rotationX": -45.0,
					"faces": {
						"north": { "texture": "#steel", "uv": [ 0.0, 0.0, 5.5, 1.0 ] },
						"east": { "texture": "#steel", "uv": [ 0.0, 0.0, 5.0, 1.0 ] },
						"south": { "texture": "#steel", "uv": [ 0.0, 0.0, 5.5, 1.0 ] },
						"west": { "texture": "#steel", "uv": [ 0.0, 0.0, 5.0, 1.0 ] },
						"up": { "texture": "#steel", "uv": [ 0.0, 0.0, 5.5, 5.0 ] },
						"down": { "texture": "#steel", "uv": [ 0.0, 0.0, 5.5, 5.0 ] }
					},
					"children": [
						{
							"name": "Cube14",
							"from": [ 1.75, -4.0, 2.0 ],
							"to": [ 3.75, 0.5, 3.0 ],
							"rotationOrigin": [ 1.2, -3.0, 4.5 ],
							"faces": {
								"north": { "texture": "#steel", "uv": [ 0.0, 0.0, 2.0, 4.5 ] },
								"east": { "texture": "#steel", "uv": [ 0.0, 0.0, 1.0, 4.5 ] },
								"south": { "texture": "#steel", "uv": [ 0.0, 0.0, 2.0, 4.5 ] },
								"west": { "texture": "#steel", "uv": [ 0.0, 0.0, 1.0, 4.5 ] },
								"up": { "texture": "#steel", "uv": [ 0.0, 0.0, 2.0, 1.0 ] },
								"down": { "texture": "#steel", "uv": [ 0.0, 0.0, 2.0, 1.0 ] }
							}
						},
						{
							"name": "Cube15",
							"from": [ 0.1, 0.5, 0.1 ],
							"to": [ 5.4, 1.8, 1.1 ],
							"rotationOrigin": [ 0.1, 0.5, 0.1 ],
							"faces": {
								"north": { "texture": "#iron", "uv": [ 0.0, 0.0, 5.0, 1.0 ] },
								"east": { "texture": "#iron", "uv": [ 0.0, 0.0, 1.0, 1.0 ] },
								"south": { "texture": "#iron", "uv": [ 0.0, 0.0, 5.0, 1.0 ] },
								"west": { "texture": "#iron", "uv": [ 0.0, 0.0, 1.0, 1.0 ] },
								"up": { "texture": "#iron", "uv": [ 0.0, 0.0, 5.0, 1.0 ] },
								"down": { "texture": "#iron", "uv": [ 0.0, 0.0, 5.0, 1.0 ] }
							}
						},
						{
							"name": "Cube16",
							"from": [ 0.1, 0.5, 3.9 ],
							"to": [ 5.4, 1.8, 4.9 ],
							"rotationOrigin": [ 0.1, 0.5, 3.9 ],
							"faces": {
								"north": { "texture": "#iron", "uv": [ 0.0, 0.0, 5.0, 1.0 ] },
								"east": { "texture": "#iron", "uv": [ 0.0, 0.0, 1.0, 1.0 ] },
								"south": { "texture": "#iron", "uv": [ 0.0, 0.0, 5.0, 1.0 ] },
								"west": { "texture": "#iron", "uv": [ 0.0, 0.0, 1.0, 1.0 ] },
								"up": { "texture": "#iron", "uv": [ 0.0, 0.0, 5.0, 1.0 ] },
								"down": { "texture": "#iron", "uv": [ 0.0, 0.0, 5.0, 1.0 ] }
							}
						},
						{
							"name": "Cube17",
							"from": [ 0.1, 0.5, 2.0 ],
							"to": [ 5.4, 1.8, 3.0 ],
							"rotationOrigin": [ 0.1, 0.5, 2.0 ],
							"faces": {
								"north": { "texture": "#iron", "uv": [ 0.0, 0.0, 5.0, 1.0 ] },
								"east": { "texture": "#iron", "uv": [ 0.0, 0.0, 1.0, 1.0 ] },
								"south": { "texture": "#iron", "uv": [ 0.0, 0.0, 5.0, 1.0 ] },
								"west": { "texture": "#iron", "uv": [ 0.0, 0.0, 1.0, 1.0 ] },
								"up": { "texture": "#iron", "uv": [ 0.0, 0.0, 5.0, 1.0 ] },
								"down": { "texture": "#iron", "uv": [ 0.0, 0.0, 5.0, 1.0 ] }
							}
						}
					]
				},
				{
					"name": "Cube18",
					"from": [ 4.7, 6.0, -0.5 ],
					"to": [ 10.2, 7.0, 4.5 ],
					"rotationOrigin": [ 4.2, 1.0, 2.0 ],
					"faces": {
						"north": { "texture": "#steel", "uv": [ 0.0, 0.0, 5.5, 1.0 ] },
						"east": { "texture": "#steel", "uv": [ 0.0, 0.0, 5.0, 1.0 ] },
						"south": { "texture": "#steel", "uv": [ 0.0, 0.0, 5.5, 1.0 ] },
						"west": { "texture": "#steel", "uv": [ 0.0, 0.0, 5.0, 1.0 ] },
						"up": { "texture": "#steel", "uv": [ 0.0, 0.0, 5.5, 5.0 ] },
						"down": { "texture": "#steel", "uv": [ 0.0, 0.0, 5.5, 5.0 ] }
					},
					"children": [
						{
							"name": "Cube19",
							"from": [ 1.75, -4.0, 2.0 ],
							"to": [ 3.75, 0.5, 3.0 ],
							"rotationOrigin": [ 1.2, -3.0, 4.5 ],
							"faces": {
								"north": { "texture": "#steel", "uv": [ 0.0, 0.0, 2.0, 4.5 ] },
								"east": { "texture": "#steel", "uv": [ 0.0, 0.0, 1.0, 4.5 ] },
								"south": { "texture": "#steel", "uv": [ 0.0, 0.0, 2.0, 4.5 ] },
								"west": { "texture": "#steel", "uv": [ 0.0, 0.0, 1.0, 4.5 ] },
								"up": { "texture": "#steel", "uv": [ 0.0, 0.0, 2.0, 1.0 ] },
								"down": { "texture": "#steel", "uv": [ 0.0, 0.0, 2.0, 1.0 ] }
							}
						},
						{
							"name": "Cube20",
							"from": [ 0.1, 0.5, 0.1 ],
							"to": [ 5.4, 1.8, 1.1 ],
							"rotationOrigin": [ 0.1, 0.5, 0.1 ],
							"faces": {
								"north": { "texture": "#iron", "uv": [ 0.0, 0.0, 5.0, 1.0 ] },
								"east": { "texture": "#iron", "uv": [ 0.0, 0.0, 1.0, 1.0 ] },
								"south": { "texture": "#iron", "uv": [ 0.0, 0.0, 5.0, 1.0 ] },
								"west": { "texture": "#iron", "uv": [ 0.0, 0.0, 1.0, 1.0 ] },
								"up": { "texture": "#iron", "uv": [ 0.0, 0.0, 5.0, 1.0 ] },
								"down": { "texture": "#iron", "uv": [ 0.0, 0.0, 5.0, 1.0 ] }
							}
						},
						{
							"name": "Cube21",
							"from": [ 0.1, 0.5, 3.9 ],
							"to": [ 5.4, 1.8, 4.9 ],
							"rotationOrigin": [ 0.1, 0.5, 3.9 ],
							"faces": {
								"north": { "texture": "#iron", "uv": [ 0.0, 0.0, 5.0, 1.0 ] },
								"east": { "texture": "#iron", "uv": [ 0.0, 0.0, 1.0, 1.0 ] },
								"south": { "texture": "#iron", "uv": [ 0.0, 0.0, 5.0, 1.0 ] },
								"west": { "texture": "#iron", "uv": [ 0.0, 0.0, 1.0, 1.0 ] },
								"up": { "texture": "#iron", "uv": [ 0.0, 0.0, 5.0, 1.0 ] },
								"down": { "texture": "#iron", "uv": [ 0.0, 0.0, 5.0, 1.0 ] }
							}
						},
						{
							"name": "Cube22",
							"from": [ 0.1, 0.5, 2.0 ],
							"to": [ 5.4, 1.8, 3.0 ],
							"rotationOrigin": [ 0.1, 0.5, 2.0 ],
							"faces": {
								"north": { "texture": "#iron", "uv": [ 0.0, 0.0, 5.0, 1.0 ] },
								"east": { "texture": "#iron", "uv": [ 0.0, 0.0, 1.0, 1.0 ] },
								"south": { "texture": "#iron", "uv": [ 0.0, 0.0, 5.0, 1.0 ] },
								"west": { "texture": "#iron", "uv": [ 0.0, 0.0, 1.0, 1.0 ] },
								"up": { "texture": "#iron", "uv": [ 0.0, 0.0, 5.0, 1.0 ] },
								"down": { "texture": "#iron", "uv": [ 0.0, 0.0, 5.0, 1.0 ] }
							}
						}
					]
				},
				{
					"name": "Cube23",
					"from": [ 4.7, 6.0, -0.5 ],
					"to": [ 10.2, 7.0, 4.5 ],
					"rotationOrigin": [ 4.2, 1.0, 2.0 ],
					"rotationX": 45.0,
					"faces": {
						"north": { "texture": "#steel", "uv": [ 0.0, 0.0, 5.5, 1.0 ] },
						"east": { "texture": "#steel", "uv": [ 0.0, 0.0, 5.0, 1.0 ] },
						"south": { "texture": "#steel", "uv": [ 0.0, 0.0, 5.5, 1.0 ] },
						"west": { "texture": "#steel", "uv": [ 0.0, 0.0, 5.0, 1.0 ] },
						"up": { "texture": "#steel", "uv": [ 0.0, 0.0, 5.5, 5.0 ] },
						"down": { "texture": "#steel", "uv": [ 0.0, 0.0, 5.5, 5.0 ] }
					},
					"children": [
						{
							"name": "Cube24",
							"from": [ 1.75, -4.0, 2.0 ],
							"to": [ 3.75, 0.5, 3.0 ],
							"rotationOrigin": [ 1.2, -3.0, 4.5 ],
							"faces": {
								"north": { "texture": "#steel", "uv": [ 0.0, 0.0, 2.0, 4.5 ] },
								"east": { "texture": "#steel", "uv": [ 0.0, 0.0, 1.0, 4.5 ] },
								"south": { "texture": "#steel", "uv": [ 0.0, 0.0, 2.0, 4.5 ] },
								"west": { "texture": "#steel", "uv": [ 0.0, 0.0, 1.0, 4.5 ] },
								"up": { "texture": "#steel", "uv": [ 0.0, 0.0, 2.0, 1.0 ] },
								"down": { "texture": "#steel", "uv": [ 0.0, 0.0, 2.0, 1.0 ] }
							}
						},
						{
							"name": "Cube25",
							"from": [ 0.1, 0.5, 0.1 ],
							"to": [ 5.4, 1.8, 1.1 ],
							"rotationOrigin": [ 0.1, 0.5, 0.1 ],
							"faces": {
								"north": { "texture": "#iron", "uv": [ 0.0, 0.0, 5.0, 1.0 ] },
								"east": { "texture": "#iron", "uv": [ 0.0, 0.0, 1.0, 1.0 ] },
								"south": { "texture": "#iron", "uv": [ 0.0, 0.0, 5.0, 1.0 ] },
								"west": { "texture": "#iron", "uv": [ 0.0, 0.0, 1.0, 1.0 ] },
								"up": { "texture": "#iron", "uv": [ 0.0, 0.0, 5.0, 1.0 ] },
								"down": { "texture": "#iron", "uv": [ 0.0, 0.0, 5.0, 1.0 ] }
							}
						},
						{
							"name": "Cube26",
							"from": [ 0.1, 0.5, 3.9 ],
							"to": [ 5.4, 1.8, 4.9 ],
							"rotationOrigin": [ 0.1, 0.5, 3.9 ],
							"faces": {
								"north": { "texture": "#iron", "uv": [ 0.0, 0.0, 5.0, 1.0 ] },
								"east": { "texture": "#iron", "uv": [ 0.0, 0.0, 1.0, 1.0 ] },
								"south": { "texture": "#iron", "uv": [ 0.0, 0.0, 5.0, 1.0 ] },
								"west": { "texture": "#iron", "uv": [ 0.0, 0.0, 1.0, 1.0 ] },
								"up": { "texture": "#iron", "uv": [ 0.0, 0.0, 5.0, 1.0 ] },
								"down": { "texture": "#iron", "uv": [ 0.0, 0.0, 5.0, 1.0 ] }
							}
						},
						{
							"name": "Cube27",
							"from": [ 0.1, 0.5, 2.0 ],
							"to": [ 5.4, 1.8, 3.0 ],
							"rotationOrigin": [ 0.1, 0.5, 2.0 ],
							"faces": {
								"north": { "texture": "#iron", "uv": [ 0.0, 0.0, 5.0, 1.0 ] },
								"east": { "texture": "#iron", "uv": [ 0.0, 0.0, 1.0, 1.0 ] },
								"south": { "texture": "#iron", "uv": [ 0.0, 0.0, 5.0, 1.0 ] },
								"west": { "texture": "#iron", "uv": [ 0.0, 0.0, 1.0, 1.0 ] },
								"up": { "texture": "#iron", "uv": [ 0.0, 0.0, 5.0, 1.0 ] },
								"down": { "texture": "#iron", "uv": [ 0.0, 0.0, 5.0, 1.0 ] }
							}
						}
					]
				},
				{
					"name": "Cube29",
					"from": [ 4.7, 6.0, -0.5 ],
					"to": [ 10.2, 7.0, 4.5 ],
					"rotationOrigin": [ 4.2, 1.0, 2.0 ],
					"rotationX": 90.0,
					"faces": {
						"north": { "texture": "#steel", "uv": [ 0.0, 0.0, 5.5, 1.0 ] },
						"east": { "texture": "#steel", "uv": [ 0.0, 0.0, 5.0, 1.0 ] },
						"south": { "texture": "#steel", "uv": [ 0.0, 0.0, 5.5, 1.0 ] },
						"west": { "texture": "#steel", "uv": [ 0.0, 0.0, 5.0, 1.0 ] },
						"up": { "texture": "#steel", "uv": [ 0.0, 0.0, 5.5, 5.0 ] },
						"down": { "texture": "#steel", "uv": [ 0.0, 0.0, 5.5, 5.0 ] }
					},
					"children": [
						{
							"name": "Cube30",
							"from": [ 1.75, -4.0, 2.0 ],
							"to": [ 3.75, 0.5, 3.0 ],
							"rotationOrigin": [ 1.2, -3.0, 4.5 ],
							"faces": {
								"north": { "texture": "#steel", "uv": [ 0.0, 0.0, 2.0, 4.5 ] },
								"east": { "texture": "#steel", "uv": [ 0.0, 0.0, 1.0, 4.5 ] },
								"south": { "texture": "#steel", "uv": [ 0.0, 0.0, 2.0, 4.5 ] },
								"west": { "texture": "#steel", "uv": [ 0.0, 0.0, 1.0, 4.5 ] },
								"up": { "texture": "#steel", "uv": [ 0.0, 0.0, 2.0, 1.0 ] },
								"down": { "texture": "#steel", "uv": [ 0.0, 0.0, 2.0, 1.0 ] }
							}
						},
						{
							"name": "Cube81",
							"from": [ 0.1, 0.5, 0.1 ],
							"to": [ 5.4, 1.8, 1.1 ],
							"rotationOrigin": [ 0.1, 0.5, 0.1 ],
							"faces": {
								"north": { "texture": "#iron", "uv": [ 0.0, 0.0, 5.0, 1.0 ] },
								"east": { "texture": "#iron", "uv": [ 0.0, 0.0, 1.0, 1.0 ] },
								"south": { "texture": "#iron", "uv": [ 0.0, 0.0, 5.0, 1.0 ] },
								"west": { "texture": "#iron", "uv": [ 0.0, 0.0, 1.0, 1.0 ] },
								"up": { "texture": "#iron", "uv": [ 0.0, 0.0, 5.0, 1.0 ] },
								"down": { "texture": "#iron", "uv": [ 0.0, 0.0, 5.0, 1.0 ] }
							}
						},
						{
							"name": "Cube82",
							"from": [ 0.1, 0.5, 3.9 ],
							"to": [ 5.4, 1.8, 4.9 ],
							"rotationOrigin": [ 0.1, 0.5, 3.9 ],
							"faces": {
								"north": { "texture": "#iron", "uv": [ 0.0, 0.0, 5.0, 1.0 ] },
								"east": { "texture": "#iron", "uv": [ 0.0, 0.0, 1.0, 1.0 ] },
								"south": { "texture": "#iron", "uv": [ 0.0, 0.0, 5.0, 1.0 ] },
								"west": { "texture": "#iron", "uv": [ 0.0, 0.0, 1.0, 1.0 ] },
								"up": { "texture": "#iron", "uv": [ 0.0, 0.0, 5.0, 1.0 ] },
								"down": { "texture": "#iron", "uv": [ 0.0, 0.0, 5.0, 1.0 ] }
							}
						},
						{
							"name": "Cube83",
							"from": [ 0.1, 0.5, 2.0 ],
							"to": [ 5.4, 1.8, 3.0 ],
							"rotationOrigin": [ 0.1, 0.5, 2.0 ],
							"faces": {
								"north": { "texture": "#iron", "uv": [ 0.0, 0.0, 5.0, 1.0 ] },
								"east": { "texture": "#iron", "uv": [ 0.0, 0.0, 1.0, 1.0 ] },
								"south": { "texture": "#iron", "uv": [ 0.0, 0.0, 5.0, 1.0 ] },
								"west": { "texture": "#iron", "uv": [ 0.0, 0.0, 1.0, 1.0 ] },
								"up": { "texture": "#iron", "uv": [ 0.0, 0.0, 5.0, 1.0 ] },
								"down": { "texture": "#iron", "uv": [ 0.0, 0.0, 5.0, 1.0 ] }
							}
						}
					]
				},
				{
					"name": "Cube84",
					"from": [ 4.7, 6.0, -0.5 ],
					"to": [ 10.2, 7.0, 4.5 ],
					"rotationOrigin": [ 4.2, 1.0, 2.0 ],
					"rotationX": 135.0,
					"faces": {
						"north": { "texture": "#steel", "uv": [ 0.0, 0.0, 5.5, 1.0 ] },
						"east": { "texture": "#steel", "uv": [ 0.0, 0.0, 5.0, 1.0 ] },
						"south": { "texture": "#steel", "uv": [ 0.0, 0.0, 5.5, 1.0 ] },
						"west": { "texture": "#steel", "uv": [ 0.0, 0.0, 5.0, 1.0 ] },
						"up": { "texture": "#steel", "uv": [ 0.0, 0.0, 5.5, 5.0 ] },
						"down": { "texture": "#steel", "uv": [ 0.0, 0.0, 5.5, 5.0 ] }
					},
					"children": [
						{
							"name": "Cube85",
							"from": [ 1.75, -4.0, 2.0 ],
							"to": [ 3.75, 0.5, 3.0 ],
							"rotationOrigin": [ 1.2, -3.0, 4.5 ],
							"faces": {
								"north": { "texture": "#steel", "uv": [ 0.0, 0.0, 2.0, 4.5 ] },
								"east": { "texture": "#steel", "uv": [ 0.0, 0.0, 1.0, 4.5 ] },
								"south": { "texture": "#steel", "uv": [ 0.0, 0.0, 2.0, 4.5 ] },
								"west": { "texture": "#steel", "uv": [ 0.0, 0.0, 1.0, 4.5 ] },
								"up": { "texture": "#steel", "uv": [ 0.0, 0.0, 2.0, 1.0 ] },
								"down": { "texture": "#steel", "uv": [ 0.0, 0.0, 2.0, 1.0 ] }
							}
						},
						{
							"name": "Cube86",
							"from": [ 0.1, 0.5, 0.1 ],
							"to": [ 5.4, 1.8, 1.1 ],
							"rotationOrigin": [ 0.1, 0.5, 0.1 ],
							"faces": {
								"north": { "texture": "#iron", "uv": [ 0.0, 0.0, 5.0, 1.0 ] },
								"east": { "texture": "#iron", "uv": [ 0.0, 0.0, 1.0, 1.0 ] },
								"south": { "texture": "#iron", "uv": [ 0.0, 0.0, 5.0, 1.0 ] },
								"west": { "texture": "#iron", "uv": [ 0.0, 0.0, 1.0, 1.0 ] },
								"up": { "texture": "#iron", "uv": [ 0.0, 0.0, 5.0, 1.0 ] },
								"down": { "texture": "#iron", "uv": [ 0.0, 0.0, 5.0, 1.0 ] }
							}
						},
						{
							"name": "Cube87",
							"from": [ 0.1, 0.5, 3.9 ],
							"to": [ 5.4, 1.8, 4.9 ],
							"rotationOrigin": [ 0.1, 0.5, 3.9 ],
							"faces": {
								"north": { "texture": "#iron", "uv": [ 0.0, 0.0, 5.0, 1.0 ] },
								"east": { "texture": "#iron", "uv": [ 0.0, 0.0, 1.0, 1.0 ] },
								"south": { "texture": "#iron", "uv": [ 0.0, 0.0, 5.0, 1.0 ] },
								"west": { "texture": "#iron", "uv": [ 0.0, 0.0, 1.0, 1.0 ] },
								"up": { "texture": "#iron", "uv": [ 0.0, 0.0, 5.0, 1.0 ] },
								"down": { "texture": "#iron", "uv": [ 0.0, 0.0, 5.0, 1.0 ] }
							}
						},
						{
							"name": "Cube88",
							"from": [ 0.1, 0.5, 2.0 ],
							"to": [ 5.4, 1.8, 3.0 ],
							"rotationOrigin": [ 0.1, 0.5, 2.0 ],
							"faces": {
								"north": { "texture": "#iron", "uv": [ 0.0, 0.0, 5.0, 1.0 ] },
								"east": { "texture": "#iron", "uv": [ 0.0, 0.0, 1.0, 1.0 ] },
								"south": { "texture": "#iron", "uv": [ 0.0, 0.0, 5.0, 1.0 ] },
								"west": { "texture": "#iron", "uv": [ 0.0, 0.0, 1.0, 1.0 ] },
								"up": { "texture": "#iron", "uv": [ 0.0, 0.0, 5.0, 1.0 ] },
								"down": { "texture": "#iron", "uv": [ 0.0, 0.0, 5.0, 1.0 ] }
							}
						}
					]
				},
				{
					"name": "Cube89",
					"from": [ 4.7, 6.0, -0.5 ],
					"to": [ 10.2, 7.0, 4.5 ],
					"rotationOrigin": [ 4.2, 1.0, 2.0 ],
					"rotationX": 180.0,
					"faces": {
						"north": { "texture": "#steel", "uv": [ 0.0, 0.0, 5.5, 1.0 ] },
						"east": { "texture": "#steel", "uv": [ 0.0, 0.0, 5.0, 1.0 ] },
						"south": { "texture": "#steel", "uv": [ 0.0, 0.0, 5.5, 1.0 ] },
						"west": { "texture": "#steel", "uv": [ 0.0, 0.0, 5.0, 1.0 ] },
						"up": { "texture": "#steel", "uv": [ 0.0, 0.0, 5.5, 5.0 ] },
						"down": { "texture": "#steel", "uv": [ 0.0, 0.0, 5.5, 5.0 ] }
					},
					"children": [
						{
							"name": "Cube90",
							"from": [ 1.75, -4.0, 2.0 ],
							"to": [ 3.75, 0.5, 3.0 ],
							"rotationOrigin": [ 1.2, -3.0, 4.5 ],
							"faces": {
								"north": { "texture": "#steel", "uv": [ 0.0, 0.0, 2.0, 4.5 ] },
								"east": { "texture": "#steel", "uv": [ 0.0, 0.0, 1.0, 4.5 ] },
								"south": { "texture": "#steel", "uv": [ 0.0, 0.0, 2.0, 4.5 ] },
								"west": { "texture": "#steel", "uv": [ 0.0, 0.0, 1.0, 4.5 ] },
								"up": { "texture": "#steel", "uv": [ 0.0, 0.0, 2.0, 1.0 ] },
								"down": { "texture": "#steel", "uv": [ 0.0, 0.0, 2.0, 1.0 ] }
							}
						},
						{
							"name": "Cube91",
							"from": [ 0.1, 0.5, 0.1 ],
							"to": [ 5.4, 1.8, 1.1 ],
							"rotationOrigin": [ 0.1, 0.5, 0.1 ],
							"faces": {
								"north": { "texture": "#iron", "uv": [ 0.0, 0.0, 5.0, 1.0 ] },
								"east": { "texture": "#iron", "uv": [ 0.0, 0.0, 1.0, 1.0 ] },
								"south": { "texture": "#iron", "uv": [ 0.0, 0.0, 5.0, 1.0 ] },
								"west": { "texture": "#iron", "uv": [ 0.0, 0.0, 1.0, 1.0 ] },
								"up": { "texture": "#iron", "uv": [ 0.0, 0.0, 5.0, 1.0 ] },
								"down": { "texture": "#iron", "uv": [ 0.0, 0.0, 5.0, 1.0 ] }
							}
						},
						{
							"name": "Cube92",
							"from": [ 0.1, 0.5, 3.9 ],
							"to": [ 5.4, 1.8, 4.9 ],
							"rotationOrigin": [ 0.1, 0.5, 3.9 ],
							"faces": {
								"north": { "texture": "#iron", "uv": [ 0.0, 0.0, 5.0, 1.0 ] },
								"east": { "texture": "#iron", "uv": [ 0.0, 0.0, 1.0, 1.0 ] },
								"south": { "texture": "#iron", "uv": [ 0.0, 0.0, 5.0, 1.0 ] },
								"west": { "texture": "#iron", "uv": [ 0.0, 0.0, 1.0, 1.0 ] },
								"up": { "texture": "#iron", "uv": [ 0.0, 0.0, 5.0, 1.0 ] },
								"down": { "texture": "#iron", "uv": [ 0.0, 0.0, 5.0, 1.0 ] }
							}
						},
						{
							"name": "Cube93",
							"from": [ 0.1, 0.5, 2.0 ],
							"to": [ 5.4, 1.8, 3.0 ],
							"rotationOrigin": [ 0.1, 0.5, 2.0 ],
							"faces": {
								"north": { "texture": "#iron", "uv": [ 0.0, 0.0, 5.0, 1.0 ] },
								"east": { "texture": "#iron", "uv": [ 0.0, 0.0, 1.0, 1.0 ] },
								"south": { "texture": "#iron", "uv": [ 0.0, 0.0, 5.0, 1.0 ] },
								"west": { "texture": "#iron", "uv": [ 0.0, 0.0, 1.0, 1.0 ] },
								"up": { "texture": "#iron", "uv": [ 0.0, 0.0, 5.0, 1.0 ] },
								"down": { "texture": "#iron", "uv": [ 0.0, 0.0, 5.0, 1.0 ] }
							}
						}
					]
				},
				{
					"name": "Cube94",
					"from": [ 4.7, 6.0, -0.5 ],
					"to": [ 10.2, 7.0, 4.5 ],
					"rotationOrigin": [ 4.2, 1.0, 2.0 ],
					"rotationX": -135.0,
					"faces": {
						"north": { "texture": "#steel", "uv": [ 0.0, 0.0, 5.5, 1.0 ] },
						"east": { "texture": "#steel", "uv": [ 0.0, 0.0, 5.0, 1.0 ] },
						"south": { "texture": "#steel", "uv": [ 0.0, 0.0, 5.5, 1.0 ] },
						"west": { "texture": "#steel", "uv": [ 0.0, 0.0, 5.0, 1.0 ] },
						"up": { "texture": "#steel", "uv": [ 0.0, 0.0, 5.5, 5.0 ] },
						"down": { "texture": "#steel", "uv": [ 0.0, 0.0, 5.5, 5.0 ] }
					},
					"children": [
						{
							"name": "Cube95",
							"from": [ 1.75, -4.0, 2.0 ],
							"to": [ 3.75, 0.5, 3.0 ],
							"rotationOrigin": [ 1.2, -3.0, 4.5 ],
							"faces": {
								"north": { "texture": "#steel", "uv": [ 0.0, 0.0, 2.0, 4.5 ] },
								"east": { "texture": "#steel", "uv": [ 0.0, 0.0, 1.0, 4.5 ] },
								"south": { "texture": "#steel", "uv": [ 0.0, 0.0, 2.0, 4.5 ] },
								"west": { "texture": "#steel", "uv": [ 0.0, 0.0, 1.0, 4.5 ] },
								"up": { "texture": "#steel", "uv": [ 0.0, 0.0, 2.0, 1.0 ] },
								"down": { "texture": "#steel", "uv": [ 0.0, 0.0, 2.0, 1.0 ] }
							}
						},
						{
							"name": "Cube96",
							"from": [ 0.1, 0.5, 0.1 ],
							"to": [ 5.4, 1.8, 1.1 ],
							"rotationOrigin": [ 0.1, 0.5, 0.1 ],
							"faces": {
								"north": { "texture": "#iron", "uv": [ 0.0, 0.0, 5.0, 1.0 ] },
								"east": { "texture": "#iron", "uv": [ 0.0, 0.0, 1.0, 1.0 ] },
								"south": { "texture": "#iron", "uv": [ 0.0, 0.0, 5.0, 1.0 ] },
								"west": { "texture": "#iron", "uv": [ 0.0, 0.0, 1.0, 1.0 ] },
								"up": { "texture": "#iron", "uv": [ 0.0, 0.0, 5.0, 1.0 ] },
								"down": { "texture": "#iron", "uv": [ 0.0, 0.0, 5.0, 1.0 ] }
							}
						},
						{
							"name": "Cube97",
							"from": [ 0.1, 0.5, 3.9 ],
							"to": [ 5.4, 1.8, 4.9 ],
							"rotationOrigin": [ 0.1, 0.5, 3.9 ],
							"faces": {
								"north": { "texture": "#iron", "uv": [ 0.0, 0.0, 5.0, 1.0 ] },
								"east": { "texture": "#iron", "uv": [ 0.0, 0.0, 1.0, 1.0 ] },
								"south": { "texture": "#iron", "uv": [ 0.0, 0.0, 5.0, 1.0 ] },
								"west": { "texture": "#iron", "uv": [ 0.0, 0.0, 1.0, 1.0 ] },
								"up": { "texture": "#iron", "uv": [ 0.0, 0.0, 5.0, 1.0 ] },
								"down": { "texture": "#iron", "uv": [ 0.0, 0.0, 5.0, 1.0 ] }
							}
						},
						{
							"name": "Cube98",
							"from": [ 0.1, 0.5, 2.0 ],
							"to": [ 5.4, 1.8, 3.0 ],
							"rotationOrigin": [ 0.1, 0.5, 2.0 ],
							"faces": {
								"north": { "texture": "#iron", "uv": [ 0.0, 0.0, 5.0, 1.0 ] },
								"east": { "texture": "#iron", "uv": [ 0.0, 0.0, 1.0, 1.0 ] },
								"south": { "texture": "#iron", "uv": [ 0.0, 0.0, 5.0, 1.0 ] },
								"west": { "texture": "#iron", "uv": [ 0.0, 0.0, 1.0, 1.0 ] },
								"up": { "texture": "#iron", "uv": [ 0.0, 0.0, 5.0, 1.0 ] },
								"down": { "texture": "#iron", "uv": [ 0.0, 0.0, 5.0, 1.0 ] }
							}
						}
					]
				},
				{
					"name": "Cube99",
					"from": [ 4.7, 6.0, -0.5 ],
					"to": [ 10.2, 7.0, 4.5 ],
					"rotationOrigin": [ 4.2, 1.0, 2.0 ],
					"rotationX": -90.0,
					"faces": {
						"north": { "texture": "#steel", "uv": [ 0.0, 0.0, 5.5, 1.0 ] },
						"east": { "texture": "#steel", "uv": [ 0.0, 0.0, 5.0, 1.0 ] },
						"south": { "texture": "#steel", "uv": [ 0.0, 0.0, 5.5, 1.0 ] },
						"west": { "texture": "#steel", "uv": [ 0.0, 0.0, 5.0, 1.0 ] },
						"up": { "texture": "#steel", "uv": [ 0.0, 0.0, 5.5, 5.0 ] },
						"down": { "texture": "#steel", "uv": [ 0.0, 0.0, 5.5, 5.0 ] }
					},
					"children": [
						{
							"name": "Cube100",
							"from": [ 1.75, -4.0, 2.0 ],
							"to": [ 3.75, 0.5, 3.0 ],
							"rotationOrigin": [ 1.2, -3.0, 4.5 ],
							"faces": {
								"north": { "texture": "#steel", "uv": [ 0.0, 0.0, 2.0, 4.5 ] },
								"east": { "texture": "#steel", "uv": [ 0.0, 0.0, 1.0, 4.5 ] },
								"south": { "texture": "#steel", "uv": [ 0.0, 0.0, 2.0, 4.5 ] },
								"west": { "texture": "#steel", "uv": [ 0.0, 0.0, 1.0, 4.5 ] },
								"up": { "texture": "#steel", "uv": [ 0.0, 0.0, 2.0, 1.0 ] },
								"down": { "texture": "#steel", "uv": [ 0.0, 0.0, 2.0, 1.0 ] }
							}
						},
						{
							"name": "Cube101",
							"from": [ 0.1, 0.5, 0.1 ],
							"to": [ 5.4, 1.8, 1.1 ],
							"rotationOrigin": [ 0.1, 0.5, 0.1 ],
							"faces": {
								"north": { "texture": "#iron", "uv": [ 0.0, 0.0, 5.0, 1.0 ] },
								"east": { "texture": "#iron", "uv": [ 0.0, 0.0, 1.0, 1.0 ] },
								"south": { "texture": "#iron", "uv": [ 0.0, 0.0, 5.0, 1.0 ] },
								"west": { "texture": "#iron", "uv": [ 0.0, 0.0, 1.0, 1.0 ] },
								"up": { "texture": "#iron", "uv": [ 0.0, 0.0, 5.0, 1.0 ] },
								"down": { "texture": "#iron", "uv": [ 0.0, 0.0, 5.0, 1.0 ] }
							}
						},
						{
							"name": "Cube102",
							"from": [ 0.1, 0.5, 3.9 ],
							"to": [ 5.4, 1.8, 4.9 ],
							"rotationOrigin": [ 0.1, 0.5, 3.9 ],
							"faces": {
								"north": { "texture": "#iron", "uv": [ 0.0, 0.0, 5.0, 1.0 ] },
								"east": { "texture": "#iron", "uv": [ 0.0, 0.0, 1.0, 1.0 ] },
								"south": { "texture": "#iron", "uv": [ 0.0, 0.0, 5.0, 1.0 ] },
								"west": { "texture": "#iron", "uv": [ 0.0, 0.0, 1.0, 1.0 ] },
								"up": { "texture": "#iron", "uv": [ 0.0, 0.0, 5.0, 1.0 ] },
								"down": { "texture": "#iron", "uv": [ 0.0, 0.0, 5.0, 1.0 ] }
							}
						},
						{
							"name": "Cube103",
							"from": [ 0.1, 0.5, 2.0 ],
							"to": [ 5.4, 1.8, 3.0 ],
							"rotationOrigin": [ 0.1, 0.5, 2.0 ],
							"faces": {
								"north": { "texture": "#iron", "uv": [ 0.0, 0.0, 5.0, 1.0 ] },
								"east": { "texture": "#iron", "uv": [ 0.0, 0.0, 1.0, 1.0 ] },
								"south": { "texture": "#iron", "uv": [ 0.0, 0.0, 5.0, 1.0 ] },
								"west": { "texture": "#iron", "uv": [ 0.0, 0.0, 1.0, 1.0 ] },
								"up": { "texture": "#iron", "uv": [ 0.0, 0.0, 5.0, 1.0 ] },
								"down": { "texture": "#iron", "uv": [ 0.0, 0.0, 5.0, 1.0 ] }
							}
						}
					]
				}
			]
		}
	]}