{
	"editor": {
		"allAngles": false,
		"entityTextureMode": false
	},
	"textureWidth": 16,
	"textureHeight": 16,
	"textureSizes": {
	},
	"textures": {
		"brass": "block/brass",
		"copper": "block/copper",
		"iron": "block/iron",
		"steel": "block/steel",
		"zinc": "block/zinc"
	},
	"elements": [
		{
			"name": "stator",
			"from": [ 0.0, 0.0, 0.0 ],
			"to": [ 16.0, 1.0, 16.0 ],
			"rotationOrigin": [ 8.0, 0.0, 8.0 ],
			"rotationY": 90.0,
			"faces": {
				"north": { "texture": "#iron", "uv": [ 0.0, 0.0, 16.0, 1.0 ] },
				"east": { "texture": "#iron", "uv": [ 0.0, 0.0, 15.0, 1.0 ] },
				"south": { "texture": "#iron", "uv": [ 0.0, 0.0, 16.0, 1.0 ] },
				"west": { "texture": "#iron", "uv": [ 0.0, 0.0, 15.0, 1.0 ] },
				"up": { "texture": "#iron", "uv": [ 0.0, 0.0, 16.0, 15.0 ] },
				"down": { "texture": "#iron", "uv": [ 0.0, 0.0, 16.0, 15.0 ] }
			},
			"children": [
				{
					"name": "Cube28",
					"from": [ 2.0, 1.0, 5.0 ],
					"to": [ 14.0, 2.0, 11.0 ],
					"rotationOrigin": [ 19.0, 8.0, 8.0 ],
					"faces": {
						"north": { "texture": "#iron", "uv": [ 0.0, 0.0, 12.0, 1.0 ] },
						"east": { "texture": "#iron", "uv": [ 0.0, 0.0, 6.0, 1.0 ] },
						"south": { "texture": "#iron", "uv": [ 0.0, 0.0, 12.0, 1.0 ] },
						"west": { "texture": "#iron", "uv": [ 0.0, 0.0, 6.0, 1.0 ] },
						"up": { "texture": "#iron", "uv": [ 0.0, 0.0, 12.0, 6.0 ] },
						"down": { "texture": "#iron", "uv": [ 0.0, 0.0, 12.0, 6.0 ] }
					}
				},
				{
					"name": "Cube10",
					"from": [ 14.0, 1.0, 5.0 ],
					"to": [ 15.0, 14.9, 11.0 ],
					"rotationOrigin": [ 15.0, 8.0, 8.0 ],
					"faces": {
						"north": { "texture": "#iron", "uv": [ 0.0, 0.0, 1.0, 13.5 ] },
						"east": { "texture": "#iron", "uv": [ 0.0, 0.0, 6.0, 13.5 ] },
						"south": { "texture": "#iron", "uv": [ 0.0, 0.0, 1.0, 13.5 ] },
						"west": { "texture": "#iron", "uv": [ 0.0, 0.0, 6.0, 13.5 ] },
						"up": { "texture": "#iron", "uv": [ 0.0, 0.0, 1.0, 6.0 ] },
						"down": { "texture": "#iron", "uv": [ 0.0, 0.0, 1.0, 6.0 ] }
					}
				},
				{
					"name": "Cube9",
					"from": [ 1.5, 1.0, 5.0 ],
					"to": [ 2.0, 14.9, 11.0 ],
					"rotationOrigin": [ 2.5, 8.0, 8.0 ],
					"faces": {
						"north": { "texture": "#iron", "uv": [ 0.0, 0.0, 0.5, 13.5 ] },
						"east": { "texture": "#iron", "uv": [ 0.0, 0.0, 6.0, 13.5 ] },
						"south": { "texture": "#iron", "uv": [ 0.0, 0.0, 0.5, 13.5 ] },
						"west": { "texture": "#iron", "uv": [ 0.0, 0.0, 6.0, 13.5 ] },
						"up": { "texture": "#iron", "uv": [ 0.0, 0.0, 0.5, 6.0 ] },
						"down": { "texture": "#iron", "uv": [ 0.0, 0.0, 0.5, 6.0 ] }
					}
				},
				{
					"name": "Cube35",
					"from": [ 2.0, 1.0, 5.25 ],
					"to": [ 14.0, 1.6, 10.75 ],
					"rotationOrigin": [ 19.0, 8.0, 8.0 ],
					"rotationX": -45.0,
					"faces": {
						"north": { "texture": "#iron", "uv": [ 0.0, 0.0, 12.0, 0.5 ] },
						"east": { "texture": "#iron", "uv": [ 0.0, 0.0, 5.5, 0.5 ] },
						"south": { "texture": "#iron", "uv": [ 0.0, 0.0, 12.0, 0.5 ] },
						"west": { "texture": "#iron", "uv": [ 0.0, 0.0, 5.5, 0.5 ] },
						"up": { "texture": "#iron", "uv": [ 0.0, 0.0, 12.0, 5.5 ] },
						"down": { "texture": "#iron", "uv": [ 0.0, 0.0, 12.0, 5.5 ] }
					}
				},
				{
					"name": "Cube36",
					"from": [ 2.0, -2.9, 5.1 ],
					"to": [ 5.0, -2.3, 14.8 ],
					"rotationOrigin": [ 19.0, 4.1, 7.9 ],
					"rotationX": -90.0,
					"faces": {
						"north": { "texture": "#iron", "uv": [ 0.0, 0.0, 3.0, 0.5 ] },
						"east": { "texture": "#iron", "uv": [ 0.0, 0.0, 9.5, 0.5 ] },
						"south": { "texture": "#iron", "uv": [ 0.0, 0.0, 3.0, 0.5 ] },
						"west": { "texture": "#iron", "uv": [ 0.0, 0.0, 9.5, 0.5 ] },
						"up": { "texture": "#iron", "uv": [ 0.0, 0.0, 3.0, 9.5 ] },
						"down": { "texture": "#iron", "uv": [ 0.0, 0.0, 3.0, 9.5 ] }
					},
					"children": [
						{
							"name": "Cube37",
							"from": [ 0.0, -0.1, 3.95 ],
							"to": [ 3.0, 0.5, 9.45 ],
							"rotationOrigin": [ 17.0, 6.9, 6.7 ],
							"rotationX": -45.0,
							"faces": {
								"north": { "texture": "#iron", "uv": [ 0.0, 0.0, 3.0, 0.5 ] },
								"east": { "texture": "#iron", "uv": [ 0.0, 0.0, 5.5, 0.5 ] },
								"south": { "texture": "#iron", "uv": [ 0.0, 0.0, 3.0, 0.5 ] },
								"west": { "texture": "#iron", "uv": [ 0.0, 0.0, 5.5, 0.5 ] },
								"up": { "texture": "#iron", "uv": [ 0.0, 0.0, 3.0, 5.5 ] },
								"down": { "texture": "#iron", "uv": [ 0.0, 0.0, 3.0, 5.5 ] }
							},
							"children": [
								{
									"name": "Cube31",
									"from": [ 0.0, -0.0707, -0.2621 ],
									"to": [ 3.0, 0.5293, 9.2379 ],
									"rotationOrigin": [ 17.0, 6.9293, 2.5379 ],
									"rotationX": -45.0,
									"faces": {
										"north": { "texture": "#iron", "uv": [ 0.0, 0.0, 3.0, 0.5 ] },
										"east": { "texture": "#iron", "uv": [ 0.0, 0.0, 9.5, 0.5 ] },
										"south": { "texture": "#iron", "uv": [ 0.0, 0.0, 3.0, 0.5 ] },
										"west": { "texture": "#iron", "uv": [ 0.0, 0.0, 9.5, 0.5 ] },
										"up": { "texture": "#iron", "uv": [ 0.0, 0.0, 3.0, 9.5 ] },
										"down": { "texture": "#iron", "uv": [ 0.0, 0.0, 3.0, 9.5 ] }
									},
									"children": [
										{
											"name": "Cube5",
											"from": [ 0.1, -0.3, 1.0 ],
											"to": [ 2.5, 0.3, 6.0 ],
											"rotationOrigin": [ 0.1, -0.3, 1.0 ],
											"faces": {
												"north": { "texture": "#brass", "uv": [ 0.0, 0.0, 2.0, 0.5 ] },
												"east": { "texture": "#brass", "uv": [ 0.0, 0.0, 5.0, 0.5 ] },
												"south": { "texture": "#brass", "uv": [ 0.0, 0.0, 2.0, 0.5 ] },
												"west": { "texture": "#brass", "uv": [ 0.0, 0.0, 5.0, 0.5 ] },
												"up": { "texture": "#brass", "uv": [ 0.0, 0.0, 2.0, 5.0 ] },
												"down": { "texture": "#brass", "uv": [ 0.0, 0.0, 2.0, 5.0 ] }
											},
											"children": [
												{
													"name": "Cube7",
													"from": [ -0.8, 0.1, 1.0 ],
													"to": [ 0.2, 0.6, 1.3 ],
													"rotationOrigin": [ -0.8, 0.1, 1.0 ],
													"faces": {
														"north": { "texture": "#copper", "uv": [ 0.0, 0.0, 1.0, 0.5 ] },
														"east": { "texture": "#copper", "uv": [ 0.0, 0.0, 0.5, 0.5 ] },
														"south": { "texture": "#copper", "uv": [ 0.0, 0.0, 1.0, 0.5 ] },
														"west": { "texture": "#copper", "uv": [ 0.0, 0.0, 0.5, 0.5 ] },
														"up": { "texture": "#copper", "uv": [ 0.0, 0.0, 1.0, 0.5 ] },
														"down": { "texture": "#copper", "uv": [ 0.0, 0.0, 1.0, 0.5 ] }
													}
												},
												{
													"name": "Cube11",
													"from": [ -0.8, 0.6, 1.0 ],
													"to": [ -0.2, 14.2, 1.3 ],
													"rotationOrigin": [ -0.8, 0.6, 1.0 ],
													"faces": {
														"north": { "texture": "#copper", "uv": [ 0.0, 0.0, 0.5, 13.5 ] },
														"east": { "texture": "#copper", "uv": [ 0.0, 0.0, 0.5, 13.5 ] },
														"south": { "texture": "#copper", "uv": [ 0.0, 0.0, 0.5, 13.5 ] },
														"west": { "texture": "#copper", "uv": [ 0.0, 0.0, 0.5, 13.5 ] },
														"up": { "texture": "#copper", "uv": [ 0.0, 0.0, 0.5, 0.5 ] },
														"down": { "texture": "#copper", "uv": [ 0.0, 0.0, 0.5, 0.5 ] }
													}
												},
												{
													"name": "Cube12",
													"from": [ -1.0, 13.6, 0.8 ],
													"to": [ -0.4, 14.2, 1.5 ],
													"rotationOrigin": [ -1.0, 13.6, 0.8 ],
													"faces": {
														"north": { "texture": "#brass", "uv": [ 0.0, 0.0, 0.5, 0.5 ] },
														"east": { "texture": "#brass", "uv": [ 0.0, 0.0, 0.5, 0.5 ] },
														"south": { "texture": "#brass", "uv": [ 0.0, 0.0, 0.5, 0.5 ] },
														"west": { "texture": "#brass", "uv": [ 0.0, 0.0, 0.5, 0.5 ] },
														"up": { "texture": "#brass", "uv": [ 0.0, 0.0, 0.5, 0.5 ] },
														"down": { "texture": "#brass", "uv": [ 0.0, 0.0, 0.5, 0.5 ] }
													}
												}
											]
										},
										{
											"name": "Cube6",
											"from": [ 0.3, -0.5, 1.2 ],
											"to": [ 2.3, 0.1, 5.8 ],
											"rotationOrigin": [ 0.3, -0.5, 1.2 ],
											"faces": {
												"north": { "texture": "#zinc", "uv": [ 0.0, 0.0, 2.0, 0.5 ] },
												"east": { "texture": "#zinc", "uv": [ 0.0, 0.0, 4.5, 0.5 ] },
												"south": { "texture": "#zinc", "uv": [ 0.0, 0.0, 2.0, 0.5 ] },
												"west": { "texture": "#zinc", "uv": [ 0.0, 0.0, 4.5, 0.5 ] },
												"up": { "texture": "#zinc", "uv": [ 0.0, 0.0, 2.0, 4.5 ] },
												"down": { "texture": "#zinc", "uv": [ 0.0, 0.0, 2.0, 4.5 ] }
											}
										}
									]
								}
							]
						}
					]
				},
				{
					"name": "Cube2",
					"from": [ 0.5, 0.3, 0.5 ],
					"to": [ 15.5, 1.3, 15.5 ],
					"rotationOrigin": [ 0.5, 0.3, 0.5 ],
					"faces": {
						"north": { "texture": "#steel", "uv": [ 0.0, 0.0, 15.0, 1.0 ] },
						"east": { "texture": "#steel", "uv": [ 0.0, 0.0, 15.0, 1.0 ] },
						"south": { "texture": "#steel", "uv": [ 0.0, 0.0, 15.0, 1.0 ] },
						"west": { "texture": "#steel", "uv": [ 0.0, 0.0, 15.0, 1.0 ] },
						"up": { "texture": "#steel", "uv": [ 0.0, 0.0, 15.0, 15.0 ] },
						"down": { "texture": "#steel", "uv": [ 0.0, 0.0, 15.0, 15.0 ] }
					}
				},
				{
					"name": "Cube38",
					"from": [ 0.8, 0.8, 0.8 ],
					"to": [ 15.2, 14.8, 5.0 ],
					"rotationOrigin": [ 1.8, 7.8, 3.8 ],
					"faces": {
						"north": { "texture": "#iron", "uv": [ 0.0, 0.0, 14.0, 14.0 ] },
						"east": { "texture": "#iron", "uv": [ 0.0, 0.0, 4.0, 14.0 ] },
						"south": { "texture": "#iron", "uv": [ 0.0, 0.0, 14.0, 14.0 ] },
						"west": { "texture": "#iron", "uv": [ 0.0, 0.0, 4.0, 14.0 ] },
						"up": { "texture": "#iron", "uv": [ 0.0, 0.0, 14.0, 4.0 ] },
						"down": { "texture": "#iron", "uv": [ 0.0, 0.0, 14.0, 4.0 ] }
					}
				},
				{
					"name": "Cube39",
					"from": [ 12.0, -2.9, 5.1 ],
					"to": [ 14.0, -2.3, 14.8 ],
					"rotationOrigin": [ 28.0, 4.1, 7.9 ],
					"rotationX": -90.0,
					"faces": {
						"north": { "texture": "#iron", "uv": [ 0.0, 0.0, 2.0, 0.5 ] },
						"east": { "texture": "#iron", "uv": [ 0.0, 0.0, 9.5, 0.5 ] },
						"south": { "texture": "#iron", "uv": [ 0.0, 0.0, 2.0, 0.5 ] },
						"west": { "texture": "#iron", "uv": [ 0.0, 0.0, 9.5, 0.5 ] },
						"up": { "texture": "#iron", "uv": [ 0.0, 0.0, 2.0, 9.5 ] },
						"down": { "texture": "#iron", "uv": [ 0.0, 0.0, 2.0, 9.5 ] }
					},
					"children": [
						{
							"name": "Cube40",
							"from": [ 0.0, -0.1, 3.95 ],
							"to": [ 2.0, 0.5, 9.45 ],
							"rotationOrigin": [ 17.0, 6.9, 6.7 ],
							"rotationX": -45.0,
							"faces": {
								"north": { "texture": "#iron", "uv": [ 0.0, 0.0, 2.0, 0.5 ] },
								"east": { "texture": "#iron", "uv": [ 0.0, 0.0, 5.5, 0.5 ] },
								"south": { "texture": "#iron", "uv": [ 0.0, 0.0, 2.0, 0.5 ] },
								"west": { "texture": "#iron", "uv": [ 0.0, 0.0, 5.5, 0.5 ] },
								"up": { "texture": "#iron", "uv": [ 0.0, 0.0, 2.0, 5.5 ] },
								"down": { "texture": "#iron", "uv": [ 0.0, 0.0, 2.0, 5.5 ] }
							},
							"children": [
								{
									"name": "Cube32",
									"from": [ 0.0, -0.0707, -0.2621 ],
									"to": [ 2.0, 0.5293, 9.2379 ],
									"rotationOrigin": [ 17.0, 6.9293, 2.5379 ],
									"rotationX": -45.0,
									"faces": {
										"north": { "texture": "#iron", "uv": [ 0.0, 0.0, 2.0, 0.5 ] },
										"east": { "texture": "#iron", "uv": [ 0.0, 0.0, 9.5, 0.5 ] },
										"south": { "texture": "#iron", "uv": [ 0.0, 0.0, 2.0, 0.5 ] },
										"west": { "texture": "#iron", "uv": [ 0.0, 0.0, 9.5, 0.5 ] },
										"up": { "texture": "#iron", "uv": [ 0.0, 0.0, 2.0, 9.5 ] },
										"down": { "texture": "#iron", "uv": [ 0.0, 0.0, 2.0, 9.5 ] }
									}
								}
							]
						}
					]
				},
				{
					"name": "Cube41",
					"from": [ 1.9, 0.8, 0.6 ],
					"to": [ 6.3, 6.8, 2.8 ],
					"rotationOrigin": [ 2.9, 7.8, 3.6 ],
					"faces": {
						"north": { "texture": "#copper", "uv": [ 0.0, 0.0, 4.0, 6.0 ] },
						"east": { "texture": "#copper", "uv": [ 0.0, 0.0, 2.0, 6.0 ] },
						"south": { "texture": "#copper", "uv": [ 0.0, 0.0, 4.0, 6.0 ] },
						"west": { "texture": "#copper", "uv": [ 0.0, 0.0, 2.0, 6.0 ] },
						"up": { "texture": "#copper", "uv": [ 0.0, 0.0, 4.0, 2.0 ] },
						"down": { "texture": "#copper", "uv": [ 0.0, 0.0, 4.0, 2.0 ] }
					}
				},
				{
					"name": "Cube42",
					"from": [ 8.5, 3.2, 0.0 ],
					"to": [ 13.9, 13.2, 3.0 ],
					"rotationOrigin": [ 9.5, 10.2, 3.0 ],
					"faces": {
						"north": { "texture": "#zinc", "uv": [ 0.0, 0.0, 5.0, 10.0 ] },
						"east": { "texture": "#zinc", "uv": [ 0.0, 0.0, 3.0, 10.0 ] },
						"south": { "texture": "#zinc", "uv": [ 0.0, 0.0, 5.0, 10.0 ] },
						"west": { "texture": "#zinc", "uv": [ 0.0, 0.0, 3.0, 10.0 ] },
						"up": { "texture": "#zinc", "uv": [ 0.0, 0.0, 5.0, 3.0 ] },
						"down": { "texture": "#zinc", "uv": [ 0.0, 0.0, 5.0, 3.0 ] }
					}
				},
				{
					"name": "Cube43",
					"from": [ 1.6, 0.8, 0.3 ],
					"to": [ 6.6, 1.8, 4.5 ],
					"rotationOrigin": [ 2.6, 7.8, 3.3 ],
					"faces": {
						"north": { "texture": "#brass", "uv": [ 0.0, 0.0, 5.0, 1.0 ] },
						"east": { "texture": "#brass", "uv": [ 0.0, 0.0, 4.0, 1.0 ] },
						"south": { "texture": "#brass", "uv": [ 0.0, 0.0, 5.0, 1.0 ] },
						"west": { "texture": "#brass", "uv": [ 0.0, 0.0, 4.0, 1.0 ] },
						"up": { "texture": "#brass", "uv": [ 0.0, 0.0, 5.0, 4.0 ] },
						"down": { "texture": "#brass", "uv": [ 0.0, 0.0, 5.0, 4.0 ] }
					}
				},
				{
					"name": "Cube46",
					"from": [ 12.9, -3.0, 5.3 ],
					"to": [ 13.4, -2.4, 15.1 ],
					"rotationOrigin": [ 28.9, 4.0, 8.1 ],
					"rotationX": -90.0,
					"faces": {
						"north": { "texture": "#copper", "uv": [ 0.0, 0.0, 0.5, 0.5 ] },
						"east": { "texture": "#copper", "uv": [ 0.0, 0.0, 9.5, 0.5 ] },
						"south": { "texture": "#copper", "uv": [ 0.0, 0.0, 0.5, 0.5 ] },
						"west": { "texture": "#copper", "uv": [ 0.0, 0.0, 9.5, 0.5 ] },
						"up": { "texture": "#copper", "uv": [ 0.0, 0.0, 0.5, 9.5 ] },
						"down": { "texture": "#copper", "uv": [ 0.0, 0.0, 0.5, 9.5 ] }
					},
					"children": [
						{
							"name": "Cube47",
							"from": [ 0.0, -0.15, 3.97 ],
							"to": [ 0.5, 0.45, 9.77 ],
							"rotationOrigin": [ 17.0, 6.95, 6.7 ],
							"rotationX": -45.0,
							"faces": {
								"north": { "texture": "#copper", "uv": [ 0.0, 0.0, 0.5, 0.5 ] },
								"east": { "texture": "#copper", "uv": [ 0.0, 0.0, 5.5, 0.5 ] },
								"south": { "texture": "#copper", "uv": [ 0.0, 0.0, 0.5, 0.5 ] },
								"west": { "texture": "#copper", "uv": [ 0.0, 0.0, 5.5, 0.5 ] },
								"up": { "texture": "#copper", "uv": [ 0.0, 0.0, 0.5, 5.5 ] },
								"down": { "texture": "#copper", "uv": [ 0.0, 0.0, 0.5, 5.5 ] }
							},
							"children": [
								{
									"name": "Cube33",
									"from": [ 0.0, -0.16, 0.07 ],
									"to": [ 0.5, 0.24, 7.57 ],
									"rotationOrigin": [ 17.0, 6.8293, 2.74 ],
									"rotationX": -45.0,
									"faces": {
										"north": { "texture": "#copper", "uv": [ 0.0, 0.0, 0.5, 0.5 ] },
										"east": { "texture": "#copper", "uv": [ 0.0, 0.0, 7.5, 0.5 ] },
										"south": { "texture": "#copper", "uv": [ 0.0, 0.0, 0.5, 0.5 ] },
										"west": { "texture": "#copper", "uv": [ 0.0, 0.0, 7.5, 0.5 ] },
										"up": { "texture": "#copper", "uv": [ 0.0, 0.0, 0.5, 7.5 ] },
										"down": { "texture": "#copper", "uv": [ 0.0, 0.0, 0.5, 7.5 ] }
									},
									"children": [
										{
											"name": "Cube4",
											"from": [ -11.3, -0.5, 7.0 ],
											"to": [ 1.4, 0.5, 9.6 ],
											"rotationOrigin": [ -11.3, -0.5, 7.0 ],
											"faces": {
												"north": { "texture": "#zinc", "uv": [ 0.0, 0.0, 12.5, 1.0 ] },
												"east": { "texture": "#zinc", "uv": [ 0.0, 0.0, 2.5, 1.0 ] },
												"south": { "texture": "#zinc", "uv": [ 0.0, 0.0, 12.5, 1.0 ] },
												"west": { "texture": "#zinc", "uv": [ 0.0, 0.0, 2.5, 1.0 ] },
												"up": { "texture": "#zinc", "uv": [ 0.0, 0.0, 12.5, 2.5 ] },
												"down": { "texture": "#zinc", "uv": [ 0.0, 0.0, 12.5, 2.5 ] }
											}
										},
										{
											"name": "Cube8",
											"from": [ -1.2, -0.7, 6.8 ],
											"to": [ 1.5, 0.5, 9.8 ],
											"rotationOrigin": [ -1.2, -0.7, 6.8 ],
											"faces": {
												"north": { "texture": "#steel", "uv": [ 0.0, 0.0, 2.5, 1.0 ] },
												"east": { "texture": "#steel", "uv": [ 0.0, 0.0, 3.0, 1.0 ] },
												"south": { "texture": "#steel", "uv": [ 0.0, 0.0, 2.5, 1.0 ] },
												"west": { "texture": "#steel", "uv": [ 0.0, 0.0, 3.0, 1.0 ] },
												"up": { "texture": "#steel", "uv": [ 0.0, 0.0, 2.5, 3.0 ] },
												"down": { "texture": "#steel", "uv": [ 0.0, 0.0, 2.5, 3.0 ] }
											}
										},
										{
											"name": "Cube34",
											"from": [ -11.4, -0.7, 6.8 ],
											"to": [ -10.6, 0.5, 9.8 ],
											"rotationOrigin": [ -11.4, -0.7, 6.8 ],
											"faces": {
												"north": { "texture": "#steel", "uv": [ 0.0, 0.0, 0.5, 1.0 ] },
												"east": { "texture": "#steel", "uv": [ 0.0, 0.0, 3.0, 1.0 ] },
												"south": { "texture": "#steel", "uv": [ 0.0, 0.0, 0.5, 1.0 ] },
												"west": { "texture": "#steel", "uv": [ 0.0, 0.0, 3.0, 1.0 ] },
												"up": { "texture": "#steel", "uv": [ 0.0, 0.0, 0.5, 3.0 ] },
												"down": { "texture": "#steel", "uv": [ 0.0, 0.0, 0.5, 3.0 ] }
											}
										},
										{
											"name": "Cube48",
											"from": [ -1.5, -0.6, 6.9 ],
											"to": [ -1.3, 0.6, 9.7 ],
											"rotationOrigin": [ -1.5, -0.6, 6.9 ],
											"faces": {
												"north": { "texture": "#copper", "uv": [ 0.0, 0.0, 0.5, 1.0 ] },
												"east": { "texture": "#copper", "uv": [ 0.0, 0.0, 2.5, 1.0 ] },
												"south": { "texture": "#copper", "uv": [ 0.0, 0.0, 0.5, 1.0 ] },
												"west": { "texture": "#copper", "uv": [ 0.0, 0.0, 2.5, 1.0 ] },
												"up": { "texture": "#copper", "uv": [ 0.0, 0.0, 0.5, 2.5 ] },
												"down": { "texture": "#copper", "uv": [ 0.0, 0.0, 0.5, 2.5 ] }
											}
										},
										{
											"name": "Cube49",
											"from": [ -1.8, -0.6, 6.9 ],
											"to": [ -1.6, 0.6, 9.7 ],
											"rotationOrigin": [ -1.8, -0.6, 6.9 ],
											"faces": {
												"north": { "texture": "#copper", "uv": [ 0.0, 0.0, 0.5, 1.0 ] },
												"east": { "texture": "#copper", "uv": [ 0.0, 0.0, 2.5, 1.0 ] },
												"south": { "texture": "#copper", "uv": [ 0.0, 0.0, 0.5, 1.0 ] },
												"west": { "texture": "#copper", "uv": [ 0.0, 0.0, 2.5, 1.0 ] },
												"up": { "texture": "#copper", "uv": [ 0.0, 0.0, 0.5, 2.5 ] },
												"down": { "texture": "#copper", "uv": [ 0.0, 0.0, 0.5, 2.5 ] }
											}
										},
										{
											"name": "Cube50",
											"from": [ -2.1, -0.6, 6.9 ],
											"to": [ -1.9, 0.6, 9.7 ],
											"rotationOrigin": [ -2.1, -0.6, 6.9 ],
											"faces": {
												"north": { "texture": "#copper", "uv": [ 0.0, 0.0, 0.5, 1.0 ] },
												"east": { "texture": "#copper", "uv": [ 0.0, 0.0, 2.5, 1.0 ] },
												"south": { "texture": "#copper", "uv": [ 0.0, 0.0, 0.5, 1.0 ] },
												"west": { "texture": "#copper", "uv": [ 0.0, 0.0, 2.5, 1.0 ] },
												"up": { "texture": "#copper", "uv": [ 0.0, 0.0, 0.5, 2.5 ] },
												"down": { "texture": "#copper", "uv": [ 0.0, 0.0, 0.5, 2.5 ] }
											}
										},
										{
											"name": "Cube51",
											"from": [ -2.4, -0.6, 6.9 ],
											"to": [ -2.2, 0.6, 9.7 ],
											"rotationOrigin": [ -2.4, -0.6, 6.9 ],
											"faces": {
												"north": { "texture": "#copper", "uv": [ 0.0, 0.0, 0.5, 1.0 ] },
												"east": { "texture": "#copper", "uv": [ 0.0, 0.0, 2.5, 1.0 ] },
												"south": { "texture": "#copper", "uv": [ 0.0, 0.0, 0.5, 1.0 ] },
												"west": { "texture": "#copper", "uv": [ 0.0, 0.0, 2.5, 1.0 ] },
												"up": { "texture": "#copper", "uv": [ 0.0, 0.0, 0.5, 2.5 ] },
												"down": { "texture": "#copper", "uv": [ 0.0, 0.0, 0.5, 2.5 ] }
											}
										},
										{
											"name": "Cube52",
											"from": [ -2.7, -0.6, 6.9 ],
											"to": [ -2.5, 0.6, 9.7 ],
											"rotationOrigin": [ -2.7, -0.6, 6.9 ],
											"faces": {
												"north": { "texture": "#copper", "uv": [ 0.0, 0.0, 0.5, 1.0 ] },
												"east": { "texture": "#copper", "uv": [ 0.0, 0.0, 2.5, 1.0 ] },
												"south": { "texture": "#copper", "uv": [ 0.0, 0.0, 0.5, 1.0 ] },
												"west": { "texture": "#copper", "uv": [ 0.0, 0.0, 2.5, 1.0 ] },
												"up": { "texture": "#copper", "uv": [ 0.0, 0.0, 0.5, 2.5 ] },
												"down": { "texture": "#copper", "uv": [ 0.0, 0.0, 0.5, 2.5 ] }
											}
										},
										{
											"name": "Cube53",
											"from": [ -3.0, -0.6, 6.9 ],
											"to": [ -2.8, 0.6, 9.7 ],
											"rotationOrigin": [ -3.0, -0.6, 6.9 ],
											"faces": {
												"north": { "texture": "#copper", "uv": [ 0.0, 0.0, 0.5, 1.0 ] },
												"east": { "texture": "#copper", "uv": [ 0.0, 0.0, 2.5, 1.0 ] },
												"south": { "texture": "#copper", "uv": [ 0.0, 0.0, 0.5, 1.0 ] },
												"west": { "texture": "#copper", "uv": [ 0.0, 0.0, 2.5, 1.0 ] },
												"up": { "texture": "#copper", "uv": [ 0.0, 0.0, 0.5, 2.5 ] },
												"down": { "texture": "#copper", "uv": [ 0.0, 0.0, 0.5, 2.5 ] }
											}
										},
										{
											"name": "Cube54",
											"from": [ -3.3, -0.6, 6.9 ],
											"to": [ -3.1, 0.6, 9.7 ],
											"rotationOrigin": [ -3.3, -0.6, 6.9 ],
											"faces": {
												"north": { "texture": "#copper", "uv": [ 0.0, 0.0, 0.5, 1.0 ] },
												"east": { "texture": "#copper", "uv": [ 0.0, 0.0, 2.5, 1.0 ] },
												"south": { "texture": "#copper", "uv": [ 0.0, 0.0, 0.5, 1.0 ] },
												"west": { "texture": "#copper", "uv": [ 0.0, 0.0, 2.5, 1.0 ] },
												"up": { "texture": "#copper", "uv": [ 0.0, 0.0, 0.5, 2.5 ] },
												"down": { "texture": "#copper", "uv": [ 0.0, 0.0, 0.5, 2.5 ] }
											}
										},
										{
											"name": "Cube55",
											"from": [ -3.6, -0.6, 6.9 ],
											"to": [ -3.4, 0.6, 9.7 ],
											"rotationOrigin": [ -3.6, -0.6, 6.9 ],
											"faces": {
												"north": { "texture": "#copper", "uv": [ 0.0, 0.0, 0.5, 1.0 ] },
												"east": { "texture": "#copper", "uv": [ 0.0, 0.0, 2.5, 1.0 ] },
												"south": { "texture": "#copper", "uv": [ 0.0, 0.0, 0.5, 1.0 ] },
												"west": { "texture": "#copper", "uv": [ 0.0, 0.0, 2.5, 1.0 ] },
												"up": { "texture": "#copper", "uv": [ 0.0, 0.0, 0.5, 2.5 ] },
												"down": { "texture": "#copper", "uv": [ 0.0, 0.0, 0.5, 2.5 ] }
											}
										},
										{
											"name": "Cube56",
											"from": [ -3.9, -0.6, 6.9 ],
											"to": [ -3.7, 0.6, 9.7 ],
											"rotationOrigin": [ -3.9, -0.6, 6.9 ],
											"faces": {
												"north": { "texture": "#copper", "uv": [ 0.0, 0.0, 0.5, 1.0 ] },
												"east": { "texture": "#copper", "uv": [ 0.0, 0.0, 2.5, 1.0 ] },
												"south": { "texture": "#copper", "uv": [ 0.0, 0.0, 0.5, 1.0 ] },
												"west": { "texture": "#copper", "uv": [ 0.0, 0.0, 2.5, 1.0 ] },
												"up": { "texture": "#copper", "uv": [ 0.0, 0.0, 0.5, 2.5 ] },
												"down": { "texture": "#copper", "uv": [ 0.0, 0.0, 0.5, 2.5 ] }
											}
										},
										{
											"name": "Cube57",
											"from": [ -4.2, -0.6, 6.9 ],
											"to": [ -4.0, 0.6, 9.7 ],
											"rotationOrigin": [ -4.2, -0.6, 6.9 ],
											"faces": {
												"north": { "texture": "#copper", "uv": [ 0.0, 0.0, 0.5, 1.0 ] },
												"east": { "texture": "#copper", "uv": [ 0.0, 0.0, 2.5, 1.0 ] },
												"south": { "texture": "#copper", "uv": [ 0.0, 0.0, 0.5, 1.0 ] },
												"west": { "texture": "#copper", "uv": [ 0.0, 0.0, 2.5, 1.0 ] },
												"up": { "texture": "#copper", "uv": [ 0.0, 0.0, 0.5, 2.5 ] },
												"down": { "texture": "#copper", "uv": [ 0.0, 0.0, 0.5, 2.5 ] }
											}
										},
										{
											"name": "Cube58",
											"from": [ -4.5, -0.6, 6.9 ],
											"to": [ -4.3, 0.6, 9.7 ],
											"rotationOrigin": [ -4.5, -0.6, 6.9 ],
											"faces": {
												"north": { "texture": "#copper", "uv": [ 0.0, 0.0, 0.5, 1.0 ] },
												"east": { "texture": "#copper", "uv": [ 0.0, 0.0, 2.5, 1.0 ] },
												"south": { "texture": "#copper", "uv": [ 0.0, 0.0, 0.5, 1.0 ] },
												"west": { "texture": "#copper", "uv": [ 0.0, 0.0, 2.5, 1.0 ] },
												"up": { "texture": "#copper", "uv": [ 0.0, 0.0, 0.5, 2.5 ] },
												"down": { "texture": "#copper", "uv": [ 0.0, 0.0, 0.5, 2.5 ] }
											}
										},
										{
											"name": "Cube59",
											"from": [ -4.8, -0.6, 6.9 ],
											"to": [ -4.6, 0.6, 9.7 ],
											"rotationOrigin": [ -4.8, -0.6, 6.9 ],
											"faces": {
												"north": { "texture": "#copper", "uv": [ 0.0, 0.0, 0.5, 1.0 ] },
												"east": { "texture": "#copper", "uv": [ 0.0, 0.0, 2.5, 1.0 ] },
												"south": { "texture": "#copper", "uv": [ 0.0, 0.0, 0.5, 1.0 ] },
												"west": { "texture": "#copper", "uv": [ 0.0, 0.0, 2.5, 1.0 ] },
												"up": { "texture": "#copper", "uv": [ 0.0, 0.0, 0.5, 2.5 ] },
												"down": { "texture": "#copper", "uv": [ 0.0, 0.0, 0.5, 2.5 ] }
											}
										},
										{
											"name": "Cube60",
											"from": [ -5.1, -0.6, 6.9 ],
											"to": [ -4.9, 0.6, 9.7 ],
											"rotationOrigin": [ -5.1, -0.6, 6.9 ],
											"faces": {
												"north": { "texture": "#copper", "uv": [ 0.0, 0.0, 0.5, 1.0 ] },
												"east": { "texture": "#copper", "uv": [ 0.0, 0.0, 2.5, 1.0 ] },
												"south": { "texture": "#copper", "uv": [ 0.0, 0.0, 0.5, 1.0 ] },
												"west": { "texture": "#copper", "uv": [ 0.0, 0.0, 2.5, 1.0 ] },
												"up": { "texture": "#copper", "uv": [ 0.0, 0.0, 0.5, 2.5 ] },
												"down": { "texture": "#copper", "uv": [ 0.0, 0.0, 0.5, 2.5 ] }
											}
										},
										{
											"name": "Cube61",
											"from": [ -5.4, -0.6, 6.9 ],
											"to": [ -5.2, 0.6, 9.7 ],
											"rotationOrigin": [ -5.4, -0.6, 6.9 ],
											"faces": {
												"north": { "texture": "#copper", "uv": [ 0.0, 0.0, 0.5, 1.0 ] },
												"east": { "texture": "#copper", "uv": [ 0.0, 0.0, 2.5, 1.0 ] },
												"south": { "texture": "#copper", "uv": [ 0.0, 0.0, 0.5, 1.0 ] },
												"west": { "texture": "#copper", "uv": [ 0.0, 0.0, 2.5, 1.0 ] },
												"up": { "texture": "#copper", "uv": [ 0.0, 0.0, 0.5, 2.5 ] },
												"down": { "texture": "#copper", "uv": [ 0.0, 0.0, 0.5, 2.5 ] }
											}
										},
										{
											"name": "Cube62",
											"from": [ -5.7, -0.6, 6.9 ],
											"to": [ -5.5, 0.6, 9.7 ],
											"rotationOrigin": [ -5.7, -0.6, 6.9 ],
											"faces": {
												"north": { "texture": "#copper", "uv": [ 0.0, 0.0, 0.5, 1.0 ] },
												"east": { "texture": "#copper", "uv": [ 0.0, 0.0, 2.5, 1.0 ] },
												"south": { "texture": "#copper", "uv": [ 0.0, 0.0, 0.5, 1.0 ] },
												"west": { "texture": "#copper", "uv": [ 0.0, 0.0, 2.5, 1.0 ] },
												"up": { "texture": "#copper", "uv": [ 0.0, 0.0, 0.5, 2.5 ] },
												"down": { "texture": "#copper", "uv": [ 0.0, 0.0, 0.5, 2.5 ] }
											}
										},
										{
											"name": "Cube63",
											"from": [ -6.0, -0.6, 6.9 ],
											"to": [ -5.8, 0.6, 9.7 ],
											"rotationOrigin": [ -6.0, -0.6, 6.9 ],
											"faces": {
												"north": { "texture": "#copper", "uv": [ 0.0, 0.0, 0.5, 1.0 ] },
												"east": { "texture": "#copper", "uv": [ 0.0, 0.0, 2.5, 1.0 ] },
												"south": { "texture": "#copper", "uv": [ 0.0, 0.0, 0.5, 1.0 ] },
												"west": { "texture": "#copper", "uv": [ 0.0, 0.0, 2.5, 1.0 ] },
												"up": { "texture": "#copper", "uv": [ 0.0, 0.0, 0.5, 2.5 ] },
												"down": { "texture": "#copper", "uv": [ 0.0, 0.0, 0.5, 2.5 ] }
											}
										},
										{
											"name": "Cube64",
											"from": [ -6.3, -0.6, 6.9 ],
											"to": [ -6.1, 0.6, 9.7 ],
											"rotationOrigin": [ -6.3, -0.6, 6.9 ],
											"faces": {
												"north": { "texture": "#copper", "uv": [ 0.0, 0.0, 0.5, 1.0 ] },
												"east": { "texture": "#copper", "uv": [ 0.0, 0.0, 2.5, 1.0 ] },
												"south": { "texture": "#copper", "uv": [ 0.0, 0.0, 0.5, 1.0 ] },
												"west": { "texture": "#copper", "uv": [ 0.0, 0.0, 2.5, 1.0 ] },
												"up": { "texture": "#copper", "uv": [ 0.0, 0.0, 0.5, 2.5 ] },
												"down": { "texture": "#copper", "uv": [ 0.0, 0.0, 0.5, 2.5 ] }
											}
										},
										{
											"name": "Cube65",
											"from": [ -6.6, -0.6, 6.9 ],
											"to": [ -6.4, 0.6, 9.7 ],
											"rotationOrigin": [ -6.6, -0.6, 6.9 ],
											"faces": {
												"north": { "texture": "#copper", "uv": [ 0.0, 0.0, 0.5, 1.0 ] },
												"east": { "texture": "#copper", "uv": [ 0.0, 0.0, 2.5, 1.0 ] },
												"south": { "texture": "#copper", "uv": [ 0.0, 0.0, 0.5, 1.0 ] },
												"west": { "texture": "#copper", "uv": [ 0.0, 0.0, 2.5, 1.0 ] },
												"up": { "texture": "#copper", "uv": [ 0.0, 0.0, 0.5, 2.5 ] },
												"down": { "texture": "#copper", "uv": [ 0.0, 0.0, 0.5, 2.5 ] }
											}
										},
										{
											"name": "Cube66",
											"from": [ -6.9, -0.6, 6.9 ],
											"to": [ -6.7, 0.6, 9.7 ],
											"rotationOrigin": [ -6.9, -0.6, 6.9 ],
											"faces": {
												"north": { "texture": "#copper", "uv": [ 0.0, 0.0, 0.5, 1.0 ] },
												"east": { "texture": "#copper", "uv": [ 0.0, 0.0, 2.5, 1.0 ] },
												"south": { "texture": "#copper", "uv": [ 0.0, 0.0, 0.5, 1.0 ] },
												"west": { "texture": "#copper", "uv": [ 0.0, 0.0, 2.5, 1.0 ] },
												"up": { "texture": "#copper", "uv": [ 0.0, 0.0, 0.5, 2.5 ] },
												"down": { "texture": "#copper", "uv": [ 0.0, 0.0, 0.5, 2.5 ] }
											}
										},
										{
											"name": "Cube67",
											"from": [ -7.2, -0.6, 6.9 ],
											"to": [ -7.0, 0.6, 9.7 ],
											"rotationOrigin": [ -7.2, -0.6, 6.9 ],
											"faces": {
												"north": { "texture": "#copper", "uv": [ 0.0, 0.0, 0.5, 1.0 ] },
												"east": { "texture": "#copper", "uv": [ 0.0, 0.0, 2.5, 1.0 ] },
												"south": { "texture": "#copper", "uv": [ 0.0, 0.0, 0.5, 1.0 ] },
												"west": { "texture": "#copper", "uv": [ 0.0, 0.0, 2.5, 1.0 ] },
												"up": { "texture": "#copper", "uv": [ 0.0, 0.0, 0.5, 2.5 ] },
												"down": { "texture": "#copper", "uv": [ 0.0, 0.0, 0.5, 2.5 ] }
											}
										},
										{
											"name": "Cube68",
											"from": [ -7.5, -0.6, 6.9 ],
											"to": [ -7.3, 0.6, 9.7 ],
											"rotationOrigin": [ -7.5, -0.6, 6.9 ],
											"faces": {
												"north": { "texture": "#copper", "uv": [ 0.0, 0.0, 0.5, 1.0 ] },
												"east": { "texture": "#copper", "uv": [ 0.0, 0.0, 2.5, 1.0 ] },
												"south": { "texture": "#copper", "uv": [ 0.0, 0.0, 0.5, 1.0 ] },
												"west": { "texture": "#copper", "uv": [ 0.0, 0.0, 2.5, 1.0 ] },
												"up": { "texture": "#copper", "uv": [ 0.0, 0.0, 0.5, 2.5 ] },
												"down": { "texture": "#copper", "uv": [ 0.0, 0.0, 0.5, 2.5 ] }
											}
										},
										{
											"name": "Cube69",
											"from": [ -7.8, -0.6, 6.9 ],
											"to": [ -7.6, 0.6, 9.7 ],
											"rotationOrigin": [ -7.8, -0.6, 6.9 ],
											"faces": {
												"north": { "texture": "#copper", "uv": [ 0.0, 0.0, 0.5, 1.0 ] },
												"east": { "texture": "#copper", "uv": [ 0.0, 0.0, 2.5, 1.0 ] },
												"south": { "texture": "#copper", "uv": [ 0.0, 0.0, 0.5, 1.0 ] },
												"west": { "texture": "#copper", "uv": [ 0.0, 0.0, 2.5, 1.0 ] },
												"up": { "texture": "#copper", "uv": [ 0.0, 0.0, 0.5, 2.5 ] },
												"down": { "texture": "#copper", "uv": [ 0.0, 0.0, 0.5, 2.5 ] }
											}
										},
										{
											"name": "Cube70",
											"from": [ -8.1, -0.6, 6.9 ],
											"to": [ -7.9, 0.6, 9.7 ],
											"rotationOrigin": [ -8.1, -0.6, 6.9 ],
											"faces": {
												"north": { "texture": "#copper", "uv": [ 0.0, 0.0, 0.5, 1.0 ] },
												"east": { "texture": "#copper", "uv": [ 0.0, 0.0, 2.5, 1.0 ] },
												"south": { "texture": "#copper", "uv": [ 0.0, 0.0, 0.5, 1.0 ] },
												"west": { "texture": "#copper", "uv": [ 0.0, 0.0, 2.5, 1.0 ] },
												"up": { "texture": "#copper", "uv": [ 0.0, 0.0, 0.5, 2.5 ] },
												"down": { "texture": "#copper", "uv": [ 0.0, 0.0, 0.5, 2.5 ] }
											}
										},
										{
											"name": "Cube71",
											"from": [ -8.4, -0.6, 6.9 ],
											"to": [ -8.2, 0.6, 9.7 ],
											"rotationOrigin": [ -8.4, -0.6, 6.9 ],
											"faces": {
												"north": { "texture": "#copper", "uv": [ 0.0, 0.0, 0.5, 1.0 ] },
												"east": { "texture": "#copper", "uv": [ 0.0, 0.0, 2.5, 1.0 ] },
												"south": { "texture": "#copper", "uv": [ 0.0, 0.0, 0.5, 1.0 ] },
												"west": { "texture": "#copper", "uv": [ 0.0, 0.0, 2.5, 1.0 ] },
												"up": { "texture": "#copper", "uv": [ 0.0, 0.0, 0.5, 2.5 ] },
												"down": { "texture": "#copper", "uv": [ 0.0, 0.0, 0.5, 2.5 ] }
											}
										},
										{
											"name": "Cube72",
											"from": [ -8.7, -0.6, 6.9 ],
											"to": [ -8.5, 0.6, 9.7 ],
											"rotationOrigin": [ -8.7, -0.6, 6.9 ],
											"faces": {
												"north": { "texture": "#copper", "uv": [ 0.0, 0.0, 0.5, 1.0 ] },
												"east": { "texture": "#copper", "uv": [ 0.0, 0.0, 2.5, 1.0 ] },
												"south": { "texture": "#copper", "uv": [ 0.0, 0.0, 0.5, 1.0 ] },
												"west": { "texture": "#copper", "uv": [ 0.0, 0.0, 2.5, 1.0 ] },
												"up": { "texture": "#copper", "uv": [ 0.0, 0.0, 0.5, 2.5 ] },
												"down": { "texture": "#copper", "uv": [ 0.0, 0.0, 0.5, 2.5 ] }
											}
										},
										{
											"name": "Cube73",
											"from": [ -9.0, -0.6, 6.9 ],
											"to": [ -8.8, 0.6, 9.7 ],
											"rotationOrigin": [ -9.0, -0.6, 6.9 ],
											"faces": {
												"north": { "texture": "#copper", "uv": [ 0.0, 0.0, 0.5, 1.0 ] },
												"east": { "texture": "#copper", "uv": [ 0.0, 0.0, 2.5, 1.0 ] },
												"south": { "texture": "#copper", "uv": [ 0.0, 0.0, 0.5, 1.0 ] },
												"west": { "texture": "#copper", "uv": [ 0.0, 0.0, 2.5, 1.0 ] },
												"up": { "texture": "#copper", "uv": [ 0.0, 0.0, 0.5, 2.5 ] },
												"down": { "texture": "#copper", "uv": [ 0.0, 0.0, 0.5, 2.5 ] }
											}
										},
										{
											"name": "Cube74",
											"from": [ -9.3, -0.6, 6.9 ],
											"to": [ -9.1, 0.6, 9.7 ],
											"rotationOrigin": [ -9.3, -0.6, 6.9 ],
											"faces": {
												"north": { "texture": "#copper", "uv": [ 0.0, 0.0, 0.5, 1.0 ] },
												"east": { "texture": "#copper", "uv": [ 0.0, 0.0, 2.5, 1.0 ] },
												"south": { "texture": "#copper", "uv": [ 0.0, 0.0, 0.5, 1.0 ] },
												"west": { "texture": "#copper", "uv": [ 0.0, 0.0, 2.5, 1.0 ] },
												"up": { "texture": "#copper", "uv": [ 0.0, 0.0, 0.5, 2.5 ] },
												"down": { "texture": "#copper", "uv": [ 0.0, 0.0, 0.5, 2.5 ] }
											}
										},
										{
											"name": "Cube75",
											"from": [ -9.6, -0.6, 6.9 ],
											"to": [ -9.4, 0.6, 9.7 ],
											"rotationOrigin": [ -9.6, -0.6, 6.9 ],
											"faces": {
												"north": { "texture": "#copper", "uv": [ 0.0, 0.0, 0.5, 1.0 ] },
												"east": { "texture": "#copper", "uv": [ 0.0, 0.0, 2.5, 1.0 ] },
												"south": { "texture": "#copper", "uv": [ 0.0, 0.0, 0.5, 1.0 ] },
												"west": { "texture": "#copper", "uv": [ 0.0, 0.0, 2.5, 1.0 ] },
												"up": { "texture": "#copper", "uv": [ 0.0, 0.0, 0.5, 2.5 ] },
												"down": { "texture": "#copper", "uv": [ 0.0, 0.0, 0.5, 2.5 ] }
											}
										},
										{
											"name": "Cube76",
											"from": [ -9.9, -0.6, 6.9 ],
											"to": [ -9.7, 0.6, 9.7 ],
											"rotationOrigin": [ -9.9, -0.6, 6.9 ],
											"faces": {
												"north": { "texture": "#copper", "uv": [ 0.0, 0.0, 0.5, 1.0 ] },
												"east": { "texture": "#copper", "uv": [ 0.0, 0.0, 2.5, 1.0 ] },
												"south": { "texture": "#copper", "uv": [ 0.0, 0.0, 0.5, 1.0 ] },
												"west": { "texture": "#copper", "uv": [ 0.0, 0.0, 2.5, 1.0 ] },
												"up": { "texture": "#copper", "uv": [ 0.0, 0.0, 0.5, 2.5 ] },
												"down": { "texture": "#copper", "uv": [ 0.0, 0.0, 0.5, 2.5 ] }
											}
										},
										{
											"name": "Cube77",
											"from": [ -10.2, -0.6, 6.9 ],
											"to": [ -10.0, 0.6, 9.7 ],
											"rotationOrigin": [ -10.2, -0.6, 6.9 ],
											"faces": {
												"north": { "texture": "#copper", "uv": [ 0.0, 0.0, 0.5, 1.0 ] },
												"east": { "texture": "#copper", "uv": [ 0.0, 0.0, 2.5, 1.0 ] },
												"south": { "texture": "#copper", "uv": [ 0.0, 0.0, 0.5, 1.0 ] },
												"west": { "texture": "#copper", "uv": [ 0.0, 0.0, 2.5, 1.0 ] },
												"up": { "texture": "#copper", "uv": [ 0.0, 0.0, 0.5, 2.5 ] },
												"down": { "texture": "#copper", "uv": [ 0.0, 0.0, 0.5, 2.5 ] }
											}
										},
										{
											"name": "Cube78",
											"from": [ -10.5, -0.6, 6.9 ],
											"to": [ -10.3, 0.6, 9.7 ],
											"rotationOrigin": [ -10.5, -0.6, 6.9 ],
											"faces": {
												"north": { "texture": "#copper", "uv": [ 0.0, 0.0, 0.5, 1.0 ] },
												"east": { "texture": "#copper", "uv": [ 0.0, 0.0, 2.5, 1.0 ] },
												"south": { "texture": "#copper", "uv": [ 0.0, 0.0, 0.5, 1.0 ] },
												"west": { "texture": "#copper", "uv": [ 0.0, 0.0, 2.5, 1.0 ] },
												"up": { "texture": "#copper", "uv": [ 0.0, 0.0, 0.5, 2.5 ] },
												"down": { "texture": "#copper", "uv": [ 0.0, 0.0, 0.5, 2.5 ] }
											}
										},
										{
											"name": "Cube79",
											"from": [ -0.2, -0.2, 6.6 ],
											"to": [ 0.7, 0.3, 7.6 ],
											"rotationOrigin": [ -0.2, -0.2, 6.6 ],
											"faces": {
												"north": { "texture": "#brass", "uv": [ 0.0, 0.0, 0.5, 0.5 ] },
												"east": { "texture": "#brass", "uv": [ 0.0, 0.0, 1.0, 0.5 ] },
												"south": { "texture": "#brass", "uv": [ 0.0, 0.0, 0.5, 0.5 ] },
												"west": { "texture": "#brass", "uv": [ 0.0, 0.0, 1.0, 0.5 ] },
												"up": { "texture": "#brass", "uv": [ 0.0, 0.0, 0.5, 1.0 ] },
												"down": { "texture": "#brass", "uv": [ 0.0, 0.0, 0.5, 1.0 ] }
											}
										}
									]
								}
							]
						},
						{
							"name": "Cube80",
							"from": [ -0.2, -0.2, -0.7 ],
							"to": [ 0.7, 0.3, 0.3 ],
							"rotationOrigin": [ -0.2, -0.2, -0.7 ],
							"faces": {
								"north": { "texture": "#brass", "uv": [ 0.0, 0.0, 0.5, 0.5 ] },
								"east": { "texture": "#brass", "uv": [ 0.0, 0.0, 1.0, 0.5 ] },
								"south": { "texture": "#brass", "uv": [ 0.0, 0.0, 0.5, 0.5 ] },
								"west": { "texture": "#brass", "uv": [ 0.0, 0.0, 1.0, 0.5 ] },
								"up": { "texture": "#brass", "uv": [ 0.0, 0.0, 0.5, 1.0 ] },
								"down": { "texture": "#brass", "uv": [ 0.0, 0.0, 0.5, 1.0 ] }
							}
						}
					]
				},
				{
					"name": "Cube44",
					"from": [ 1.9, 6.8, 0.6 ],
					"to": [ 9.3, 11.2, 2.8 ],
					"rotationOrigin": [ 2.9, 13.8, 3.6 ],
					"faces": {
						"north": { "texture": "#copper", "uv": [ 0.0, 0.0, 7.0, 4.0 ] },
						"east": { "texture": "#copper", "uv": [ 0.0, 0.0, 2.0, 4.0 ] },
						"south": { "texture": "#copper", "uv": [ 0.0, 0.0, 7.0, 4.0 ] },
						"west": { "texture": "#copper", "uv": [ 0.0, 0.0, 2.0, 4.0 ] },
						"up": { "texture": "#copper", "uv": [ 0.0, 0.0, 7.0, 2.0 ] },
						"down": { "texture": "#copper", "uv": [ 0.0, 0.0, 7.0, 2.0 ] }
					}
				},
				{
					"name": "Cube45",
					"from": [ 8.1, 6.6, 0.4 ],
					"to": [ 9.5, 11.4, 2.6 ],
					"rotationOrigin": [ 9.1, 13.6, 3.4 ],
					"faces": {
						"north": { "texture": "#brass", "uv": [ 0.0, 0.0, 1.0, 4.5 ] },
						"east": { "texture": "#brass", "uv": [ 0.0, 0.0, 2.0, 4.5 ] },
						"south": { "texture": "#brass", "uv": [ 0.0, 0.0, 1.0, 4.5 ] },
						"west": { "texture": "#brass", "uv": [ 0.0, 0.0, 2.0, 4.5 ] },
						"up": { "texture": "#brass", "uv": [ 0.0, 0.0, 1.0, 2.0 ] },
						"down": { "texture": "#brass", "uv": [ 0.0, 0.0, 1.0, 2.0 ] }
					}
				}
			]
		}
	]}