{
	"editor": {
		"allAngles": false,
		"entityTextureMode": false
	},
	"textureWidth": 16,
	"textureHeight": 16,
	"textureSizes": {
	},
	"textures": {
		"brass": "block/brass",
		"copper": "block/copper",
		"iron": "block/iron",
		"steel": "block/steel",
		"zinc": "block/zinc",
		"brass-sgorevshiy": "block/brass-sgorevshiy",
		"copper-okalina-polosa": "block/copper-okalina-polosa",
		"iron-okalina-krug": "block/iron-okalina-krug",
		"steel-okalina-polosa": "block/steel-okalina-polosa",
		"zinc-sgorevshiy": "block/zinc-sgorevshiy"
	},
	"elements": [
		{
			"name": "Cube1",
			"from": [ 0.0, 0.0, 0.0 ],
			"to": [ 16.0, 1.0, 16.0 ],
			"rotationOrigin": [ 8.0, 0.0, 8.0 ],
			"rotationY": 90.0,
			"faces": {
				"north": {
					"texture": "#iron",
					"uv": [ 0.0, 0.0, 16.0, 1.0 ]
				},
				"east": {
					"texture": "#iron",
					"uv": [ 0.0, 0.0, 15.0, 1.0 ]
				},
				"south": {
					"texture": "#iron",
					"uv": [ 0.0, 0.0, 16.0, 1.0 ]
				},
				"west": {
					"texture": "#iron",
					"uv": [ 0.0, 0.0, 15.0, 1.0 ]
				},
				"up": {
					"texture": "#iron",
					"uv": [ 0.0, 0.0, 16.0, 15.0 ]
				},
				"down": {
					"texture": "#iron",
					"uv": [ 0.0, 0.0, 16.0, 15.0 ]
				}
			}
		},
		{
			"name": "Cube2",
			"from": [ 4.0, 0.75, -4.0 ],
			"to": [ 12.0, 1.75, 4.0 ],
			"rotationOrigin": [ 12.0, 1.0, 4.0 ],
			"rotationY": 90.0,
			"faces": {
				"north": {
					"texture": "#copper",
					"uv": [ 0.0, 0.0, 8.0, 1.0 ]
				},
				"east": {
					"texture": "#copper",
					"uv": [ 0.0, 0.0, 8.0, 1.0 ]
				},
				"south": {
					"texture": "#copper",
					"uv": [ 0.0, 0.0, 8.0, 1.0 ]
				},
				"west": {
					"texture": "#copper",
					"uv": [ 0.0, 0.0, 8.0, 1.0 ]
				},
				"up": {
					"texture": "#copper",
					"uv": [ 0.0, 0.0, 8.0, 8.0 ]
				},
				"down": {
					"texture": "#copper",
					"uv": [ 0.0, 0.0, 8.0, 8.0 ]
				}
			},
			"children": [
				{
					"name": "Cube3",
					"from": [ 0.0, 1.25, 0.0 ],
					"to": [ 8.0, 2.25, 8.0 ],
					"rotationOrigin": [ 8.0, 1.0, 8.0 ],
					"faces": {
						"north": {
							"texture": "#zinc",
							"uv": [ 0.0, 0.0, 8.0, 1.0 ]
						},
						"east": {
							"texture": "#zinc",
							"uv": [ 0.0, 0.0, 8.0, 1.0 ]
						},
						"south": {
							"texture": "#zinc",
							"uv": [ 0.0, 0.0, 8.0, 1.0 ]
						},
						"west": {
							"texture": "#zinc",
							"uv": [ 0.0, 0.0, 8.0, 1.0 ]
						},
						"up": {
							"texture": "#zinc",
							"uv": [ 0.0, 0.0, 8.0, 8.0 ]
						},
						"down": {
							"texture": "#zinc",
							"uv": [ 0.0, 0.0, 8.0, 8.0 ]
						}
					}
				},
				{
					"name": "Cube5",
					"from": [ 0.0, 3.75, 0.0 ],
					"to": [ 8.0, 4.75, 8.0 ],
					"rotationOrigin": [ 8.0, 3.5, 8.0 ],
					"faces": {
						"north": {
							"texture": "#zinc",
							"uv": [ 0.0, 0.0, 8.0, 1.0 ]
						},
						"east": {
							"texture": "#zinc",
							"uv": [ 0.0, 0.0, 8.0, 1.0 ]
						},
						"south": {
							"texture": "#zinc",
							"uv": [ 0.0, 0.0, 8.0, 1.0 ]
						},
						"west": {
							"texture": "#zinc",
							"uv": [ 0.0, 0.0, 8.0, 1.0 ]
						},
						"up": {
							"texture": "#zinc",
							"uv": [ 0.0, 0.0, 8.0, 8.0 ]
						},
						"down": {
							"texture": "#zinc",
							"uv": [ 0.0, 0.0, 8.0, 8.0 ]
						}
					}
				},
				{
					"name": "Cube4",
					"from": [ 0.0, 2.5, 0.0 ],
					"to": [ 8.0, 3.5, 8.0 ],
					"rotationOrigin": [ 8.0, 3.0, 8.0 ],
					"faces": {
						"north": {
							"texture": "#copper",
							"uv": [ 0.0, 0.0, 8.0, 1.0 ]
						},
						"east": {
							"texture": "#copper",
							"uv": [ 0.0, 0.0, 8.0, 1.0 ]
						},
						"south": {
							"texture": "#copper",
							"uv": [ 0.0, 0.0, 8.0, 1.0 ]
						},
						"west": {
							"texture": "#copper",
							"uv": [ 0.0, 0.0, 8.0, 1.0 ]
						},
						"up": {
							"texture": "#copper",
							"uv": [ 0.0, 0.0, 8.0, 8.0 ]
						},
						"down": {
							"texture": "#copper",
							"uv": [ 0.0, 0.0, 8.0, 8.0 ]
						}
					}
				},
				{
					"name": "Cube7",
					"from": [ 0.0, 6.25, 0.0 ],
					"to": [ 8.0, 7.25, 8.0 ],
					"rotationOrigin": [ 8.0, 6.0, 8.0 ],
					"faces": {
						"north": {
							"texture": "#zinc",
							"uv": [ 0.0, 0.0, 8.0, 1.0 ]
						},
						"east": {
							"texture": "#zinc",
							"uv": [ 0.0, 0.0, 8.0, 1.0 ]
						},
						"south": {
							"texture": "#zinc",
							"uv": [ 0.0, 0.0, 8.0, 1.0 ]
						},
						"west": {
							"texture": "#zinc",
							"uv": [ 0.0, 0.0, 8.0, 1.0 ]
						},
						"up": {
							"texture": "#zinc",
							"uv": [ 0.0, 0.0, 8.0, 8.0 ]
						},
						"down": {
							"texture": "#zinc",
							"uv": [ 0.0, 0.0, 8.0, 8.0 ]
						}
					}
				},
				{
					"name": "Cube8",
					"from": [ 0.0, 8.75, 0.0 ],
					"to": [ 8.0, 9.75, 8.0 ],
					"rotationOrigin": [ 8.0, 8.5, 8.0 ],
					"faces": {
						"north": {
							"texture": "#zinc",
							"uv": [ 0.0, 0.0, 8.0, 1.0 ]
						},
						"east": {
							"texture": "#zinc",
							"uv": [ 0.0, 0.0, 8.0, 1.0 ]
						},
						"south": {
							"texture": "#zinc",
							"uv": [ 0.0, 0.0, 8.0, 1.0 ]
						},
						"west": {
							"texture": "#zinc",
							"uv": [ 0.0, 0.0, 8.0, 1.0 ]
						},
						"up": {
							"texture": "#zinc",
							"uv": [ 0.0, 0.0, 8.0, 8.0 ]
						},
						"down": {
							"texture": "#zinc",
							"uv": [ 0.0, 0.0, 8.0, 8.0 ]
						}
					}
				},
				{
					"name": "Cube13",
					"from": [ -0.0028, 12.5, 0.0028 ],
					"to": [ 7.9972, 13.5, 8.0028 ],
					"rotationOrigin": [ 8.0, 13.0, 8.0 ],
					"rotationY": -0.02,
					"faces": {
						"north": {
							"texture": "#zinc-sgorevshiy",
							"uv": [ 0.0, 0.0, 8.0, 1.0 ]
						},
						"east": {
							"texture": "#zinc-sgorevshiy",
							"uv": [ 0.0, 0.0, 8.0, 1.0 ]
						},
						"south": {
							"texture": "#zinc-sgorevshiy",
							"uv": [ 0.0, 0.0, 8.0, 1.0 ]
						},
						"west": {
							"texture": "#zinc-sgorevshiy",
							"uv": [ 0.0, 0.0, 8.0, 1.0 ]
						},
						"up": {
							"texture": "#zinc-sgorevshiy",
							"uv": [ 0.0, 0.0, 8.0, 8.0 ]
						},
						"down": {
							"texture": "#zinc-sgorevshiy",
							"uv": [ 0.0, 0.0, 8.0, 8.0 ]
						}
					}
				},
				{
					"name": "Cube12",
					"from": [ -0.0028, 13.75, 0.0028 ],
					"to": [ 7.9972, 14.75, 8.0028 ],
					"rotationOrigin": [ 8.0, 13.5, 8.0 ],
					"rotationY": -0.02,
					"faces": {
						"north": {
							"texture": "#zinc-sgorevshiy",
							"uv": [ 0.0, 0.0, 8.0, 1.0 ]
						},
						"east": {
							"texture": "#zinc-sgorevshiy",
							"uv": [ 0.0, 0.0, 8.0, 1.0 ]
						},
						"south": {
							"texture": "#zinc-sgorevshiy",
							"uv": [ 0.0, 0.0, 8.0, 1.0 ]
						},
						"west": {
							"texture": "#zinc-sgorevshiy",
							"uv": [ 0.0, 0.0, 8.0, 1.0 ]
						},
						"up": {
							"texture": "#zinc-sgorevshiy",
							"uv": [ 0.0, 0.0, 8.0, 8.0 ]
						},
						"down": {
							"texture": "#zinc-sgorevshiy",
							"uv": [ 0.0, 0.0, 8.0, 8.0 ]
						}
					}
				},
				{
					"name": "Cube11",
					"from": [ -0.0028, 11.25, 0.0028 ],
					"to": [ 7.9972, 12.25, 8.0028 ],
					"rotationOrigin": [ 8.0, 11.0, 8.0 ],
					"rotationY": -0.02,
					"faces": {
						"north": {
							"texture": "#zinc-sgorevshiy",
							"uv": [ 0.0, 0.0, 8.0, 1.0 ]
						},
						"east": {
							"texture": "#zinc-sgorevshiy",
							"uv": [ 0.0, 0.0, 8.0, 1.0 ]
						},
						"south": {
							"texture": "#zinc-sgorevshiy",
							"uv": [ 0.0, 0.0, 8.0, 1.0 ]
						},
						"west": {
							"texture": "#zinc-sgorevshiy",
							"uv": [ 0.0, 0.0, 8.0, 1.0 ]
						},
						"up": {
							"texture": "#zinc-sgorevshiy",
							"uv": [ 0.0, 0.0, 8.0, 8.0 ]
						},
						"down": {
							"texture": "#zinc-sgorevshiy",
							"uv": [ 0.0, 0.0, 8.0, 8.0 ]
						}
					}
				},
				{
					"name": "Cube9",
					"from": [ -0.0028, 7.5, 0.0028 ],
					"to": [ 7.9972, 8.5, 8.0028 ],
					"rotationOrigin": [ 8.0, 8.0, 8.0 ],
					"rotationY": -0.02,
					"faces": {
						"north": {
							"texture": "#copper",
							"uv": [ 0.0, 0.0, 8.0, 1.0 ]
						},
						"east": {
							"texture": "#copper",
							"uv": [ 0.0, 0.0, 8.0, 1.0 ]
						},
						"south": {
							"texture": "#copper",
							"uv": [ 0.0, 0.0, 8.0, 1.0 ]
						},
						"west": {
							"texture": "#copper",
							"uv": [ 0.0, 0.0, 8.0, 1.0 ]
						},
						"up": {
							"texture": "#copper",
							"uv": [ 0.0, 0.0, 8.0, 8.0 ]
						},
						"down": {
							"texture": "#copper",
							"uv": [ 0.0, 0.0, 8.0, 8.0 ]
						}
					}
				},
				{
					"name": "Cube6",
					"from": [ 0.0, 5.0, 0.0 ],
					"to": [ 8.0, 6.0, 8.0 ],
					"rotationOrigin": [ 8.0, 5.0, 8.0 ],
					"faces": {
						"north": {
							"texture": "#copper",
							"uv": [ 0.0, 0.0, 8.0, 1.0 ]
						},
						"east": {
							"texture": "#copper",
							"uv": [ 0.0, 0.0, 8.0, 1.0 ]
						},
						"south": {
							"texture": "#copper",
							"uv": [ 0.0, 0.0, 8.0, 1.0 ]
						},
						"west": {
							"texture": "#copper",
							"uv": [ 0.0, 0.0, 8.0, 1.0 ]
						},
						"up": {
							"texture": "#copper",
							"uv": [ 0.0, 0.0, 8.0, 8.0 ]
						},
						"down": {
							"texture": "#copper",
							"uv": [ 0.0, 0.0, 8.0, 8.0 ]
						}
					}
				},
				{
					"name": "Cube10",
					"from": [ 0.0, 10.0, 0.0 ],
					"to": [ 8.0, 11.0, 8.0 ],
					"rotationOrigin": [ 8.0, 10.0, 8.0 ],
					"faces": {
						"north": {
							"texture": "#zinc-sgorevshiy",
							"uv": [ 0.0, 0.0, 8.0, 1.0 ]
						},
						"east": {
							"texture": "#zinc-sgorevshiy",
							"uv": [ 0.0, 0.0, 8.0, 1.0 ]
						},
						"south": {
							"texture": "#zinc-sgorevshiy",
							"uv": [ 0.0, 0.0, 8.0, 1.0 ]
						},
						"west": {
							"texture": "#zinc-sgorevshiy",
							"uv": [ 0.0, 0.0, 8.0, 1.0 ]
						},
						"up": {
							"texture": "#zinc-sgorevshiy",
							"uv": [ 0.0, 0.0, 8.0, 8.0 ]
						},
						"down": {
							"texture": "#zinc-sgorevshiy",
							"uv": [ 0.0, 0.0, 8.0, 8.0 ]
						}
					}
				}
			]
		},
		{
			"name": "Cube14",
			"from": [ 2.0, 0.1, -2.0 ],
			"to": [ 14.0, 11.15, 10.0 ],
			"rotationOrigin": [ 10.0, 0.1, 6.0 ],
			"rotationY": 90.0,
			"faces": {
				"north": {
					"texture": "#steel-okalina-polosa",
					"uv": [ 0.0, 0.0, 16.0, 20.0 ],
					"autoUv": false
				},
				"east": {
					"texture": "#steel-okalina-polosa",
					"uv": [ 0.0, 0.0, 16.0, 20.0 ],
					"autoUv": false
				},
				"south": {
					"texture": "#steel-okalina-polosa",
					"uv": [ 0.0, 0.0, 16.0, 20.0 ],
					"autoUv": false
				},
				"west": {
					"texture": "#steel-okalina-polosa",
					"uv": [ 0.0, 0.0, 16.0, 20.0 ],
					"autoUv": false
				},
				"up": {
					"texture": "#steel",
					"uv": [ 0.0, 0.0, 12.0, 12.0 ]
				},
				"down": {
					"texture": "#steel",
					"uv": [ 0.0, 0.0, 12.0, 12.0 ]
				}
			}
		},
		{
			"name": "Cube15",
			"from": [ 2.0, 31.0, -2.0 ],
			"to": [ 14.0, 32.0, 10.0 ],
			"rotationOrigin": [ 10.0, 31.0, 6.0 ],
			"rotationY": 90.0,
			"faces": {
				"north": {
					"texture": "#iron",
					"uv": [ 0.0, 0.0, 12.0, 1.0 ]
				},
				"east": {
					"texture": "#iron",
					"uv": [ 0.0, 0.0, 12.0, 1.0 ]
				},
				"south": {
					"texture": "#iron",
					"uv": [ 0.0, 0.0, 12.0, 1.0 ]
				},
				"west": {
					"texture": "#iron",
					"uv": [ 0.0, 0.0, 12.0, 1.0 ]
				},
				"up": {
					"texture": "#iron-okalina-krug",
					"uv": [ 0.0, 0.0, 16.0, 16.0 ],
					"autoUv": false
				},
				"down": {
					"texture": "#iron-okalina-krug",
					"uv": [ 0.0, 0.0, 16.0, 16.0 ],
					"autoUv": false
				}
			}
		},
		{
			"name": "Cube16",
			"from": [ 2.5, 1.0, 2.5 ],
			"to": [ 3.5, 32.25, 3.5 ],
			"rotationOrigin": [ 3.0, 0.0, 3.0 ],
			"faces": {
				"north": {
					"texture": "#iron-okalina-krug",
					"uv": [ 7.5, 0.0, 8.5, 24.0 ],
					"autoUv": false
				},
				"east": {
					"texture": "#iron-okalina-krug",
					"uv": [ 7.5, 0.0, 8.5, 24.0 ],
					"autoUv": false
				},
				"south": {
					"texture": "#iron-okalina-krug",
					"uv": [ 7.5, 0.0, 8.5, 24.0 ],
					"autoUv": false
				},
				"west": {
					"texture": "#iron-okalina-krug",
					"uv": [ 7.5, 0.0, 8.5, 24.0 ],
					"autoUv": false
				},
				"up": {
					"texture": "#iron-okalina-krug",
					"uv": [ 4.0, 4.5, 5.0, 5.5 ]
				},
				"down": {
					"texture": "#iron-okalina-krug",
					"uv": [ 3.5, 5.0, 4.5, 6.0 ]
				}
			}
		},
		{
			"name": "Cube17",
			"from": [ 12.5, 1.0, 2.5 ],
			"to": [ 13.5, 32.25, 3.5 ],
			"rotationOrigin": [ 13.0, 0.0, 3.0 ],
			"faces": {
				"north": {
					"texture": "#iron-okalina-krug",
					"uv": [ 7.5, 0.0, 8.5, 24.0 ],
					"autoUv": false
				},
				"east": {
					"texture": "#iron-okalina-krug",
					"uv": [ 7.5, 0.0, 8.5, 24.0 ],
					"autoUv": false
				},
				"south": {
					"texture": "#iron-okalina-krug",
					"uv": [ 7.5, 0.0, 8.5, 24.0 ],
					"autoUv": false
				},
				"west": {
					"texture": "#iron-okalina-krug",
					"uv": [ 7.5, 0.0, 8.5, 24.0 ],
					"autoUv": false
				},
				"up": {
					"texture": "#iron-okalina-krug",
					"uv": [ 4.0, 7.5, 5.0, 8.5 ]
				},
				"down": {
					"texture": "#iron-okalina-krug",
					"uv": [ 5.0, 8.5, 6.0, 9.5 ]
				}
			}
		},
		{
			"name": "Cube18",
			"from": [ 12.5, 1.0, 12.5 ],
			"to": [ 13.5, 32.25, 13.5 ],
			"rotationOrigin": [ 13.0, 0.0, 13.0 ],
			"faces": {
				"north": {
					"texture": "#iron-okalina-krug",
					"uv": [ 7.5, 0.0, 8.5, 24.0 ],
					"autoUv": false
				},
				"east": {
					"texture": "#iron-okalina-krug",
					"uv": [ 7.5, 0.0, 8.5, 24.0 ],
					"autoUv": false
				},
				"south": {
					"texture": "#iron-okalina-krug",
					"uv": [ 7.5, 0.0, 8.5, 24.0 ],
					"autoUv": false
				},
				"west": {
					"texture": "#iron-okalina-krug",
					"uv": [ 7.5, 0.0, 8.5, 24.0 ],
					"autoUv": false
				},
				"up": {
					"texture": "#iron-okalina-krug",
					"uv": [ 5.5, 5.0, 6.5, 6.0 ]
				},
				"down": {
					"texture": "#iron-okalina-krug",
					"uv": [ 0.0, 0.0, 1.0, 1.0 ]
				}
			},
			"children": [
				{
					"name": "Cube36",
					"from": [ -0.2, 9.6, -0.2 ],
					"to": [ 1.2, 10.6, 1.2 ],
					"rotationOrigin": [ -0.2, 9.6, -0.2 ],
					"faces": {
						"north": {
							"texture": "#zinc-sgorevshiy",
							"uv": [ 0.0, 0.0, 1.0, 1.0 ]
						},
						"east": {
							"texture": "#zinc-sgorevshiy",
							"uv": [ 0.0, 0.0, 1.0, 1.0 ]
						},
						"south": {
							"texture": "#zinc-sgorevshiy",
							"uv": [ 0.0, 0.0, 1.0, 1.0 ]
						},
						"west": {
							"texture": "#zinc-sgorevshiy",
							"uv": [ 0.0, 0.0, 1.0, 1.0 ]
						},
						"up": {
							"texture": "#zinc-sgorevshiy",
							"uv": [ 0.0, 0.0, 1.0, 1.0 ]
						},
						"down": {
							"texture": "#zinc-sgorevshiy",
							"uv": [ 0.0, 0.0, 1.0, 1.0 ]
						}
					},
					"children": [
						{
							"name": "Cube37",
							"from": [ -10.0, 0.0, 0.0 ],
							"to": [ -8.6, 1.0, 1.4 ],
							"rotationOrigin": [ -10.0, 0.0, 0.0 ],
							"faces": {
								"north": {
									"texture": "#zinc-sgorevshiy",
									"uv": [ 0.0, 0.0, 1.0, 1.0 ]
								},
								"east": {
									"texture": "#zinc-sgorevshiy",
									"uv": [ 0.0, 0.0, 1.0, 1.0 ]
								},
								"south": {
									"texture": "#zinc-sgorevshiy",
									"uv": [ 0.0, 0.0, 1.0, 1.0 ]
								},
								"west": {
									"texture": "#zinc-sgorevshiy",
									"uv": [ 0.0, 0.0, 1.0, 1.0 ]
								},
								"up": {
									"texture": "#zinc-sgorevshiy",
									"uv": [ 0.0, 0.0, 1.0, 1.0 ]
								},
								"down": {
									"texture": "#zinc-sgorevshiy",
									"uv": [ 0.0, 0.0, 1.0, 1.0 ]
								}
							},
							"children": [
								{
									"name": "Cube38",
									"from": [ 0.0, 0.0, -10.0 ],
									"to": [ 1.4, 1.0, -8.6 ],
									"rotationOrigin": [ 0.0, 0.0, -10.0 ],
									"faces": {
										"north": {
											"texture": "#zinc-sgorevshiy",
											"uv": [ 0.0, 0.0, 1.0, 1.0 ]
										},
										"east": {
											"texture": "#zinc-sgorevshiy",
											"uv": [ 0.0, 0.0, 1.0, 1.0 ]
										},
										"south": {
											"texture": "#zinc-sgorevshiy",
											"uv": [ 0.0, 0.0, 1.0, 1.0 ]
										},
										"west": {
											"texture": "#zinc-sgorevshiy",
											"uv": [ 0.0, 0.0, 1.0, 1.0 ]
										},
										"up": {
											"texture": "#zinc-sgorevshiy",
											"uv": [ 0.0, 0.0, 1.0, 1.0 ]
										},
										"down": {
											"texture": "#zinc-sgorevshiy",
											"uv": [ 0.0, 0.0, 1.0, 1.0 ]
										}
									},
									"children": [
										{
											"name": "Cube39",
											"from": [ 10.0, 0.0, 0.0 ],
											"to": [ 11.4, 1.0, 1.4 ],
											"rotationOrigin": [ 10.0, 0.0, 0.0 ],
											"faces": {
												"north": {
													"texture": "#zinc-sgorevshiy",
													"uv": [ 0.0, 0.0, 1.0, 1.0 ]
												},
												"east": {
													"texture": "#zinc-sgorevshiy",
													"uv": [ 0.0, 0.0, 1.0, 1.0 ]
												},
												"south": {
													"texture": "#zinc-sgorevshiy",
													"uv": [ 0.0, 0.0, 1.0, 1.0 ]
												},
												"west": {
													"texture": "#zinc-sgorevshiy",
													"uv": [ 0.0, 0.0, 1.0, 1.0 ]
												},
												"up": {
													"texture": "#zinc-sgorevshiy",
													"uv": [ 0.0, 0.0, 1.0, 1.0 ]
												},
												"down": {
													"texture": "#zinc-sgorevshiy",
													"uv": [ 0.0, 0.0, 1.0, 1.0 ]
												}
											}
										}
									]
								}
							]
						}
					]
				},
				{
					"name": "Cube40",
					"from": [ -0.2, 29.6, -0.2 ],
					"to": [ 1.2, 30.6, 1.2 ],
					"rotationOrigin": [ -0.2, 29.6, -0.2 ],
					"faces": {
						"north": {
							"texture": "#zinc-sgorevshiy",
							"uv": [ 0.0, 0.0, 1.0, 1.0 ]
						},
						"east": {
							"texture": "#zinc-sgorevshiy",
							"uv": [ 0.0, 0.0, 1.0, 1.0 ]
						},
						"south": {
							"texture": "#zinc-sgorevshiy",
							"uv": [ 0.0, 0.0, 1.0, 1.0 ]
						},
						"west": {
							"texture": "#zinc-sgorevshiy",
							"uv": [ 0.0, 0.0, 1.0, 1.0 ]
						},
						"up": {
							"texture": "#zinc-sgorevshiy",
							"uv": [ 0.0, 0.0, 1.0, 1.0 ]
						},
						"down": {
							"texture": "#zinc-sgorevshiy",
							"uv": [ 0.0, 0.0, 1.0, 1.0 ]
						}
					},
					"children": [
						{
							"name": "Cube41",
							"from": [ -10.0, 0.0, 0.0 ],
							"to": [ -8.6, 1.0, 1.4 ],
							"rotationOrigin": [ -10.0, 0.0, 0.0 ],
							"faces": {
								"north": {
									"texture": "#zinc-sgorevshiy",
									"uv": [ 0.0, 0.0, 1.0, 1.0 ]
								},
								"east": {
									"texture": "#zinc-sgorevshiy",
									"uv": [ 0.0, 0.0, 1.0, 1.0 ]
								},
								"south": {
									"texture": "#zinc-sgorevshiy",
									"uv": [ 0.0, 0.0, 1.0, 1.0 ]
								},
								"west": {
									"texture": "#zinc-sgorevshiy",
									"uv": [ 0.0, 0.0, 1.0, 1.0 ]
								},
								"up": {
									"texture": "#zinc-sgorevshiy",
									"uv": [ 0.0, 0.0, 1.0, 1.0 ]
								},
								"down": {
									"texture": "#zinc-sgorevshiy",
									"uv": [ 0.0, 0.0, 1.0, 1.0 ]
								}
							},
							"children": [
								{
									"name": "Cube42",
									"from": [ 0.0, 0.0, -10.0 ],
									"to": [ 1.4, 1.0, -8.6 ],
									"rotationOrigin": [ 0.0, 0.0, -10.0 ],
									"faces": {
										"north": {
											"texture": "#zinc-sgorevshiy",
											"uv": [ 0.0, 0.0, 1.0, 1.0 ]
										},
										"east": {
											"texture": "#zinc-sgorevshiy",
											"uv": [ 0.0, 0.0, 1.0, 1.0 ]
										},
										"south": {
											"texture": "#zinc-sgorevshiy",
											"uv": [ 0.0, 0.0, 1.0, 1.0 ]
										},
										"west": {
											"texture": "#zinc-sgorevshiy",
											"uv": [ 0.0, 0.0, 1.0, 1.0 ]
										},
										"up": {
											"texture": "#zinc-sgorevshiy",
											"uv": [ 0.0, 0.0, 1.0, 1.0 ]
										},
										"down": {
											"texture": "#zinc-sgorevshiy",
											"uv": [ 0.0, 0.0, 1.0, 1.0 ]
										}
									},
									"children": [
										{
											"name": "Cube43",
											"from": [ 10.0, 0.0, 0.0 ],
											"to": [ 11.4, 1.0, 1.4 ],
											"rotationOrigin": [ 10.0, 0.0, 0.0 ],
											"faces": {
												"north": {
													"texture": "#zinc-sgorevshiy",
													"uv": [ 0.0, 0.0, 1.0, 1.0 ]
												},
												"east": {
													"texture": "#zinc-sgorevshiy",
													"uv": [ 0.0, 0.0, 1.0, 1.0 ]
												},
												"south": {
													"texture": "#zinc-sgorevshiy",
													"uv": [ 0.0, 0.0, 1.0, 1.0 ]
												},
												"west": {
													"texture": "#zinc-sgorevshiy",
													"uv": [ 0.0, 0.0, 1.0, 1.0 ]
												},
												"up": {
													"texture": "#zinc-sgorevshiy",
													"uv": [ 0.0, 0.0, 1.0, 1.0 ]
												},
												"down": {
													"texture": "#zinc-sgorevshiy",
													"uv": [ 0.0, 0.0, 1.0, 1.0 ]
												}
											}
										}
									]
								}
							]
						}
					]
				}
			]
		},
		{
			"name": "Cube19",
			"from": [ 2.5, 1.0, 12.5 ],
			"to": [ 3.5, 32.25, 13.5 ],
			"rotationOrigin": [ 3.0, 0.0, 13.0 ],
			"faces": {
				"north": {
					"texture": "#iron-okalina-krug",
					"uv": [ 7.5, 0.0, 8.5, 24.0 ],
					"autoUv": false
				},
				"east": {
					"texture": "#iron-okalina-krug",
					"uv": [ 7.5, 0.0, 8.5, 24.0 ],
					"autoUv": false
				},
				"south": {
					"texture": "#iron-okalina-krug",
					"uv": [ 7.5, 0.0, 8.5, 24.0 ],
					"autoUv": false
				},
				"west": {
					"texture": "#iron-okalina-krug",
					"uv": [ 7.5, 0.0, 8.5, 24.0 ],
					"autoUv": false
				},
				"up": {
					"texture": "#iron-okalina-krug",
					"uv": [ 4.5, 5.5, 5.5, 6.5 ]
				},
				"down": {
					"texture": "#iron-okalina-krug",
					"uv": [ 0.0, 0.0, 1.0, 1.0 ]
				}
			}
		},
		{
			"name": "Cube20",
			"from": [ 5.0, 1.0, -5.0 ],
			"to": [ 11.0, 31.5, 1.0 ],
			"rotationOrigin": [ 13.0, 1.0, 3.0 ],
			"rotationY": 90.0,
			"faces": {
				"north": {
					"texture": "#copper-okalina-polosa",
					"uv": [ 0.0, 0.0, 6.0, 8.0 ],
					"glow": 170,
					"autoUv": false,
					"windMode": [ -1, -1, -1, -1 ],
					"windData": [ 0, 1, 1, 0 ]
				},
				"east": {
					"texture": "#copper-okalina-polosa",
					"uv": [ 0.0, 0.0, 6.0, 8.0 ],
					"glow": 170,
					"autoUv": false,
					"windMode": [ -1, -1, -1, -1 ],
					"windData": [ 0, 1, 1, 0 ]
				},
				"south": {
					"texture": "#copper-okalina-polosa",
					"uv": [ 0.0, 0.0, 6.0, 8.0 ],
					"glow": 170,
					"autoUv": false,
					"windMode": [ -1, -1, -1, -1 ],
					"windData": [ 0, 0, 1, 1 ]
				},
				"west": {
					"texture": "#copper-okalina-polosa",
					"uv": [ 0.0, 0.0, 6.0, 8.0 ],
					"glow": 170,
					"autoUv": false,
					"windMode": [ -1, -1, -1, -1 ],
					"windData": [ 0, 0, 1, 1 ]
				},
				"up": {
					"texture": "#copper-okalina-polosa",
					"uv": [ 0.0, 0.0, 6.0, 6.0 ],
					"glow": 170,
					"windMode": [ -1, -1, -1, -1 ],
					"windData": [ 1, 1, 1, 1 ]
				},
				"down": {
					"texture": "#copper-okalina-polosa",
					"uv": [ 0.0, 0.0, 6.0, 6.0 ],
					"glow": 170,
					"windMode": [ -1, -1, -1, -1 ]
				}
			}
		},
		{
			"name": "Cube21",
			"from": [ 4.0, 15.75, -4.0 ],
			"to": [ 12.0, 16.75, 4.0 ],
			"rotationOrigin": [ 12.0, 16.0, 4.0 ],
			"rotationY": 90.0,
			"faces": {
				"north": {
					"texture": "#zinc-sgorevshiy",
					"uv": [ 0.0, 0.0, 8.0, 1.0 ]
				},
				"east": {
					"texture": "#zinc-sgorevshiy",
					"uv": [ 0.0, 0.0, 8.0, 1.0 ]
				},
				"south": {
					"texture": "#zinc-sgorevshiy",
					"uv": [ 0.0, 0.0, 8.0, 1.0 ]
				},
				"west": {
					"texture": "#zinc-sgorevshiy",
					"uv": [ 0.0, 0.0, 8.0, 1.0 ]
				},
				"up": {
					"texture": "#zinc-sgorevshiy",
					"uv": [ 0.0, 0.0, 8.0, 8.0 ]
				},
				"down": {
					"texture": "#zinc-sgorevshiy",
					"uv": [ 0.0, 0.0, 8.0, 8.0 ]
				}
			},
			"children": [
				{
					"name": "Cube22",
					"from": [ 0.0, 1.25, 0.0 ],
					"to": [ 8.0, 2.25, 8.0 ],
					"rotationOrigin": [ 8.0, 1.0, 8.0 ],
					"faces": {
						"north": {
							"texture": "#zinc-sgorevshiy",
							"uv": [ 0.0, 0.0, 8.0, 1.0 ]
						},
						"east": {
							"texture": "#zinc-sgorevshiy",
							"uv": [ 0.0, 0.0, 8.0, 1.0 ]
						},
						"south": {
							"texture": "#zinc-sgorevshiy",
							"uv": [ 0.0, 0.0, 8.0, 1.0 ]
						},
						"west": {
							"texture": "#zinc-sgorevshiy",
							"uv": [ 0.0, 0.0, 8.0, 1.0 ]
						},
						"up": {
							"texture": "#zinc-sgorevshiy",
							"uv": [ 0.0, 0.0, 8.0, 8.0 ]
						},
						"down": {
							"texture": "#zinc-sgorevshiy",
							"uv": [ 0.0, 0.0, 8.0, 8.0 ]
						}
					}
				},
				{
					"name": "Cube23",
					"from": [ 0.0, 3.75, 0.0 ],
					"to": [ 8.0, 4.75, 8.0 ],
					"rotationOrigin": [ 8.0, 3.5, 8.0 ],
					"faces": {
						"north": {
							"texture": "#zinc-sgorevshiy",
							"uv": [ 0.0, 0.0, 8.0, 1.0 ]
						},
						"east": {
							"texture": "#zinc-sgorevshiy",
							"uv": [ 0.0, 0.0, 8.0, 1.0 ]
						},
						"south": {
							"texture": "#zinc-sgorevshiy",
							"uv": [ 0.0, 0.0, 8.0, 1.0 ]
						},
						"west": {
							"texture": "#zinc-sgorevshiy",
							"uv": [ 0.0, 0.0, 8.0, 1.0 ]
						},
						"up": {
							"texture": "#zinc-sgorevshiy",
							"uv": [ 0.0, 0.0, 8.0, 8.0 ]
						},
						"down": {
							"texture": "#zinc-sgorevshiy",
							"uv": [ 0.0, 0.0, 8.0, 8.0 ]
						}
					}
				},
				{
					"name": "Cube24",
					"from": [ 0.0, 2.5, 0.0 ],
					"to": [ 8.0, 3.5, 8.0 ],
					"rotationOrigin": [ 8.0, 3.0, 8.0 ],
					"faces": {
						"north": {
							"texture": "#zinc-sgorevshiy",
							"uv": [ 0.0, 0.0, 8.0, 1.0 ]
						},
						"east": {
							"texture": "#zinc-sgorevshiy",
							"uv": [ 0.0, 0.0, 8.0, 1.0 ]
						},
						"south": {
							"texture": "#zinc-sgorevshiy",
							"uv": [ 0.0, 0.0, 8.0, 1.0 ]
						},
						"west": {
							"texture": "#zinc-sgorevshiy",
							"uv": [ 0.0, 0.0, 8.0, 1.0 ]
						},
						"up": {
							"texture": "#zinc-sgorevshiy",
							"uv": [ 0.0, 0.0, 8.0, 8.0 ]
						},
						"down": {
							"texture": "#zinc-sgorevshiy",
							"uv": [ 0.0, 0.0, 8.0, 8.0 ]
						}
					}
				},
				{
					"name": "Cube25",
					"from": [ 0.0, 6.25, 0.0 ],
					"to": [ 8.0, 7.25, 8.0 ],
					"rotationOrigin": [ 8.0, 6.0, 8.0 ],
					"faces": {
						"north": {
							"texture": "#zinc-sgorevshiy",
							"uv": [ 0.0, 0.0, 8.0, 1.0 ]
						},
						"east": {
							"texture": "#zinc-sgorevshiy",
							"uv": [ 0.0, 0.0, 8.0, 1.0 ]
						},
						"south": {
							"texture": "#zinc-sgorevshiy",
							"uv": [ 0.0, 0.0, 8.0, 1.0 ]
						},
						"west": {
							"texture": "#zinc-sgorevshiy",
							"uv": [ 0.0, 0.0, 8.0, 1.0 ]
						},
						"up": {
							"texture": "#zinc-sgorevshiy",
							"uv": [ 0.0, 0.0, 8.0, 8.0 ]
						},
						"down": {
							"texture": "#zinc-sgorevshiy",
							"uv": [ 0.0, 0.0, 8.0, 8.0 ]
						}
					}
				},
				{
					"name": "Cube26",
					"from": [ 0.0, 8.75, 0.0 ],
					"to": [ 8.0, 9.75, 8.0 ],
					"rotationOrigin": [ 8.0, 8.5, 8.0 ],
					"faces": {
						"north": {
							"texture": "#zinc-sgorevshiy",
							"uv": [ 0.0, 0.0, 8.0, 1.0 ]
						},
						"east": {
							"texture": "#zinc-sgorevshiy",
							"uv": [ 0.0, 0.0, 8.0, 1.0 ]
						},
						"south": {
							"texture": "#zinc-sgorevshiy",
							"uv": [ 0.0, 0.0, 8.0, 1.0 ]
						},
						"west": {
							"texture": "#zinc-sgorevshiy",
							"uv": [ 0.0, 0.0, 8.0, 1.0 ]
						},
						"up": {
							"texture": "#zinc-sgorevshiy",
							"uv": [ 0.0, 0.0, 8.0, 8.0 ]
						},
						"down": {
							"texture": "#zinc-sgorevshiy",
							"uv": [ 0.0, 0.0, 8.0, 8.0 ]
						}
					}
				},
				{
					"name": "Cube27",
					"from": [ -0.0028, 12.5, 0.0028 ],
					"to": [ 7.9972, 13.5, 8.0028 ],
					"rotationOrigin": [ 8.0, 13.0, 8.0 ],
					"rotationY": -0.02,
					"faces": {
						"north": {
							"texture": "#zinc-sgorevshiy",
							"uv": [ 0.0, 0.0, 8.0, 1.0 ]
						},
						"east": {
							"texture": "#zinc-sgorevshiy",
							"uv": [ 0.0, 0.0, 8.0, 1.0 ]
						},
						"south": {
							"texture": "#zinc-sgorevshiy",
							"uv": [ 0.0, 0.0, 8.0, 1.0 ]
						},
						"west": {
							"texture": "#zinc-sgorevshiy",
							"uv": [ 0.0, 0.0, 8.0, 1.0 ]
						},
						"up": {
							"texture": "#zinc-sgorevshiy",
							"uv": [ 0.0, 0.0, 8.0, 8.0 ]
						},
						"down": {
							"texture": "#zinc-sgorevshiy",
							"uv": [ 0.0, 0.0, 8.0, 8.0 ]
						}
					}
				},
				{
					"name": "Cube28",
					"from": [ -0.0028, 13.75, 0.0028 ],
					"to": [ 7.9972, 14.75, 8.0028 ],
					"rotationOrigin": [ 8.0, 13.5, 8.0 ],
					"rotationY": -0.02,
					"faces": {
						"north": {
							"texture": "#zinc-sgorevshiy",
							"uv": [ 0.0, 0.0, 8.0, 1.0 ]
						},
						"east": {
							"texture": "#zinc-sgorevshiy",
							"uv": [ 0.0, 0.0, 8.0, 1.0 ]
						},
						"south": {
							"texture": "#zinc-sgorevshiy",
							"uv": [ 0.0, 0.0, 8.0, 1.0 ]
						},
						"west": {
							"texture": "#zinc-sgorevshiy",
							"uv": [ 0.0, 0.0, 8.0, 1.0 ]
						},
						"up": {
							"texture": "#zinc-sgorevshiy",
							"uv": [ 0.0, 0.0, 8.0, 8.0 ]
						},
						"down": {
							"texture": "#zinc-sgorevshiy",
							"uv": [ 0.0, 0.0, 8.0, 8.0 ]
						}
					}
				},
				{
					"name": "Cube29",
					"from": [ -0.0028, 11.25, 0.0028 ],
					"to": [ 7.9972, 12.25, 8.0028 ],
					"rotationOrigin": [ 8.0, 11.0, 8.0 ],
					"rotationY": -0.02,
					"faces": {
						"north": {
							"texture": "#zinc-sgorevshiy",
							"uv": [ 0.0, 0.0, 8.0, 1.0 ]
						},
						"east": {
							"texture": "#zinc-sgorevshiy",
							"uv": [ 0.0, 0.0, 8.0, 1.0 ]
						},
						"south": {
							"texture": "#zinc-sgorevshiy",
							"uv": [ 0.0, 0.0, 8.0, 1.0 ]
						},
						"west": {
							"texture": "#zinc-sgorevshiy",
							"uv": [ 0.0, 0.0, 8.0, 1.0 ]
						},
						"up": {
							"texture": "#zinc-sgorevshiy",
							"uv": [ 0.0, 0.0, 8.0, 8.0 ]
						},
						"down": {
							"texture": "#zinc-sgorevshiy",
							"uv": [ 0.0, 0.0, 8.0, 8.0 ]
						}
					}
				},
				{
					"name": "Cube30",
					"from": [ -0.0028, 7.5, 0.0028 ],
					"to": [ 7.9972, 8.5, 8.0028 ],
					"rotationOrigin": [ 8.0, 8.0, 8.0 ],
					"rotationY": -0.02,
					"faces": {
						"north": {
							"texture": "#zinc-sgorevshiy",
							"uv": [ 0.0, 0.0, 8.0, 1.0 ]
						},
						"east": {
							"texture": "#zinc-sgorevshiy",
							"uv": [ 0.0, 0.0, 8.0, 1.0 ]
						},
						"south": {
							"texture": "#zinc-sgorevshiy",
							"uv": [ 0.0, 0.0, 8.0, 1.0 ]
						},
						"west": {
							"texture": "#zinc-sgorevshiy",
							"uv": [ 0.0, 0.0, 8.0, 1.0 ]
						},
						"up": {
							"texture": "#zinc-sgorevshiy",
							"uv": [ 0.0, 0.0, 8.0, 8.0 ]
						},
						"down": {
							"texture": "#zinc-sgorevshiy",
							"uv": [ 0.0, 0.0, 8.0, 8.0 ]
						}
					}
				},
				{
					"name": "Cube31",
					"from": [ 0.0, 5.0, 0.0 ],
					"to": [ 8.0, 6.0, 8.0 ],
					"rotationOrigin": [ 8.0, 5.0, 8.0 ],
					"faces": {
						"north": {
							"texture": "#zinc-sgorevshiy",
							"uv": [ 0.0, 0.0, 8.0, 1.0 ]
						},
						"east": {
							"texture": "#zinc-sgorevshiy",
							"uv": [ 0.0, 0.0, 8.0, 1.0 ]
						},
						"south": {
							"texture": "#zinc-sgorevshiy",
							"uv": [ 0.0, 0.0, 8.0, 1.0 ]
						},
						"west": {
							"texture": "#zinc-sgorevshiy",
							"uv": [ 0.0, 0.0, 8.0, 1.0 ]
						},
						"up": {
							"texture": "#zinc-sgorevshiy",
							"uv": [ 0.0, 0.0, 8.0, 8.0 ]
						},
						"down": {
							"texture": "#zinc-sgorevshiy",
							"uv": [ 0.0, 0.0, 8.0, 8.0 ]
						}
					}
				},
				{
					"name": "Cube32",
					"from": [ 0.0, 10.0, 0.0 ],
					"to": [ 8.0, 11.0, 8.0 ],
					"rotationOrigin": [ 8.0, 10.0, 8.0 ],
					"faces": {
						"north": {
							"texture": "#zinc-sgorevshiy",
							"uv": [ 0.0, 0.0, 8.0, 1.0 ]
						},
						"east": {
							"texture": "#zinc-sgorevshiy",
							"uv": [ 0.0, 0.0, 8.0, 1.0 ]
						},
						"south": {
							"texture": "#zinc-sgorevshiy",
							"uv": [ 0.0, 0.0, 8.0, 1.0 ]
						},
						"west": {
							"texture": "#zinc-sgorevshiy",
							"uv": [ 0.0, 0.0, 8.0, 1.0 ]
						},
						"up": {
							"texture": "#zinc-sgorevshiy",
							"uv": [ 0.0, 0.0, 8.0, 8.0 ]
						},
						"down": {
							"texture": "#zinc-sgorevshiy",
							"uv": [ 0.0, 0.0, 8.0, 8.0 ]
						}
					}
				}
			]
		},
		{
			"name": "Cube33",
			"from": [ 1.8, 10.0, -1.8 ],
			"to": [ 14.2, 11.25, 10.6 ],
			"rotationOrigin": [ 9.8, 10.0, 6.2 ],
			"rotationY": 90.0,
			"faces": {
				"north": {
					"texture": "#brass-sgorevshiy",
					"uv": [ 0.0, 0.0, 12.0, 1.0 ]
				},
				"east": {
					"texture": "#brass-sgorevshiy",
					"uv": [ 0.0, 0.0, 12.0, 1.0 ]
				},
				"south": {
					"texture": "#brass-sgorevshiy",
					"uv": [ 0.0, 0.0, 12.0, 1.0 ]
				},
				"west": {
					"texture": "#brass-sgorevshiy",
					"uv": [ 0.0, 0.0, 12.0, 1.0 ]
				},
				"up": {
					"texture": "#brass-sgorevshiy",
					"uv": [ 0.0, 0.0, 12.0, 12.0 ]
				},
				"down": {
					"texture": "#brass-sgorevshiy",
					"uv": [ 0.0, 0.0, 12.0, 12.0 ]
				}
			}
		},
		{
			"name": "Cube34",
			"from": [ 1.8, 0.8, -1.8 ],
			"to": [ 14.2, 2.45, 10.6 ],
			"rotationOrigin": [ 9.8, 0.8, 6.2 ],
			"rotationY": 90.0,
			"faces": {
				"north": {
					"texture": "#brass",
					"uv": [ 0.0, 0.0, 12.0, 1.5 ]
				},
				"east": {
					"texture": "#brass",
					"uv": [ 0.0, 0.0, 12.0, 1.5 ]
				},
				"south": {
					"texture": "#brass",
					"uv": [ 0.0, 0.0, 12.0, 1.5 ]
				},
				"west": {
					"texture": "#brass",
					"uv": [ 0.0, 0.0, 12.0, 1.5 ]
				},
				"up": {
					"texture": "#brass",
					"uv": [ 0.0, 0.0, 12.0, 12.0 ]
				},
				"down": {
					"texture": "#brass",
					"uv": [ 0.0, 0.0, 12.0, 12.0 ]
				}
			},
			"children": [
				{
					"name": "Cube44",
					"from": [ 2.0, 0.0, 0.1 ],
					"to": [ 2.3, 10.0, 0.8 ],
					"rotationOrigin": [ 2.0, 0.0, 0.1 ],
					"faces": {
						"north": {
							"texture": "#copper-okalina-polosa",
							"uv": [ 0.0, 1.5, 1.0, 18.0 ],
							"autoUv": false
						},
						"east": {
							"texture": "#copper-okalina-polosa",
							"uv": [ 0.0, 1.5, 1.0, 18.0 ],
							"autoUv": false
						},
						"south": {
							"texture": "#copper-okalina-polosa",
							"uv": [ 0.0, 1.5, 1.0, 18.0 ],
							"autoUv": false
						},
						"west": {
							"texture": "#copper-okalina-polosa",
							"uv": [ 0.0, 1.5, 1.0, 18.0 ],
							"autoUv": false
						},
						"up": {
							"texture": "#copper-okalina-polosa",
							"uv": [ 0.0, 0.0, 0.5, 0.5 ]
						},
						"down": {
							"texture": "#copper-okalina-polosa",
							"uv": [ 0.0, 0.0, 0.5, 0.5 ]
						}
					}
				},
				{
					"name": "Cube45",
					"from": [ 2.6, 0.0, 0.1 ],
					"to": [ 2.9, 10.0, 0.8 ],
					"rotationOrigin": [ 2.6, 0.0, 0.1 ],
					"faces": {
						"north": {
							"texture": "#copper-okalina-polosa",
							"uv": [ 0.0, 1.5, 1.0, 18.0 ],
							"autoUv": false
						},
						"east": {
							"texture": "#copper-okalina-polosa",
							"uv": [ 0.0, 1.5, 1.0, 18.0 ],
							"autoUv": false
						},
						"south": {
							"texture": "#copper-okalina-polosa",
							"uv": [ 0.0, 1.5, 1.0, 18.0 ],
							"autoUv": false
						},
						"west": {
							"texture": "#copper-okalina-polosa",
							"uv": [ 0.0, 1.5, 1.0, 18.0 ],
							"autoUv": false
						},
						"up": {
							"texture": "#copper-okalina-polosa",
							"uv": [ 0.0, 0.0, 0.5, 0.5 ]
						},
						"down": {
							"texture": "#copper-okalina-polosa",
							"uv": [ 0.0, 0.0, 0.5, 0.5 ]
						}
					}
				},
				{
					"name": "Cube46",
					"from": [ 3.2, 0.0, 0.1 ],
					"to": [ 3.5, 10.0, 0.8 ],
					"rotationOrigin": [ 3.2, 0.0, 0.1 ],
					"faces": {
						"north": {
							"texture": "#copper-okalina-polosa",
							"uv": [ 0.0, 1.5, 1.0, 18.0 ],
							"autoUv": false
						},
						"east": {
							"texture": "#copper-okalina-polosa",
							"uv": [ 0.0, 1.5, 1.0, 18.0 ],
							"autoUv": false
						},
						"south": {
							"texture": "#copper-okalina-polosa",
							"uv": [ 0.0, 1.5, 1.0, 18.0 ],
							"autoUv": false
						},
						"west": {
							"texture": "#copper-okalina-polosa",
							"uv": [ 0.0, 1.5, 1.0, 18.0 ],
							"autoUv": false
						},
						"up": {
							"texture": "#copper-okalina-polosa",
							"uv": [ 0.0, 0.0, 0.5, 0.5 ]
						},
						"down": {
							"texture": "#copper-okalina-polosa",
							"uv": [ 0.0, 0.0, 0.5, 0.5 ]
						}
					}
				},
				{
					"name": "Cube47",
					"from": [ 3.8, 0.0, 0.1 ],
					"to": [ 4.1, 6.5, 0.8 ],
					"rotationOrigin": [ 3.8, 0.0, 0.1 ],
					"faces": {
						"north": {
							"texture": "#copper-okalina-polosa",
							"uv": [ 1.5, 8.0, 3.0, 17.0 ],
							"autoUv": false
						},
						"east": {
							"texture": "#copper-okalina-polosa",
							"uv": [ 1.5, 8.0, 3.0, 17.0 ],
							"autoUv": false
						},
						"south": {
							"texture": "#copper-okalina-polosa",
							"uv": [ 1.5, 8.0, 3.0, 17.0 ],
							"autoUv": false
						},
						"west": {
							"texture": "#copper-okalina-polosa",
							"uv": [ 1.5, 8.0, 3.0, 17.0 ],
							"autoUv": false
						},
						"up": {
							"texture": "#copper-okalina-polosa",
							"uv": [ 0.0, 0.0, 0.5, 0.5 ]
						},
						"down": {
							"texture": "#copper-okalina-polosa",
							"uv": [ 0.0, 0.0, 0.5, 0.5 ]
						}
					}
				},
				{
					"name": "Cube48",
					"from": [ 3.8, 6.5, 0.1 ],
					"to": [ 4.1, 10.9, 0.8 ],
					"rotationOrigin": [ 3.8, 6.5, 0.1 ],
					"rotationZ": -45.0,
					"faces": {
						"north": {
							"texture": "#copper-okalina-polosa",
							"uv": [ 0.0, 0.0, 0.5, 4.0 ]
						},
						"east": {
							"texture": "#copper-okalina-polosa",
							"uv": [ 0.0, 0.0, 0.5, 4.0 ]
						},
						"south": {
							"texture": "#copper-okalina-polosa",
							"uv": [ 0.0, 0.0, 0.5, 4.0 ]
						},
						"west": {
							"texture": "#copper-okalina-polosa",
							"uv": [ 0.0, 0.0, 0.5, 4.0 ]
						},
						"up": {
							"texture": "#copper-okalina-polosa",
							"uv": [ 0.0, 0.0, 0.5, 0.5 ]
						},
						"down": {
							"texture": "#copper-okalina-polosa",
							"uv": [ 0.0, 0.0, 0.5, 0.5 ]
						}
					}
				},
				{
					"name": "Cube49",
					"from": [ 0.7, 0.0, 5.0 ],
					"to": [ 1.3, 4.0, 5.3 ],
					"rotationOrigin": [ 0.7, 0.0, 5.3 ],
					"rotationY": 180.0,
					"faces": {
						"north": {
							"texture": "#copper-okalina-polosa",
							"uv": [ 0.0, 11.0, 0.5, 15.0 ]
						},
						"east": {
							"texture": "#copper-okalina-polosa",
							"uv": [ 0.0, 11.0, 0.5, 15.0 ]
						},
						"south": {
							"texture": "#copper-okalina-polosa",
							"uv": [ 0.0, 11.0, 0.5, 15.0 ]
						},
						"west": {
							"texture": "#copper-okalina-polosa",
							"uv": [ 0.0, 11.0, 0.5, 15.0 ]
						},
						"up": {
							"texture": "#copper-okalina-polosa",
							"uv": [ 0.0, 0.0, 0.5, 0.5 ]
						},
						"down": {
							"texture": "#copper-okalina-polosa",
							"uv": [ 0.0, 0.0, 0.5, 0.5 ]
						}
					},
					"children": [
						{
							"name": "Cube50",
							"from": [ 0.0, 4.0, 0.0 ],
							"to": [ 0.6, 8.0, 0.3 ],
							"rotationOrigin": [ 0.0, 4.0, 0.3 ],
							"rotationX": -45.0,
							"faces": {
								"north": {
									"texture": "#copper-okalina-polosa",
									"uv": [ 0.0, 7.0, 0.5, 11.0 ]
								},
								"east": {
									"texture": "#copper-okalina-polosa",
									"uv": [ 0.0, 7.0, 0.5, 11.0 ]
								},
								"south": {
									"texture": "#copper-okalina-polosa",
									"uv": [ 0.0, 7.0, 0.5, 11.0 ]
								},
								"west": {
									"texture": "#copper-okalina-polosa",
									"uv": [ 0.0, 7.0, 0.5, 11.0 ]
								},
								"up": {
									"texture": "#copper-okalina-polosa",
									"uv": [ 0.0, 0.0, 0.5, 0.5 ]
								},
								"down": {
									"texture": "#copper-okalina-polosa",
									"uv": [ 0.0, 0.0, 0.5, 0.5 ]
								}
							}
						}
					]
				},
				{
					"name": "Cube51",
					"from": [ 0.7, 0.0, 6.3 ],
					"to": [ 1.3, 4.0, 6.6 ],
					"rotationOrigin": [ 0.7, 0.0, 6.6 ],
					"rotationY": 180.0,
					"faces": {
						"north": {
							"texture": "#copper-okalina-polosa",
							"uv": [ 0.0, 11.0, 0.5, 15.0 ]
						},
						"east": {
							"texture": "#copper-okalina-polosa",
							"uv": [ 0.0, 11.0, 0.5, 15.0 ]
						},
						"south": {
							"texture": "#copper-okalina-polosa",
							"uv": [ 0.0, 11.0, 0.5, 15.0 ]
						},
						"west": {
							"texture": "#copper-okalina-polosa",
							"uv": [ 0.0, 11.0, 0.5, 15.0 ]
						},
						"up": {
							"texture": "#copper-okalina-polosa",
							"uv": [ 0.0, 0.0, 0.5, 0.5 ]
						},
						"down": {
							"texture": "#copper-okalina-polosa",
							"uv": [ 0.0, 0.0, 0.5, 0.5 ]
						}
					},
					"children": [
						{
							"name": "Cube52",
							"from": [ 0.0, 4.0, 0.0 ],
							"to": [ 0.6, 8.0, 0.3 ],
							"rotationOrigin": [ 0.0, 4.0, 0.3 ],
							"rotationX": -45.0,
							"faces": {
								"north": {
									"texture": "#copper-okalina-polosa",
									"uv": [ 0.0, 7.0, 0.5, 11.0 ]
								},
								"east": {
									"texture": "#copper-okalina-polosa",
									"uv": [ 0.0, 7.0, 0.5, 11.0 ]
								},
								"south": {
									"texture": "#copper-okalina-polosa",
									"uv": [ 0.0, 7.0, 0.5, 11.0 ]
								},
								"west": {
									"texture": "#copper-okalina-polosa",
									"uv": [ 0.0, 7.0, 0.5, 11.0 ]
								},
								"up": {
									"texture": "#copper-okalina-polosa",
									"uv": [ 0.0, 0.0, 0.5, 0.5 ]
								},
								"down": {
									"texture": "#copper-okalina-polosa",
									"uv": [ 0.0, 0.0, 0.5, 0.5 ]
								}
							}
						}
					]
				},
				{
					"name": "Cube53",
					"from": [ 0.7, 6.6, 7.86 ],
					"to": [ 1.3, 9.2, 8.16 ],
					"rotationOrigin": [ 0.7, 6.6, 8.1 ],
					"rotationY": 180.0,
					"faces": {
						"north": {
							"texture": "#copper-okalina-polosa",
							"uv": [ 0.0, 0.0, 0.5, 2.5 ]
						},
						"east": {
							"texture": "#copper-okalina-polosa",
							"uv": [ 0.0, 0.0, 0.5, 2.5 ]
						},
						"south": {
							"texture": "#copper-okalina-polosa",
							"uv": [ 0.0, 0.0, 0.5, 2.5 ]
						},
						"west": {
							"texture": "#copper-okalina-polosa",
							"uv": [ 0.0, 0.0, 0.5, 2.5 ]
						},
						"up": {
							"texture": "#copper-okalina-polosa",
							"uv": [ 0.0, 0.0, 0.5, 0.5 ]
						},
						"down": {
							"texture": "#copper-okalina-polosa",
							"uv": [ 0.0, 0.0, 0.5, 0.5 ]
						}
					}
				},
				{
					"name": "Cube54",
					"from": [ 5.7, 6.8, 9.16 ],
					"to": [ 11.3, 9.67, 9.46 ],
					"rotationOrigin": [ 5.7, 6.77, 9.4 ],
					"rotationX": 90.0,
					"rotationY": 180.0,
					"faces": {
						"north": {
							"texture": "#copper-okalina-polosa",
							"uv": [ 0.0, 0.0, 5.5, 2.5 ]
						},
						"east": {
							"texture": "#copper-okalina-polosa",
							"uv": [ 0.0, 0.0, 0.5, 2.5 ]
						},
						"south": {
							"texture": "#copper-okalina-polosa",
							"uv": [ 0.0, 0.0, 5.5, 2.5 ]
						},
						"west": {
							"texture": "#copper-okalina-polosa",
							"uv": [ 0.0, 0.0, 0.5, 2.5 ]
						},
						"up": {
							"texture": "#copper-okalina-polosa",
							"uv": [ 0.0, 0.0, 5.5, 0.5 ]
						},
						"down": {
							"texture": "#copper-okalina-polosa",
							"uv": [ 0.0, 0.0, 5.5, 0.5 ]
						}
					}
				},
				{
					"name": "Cube55",
					"from": [ 5.67, 6.6, 11.16 ],
					"to": [ 9.67, 7.47, 11.46 ],
					"rotationOrigin": [ 5.67, 6.57, 11.4 ],
					"rotationX": 90.0,
					"rotationY": 45.0,
					"faces": {
						"north": {
							"texture": "#copper-okalina-polosa",
							"uv": [ 0.0, 0.0, 4.0, 0.5 ]
						},
						"east": {
							"texture": "#copper-okalina-polosa",
							"uv": [ 0.0, 0.0, 0.5, 0.5 ]
						},
						"south": {
							"texture": "#copper-okalina-polosa",
							"uv": [ 0.0, 0.0, 4.0, 0.5 ]
						},
						"west": {
							"texture": "#copper-okalina-polosa",
							"uv": [ 0.0, 0.0, 0.5, 0.5 ]
						},
						"up": {
							"texture": "#copper-okalina-polosa",
							"uv": [ 0.0, 0.0, 4.0, 0.5 ]
						},
						"down": {
							"texture": "#copper-okalina-polosa",
							"uv": [ 0.0, 0.0, 4.0, 0.5 ]
						}
					}
				},
				{
					"name": "Cube56",
					"from": [ 12.3, 0.0, 2.1 ],
					"to": [ 12.6, 10.0, 2.8 ],
					"rotationOrigin": [ 12.3, 0.0, 2.1 ],
					"rotationY": -90.0,
					"faces": {
						"north": {
							"texture": "#copper-okalina-polosa",
							"uv": [ 0.0, 1.5, 1.0, 18.0 ],
							"autoUv": false
						},
						"east": {
							"texture": "#copper-okalina-polosa",
							"uv": [ 0.0, 1.5, 1.0, 18.0 ],
							"autoUv": false
						},
						"south": {
							"texture": "#copper-okalina-polosa",
							"uv": [ 0.0, 1.5, 1.0, 18.0 ],
							"autoUv": false
						},
						"west": {
							"texture": "#copper-okalina-polosa",
							"uv": [ 0.0, 1.5, 1.0, 18.0 ],
							"autoUv": false
						},
						"up": {
							"texture": "#copper-okalina-polosa",
							"uv": [ 0.0, 0.0, 0.5, 0.5 ]
						},
						"down": {
							"texture": "#copper-okalina-polosa",
							"uv": [ 0.0, 0.0, 0.5, 0.5 ]
						}
					}
				},
				{
					"name": "Cube57",
					"from": [ 12.3, 0.0, 2.7 ],
					"to": [ 12.6, 10.0, 3.4 ],
					"rotationOrigin": [ 12.3, 0.0, 2.7 ],
					"rotationY": -90.0,
					"faces": {
						"north": {
							"texture": "#copper-okalina-polosa",
							"uv": [ 0.0, 1.5, 1.0, 18.0 ],
							"autoUv": false
						},
						"east": {
							"texture": "#copper-okalina-polosa",
							"uv": [ 0.0, 1.5, 1.0, 18.0 ],
							"autoUv": false
						},
						"south": {
							"texture": "#copper-okalina-polosa",
							"uv": [ 0.0, 1.5, 1.0, 18.0 ],
							"autoUv": false
						},
						"west": {
							"texture": "#copper-okalina-polosa",
							"uv": [ 0.0, 1.5, 1.0, 18.0 ],
							"autoUv": false
						},
						"up": {
							"texture": "#copper-okalina-polosa",
							"uv": [ 0.0, 0.0, 0.5, 0.5 ]
						},
						"down": {
							"texture": "#copper-okalina-polosa",
							"uv": [ 0.0, 0.0, 0.5, 0.5 ]
						}
					}
				},
				{
					"name": "Cube58",
					"from": [ 12.3, 0.0, 3.3 ],
					"to": [ 12.6, 10.0, 4.0 ],
					"rotationOrigin": [ 12.3, 0.0, 3.3 ],
					"rotationY": -90.0,
					"faces": {
						"north": {
							"texture": "#copper-okalina-polosa",
							"uv": [ 0.0, 1.5, 1.0, 18.0 ],
							"autoUv": false
						},
						"east": {
							"texture": "#copper-okalina-polosa",
							"uv": [ 0.0, 1.5, 1.0, 18.0 ],
							"autoUv": false
						},
						"south": {
							"texture": "#copper-okalina-polosa",
							"uv": [ 0.0, 1.5, 1.0, 18.0 ],
							"autoUv": false
						},
						"west": {
							"texture": "#copper-okalina-polosa",
							"uv": [ 0.0, 1.5, 1.0, 18.0 ],
							"autoUv": false
						},
						"up": {
							"texture": "#copper-okalina-polosa",
							"uv": [ 0.0, 0.0, 0.5, 0.5 ]
						},
						"down": {
							"texture": "#copper-okalina-polosa",
							"uv": [ 0.0, 0.0, 0.5, 0.5 ]
						}
					}
				},
				{
					"name": "Cube59",
					"from": [ 12.3, 0.0, 10.7 ],
					"to": [ 12.6, 10.0, 11.4 ],
					"rotationOrigin": [ 12.3, 0.0, 10.7 ],
					"rotationY": -90.0,
					"faces": {
						"north": {
							"texture": "#copper-okalina-polosa",
							"uv": [ 0.0, 0.0, 0.5, 10.0 ]
						},
						"east": {
							"texture": "#copper-okalina-polosa",
							"uv": [ 0.0, 0.0, 0.5, 10.0 ]
						},
						"south": {
							"texture": "#copper-okalina-polosa",
							"uv": [ 0.0, 0.0, 0.5, 10.0 ]
						},
						"west": {
							"texture": "#copper-okalina-polosa",
							"uv": [ 0.0, 0.0, 0.5, 10.0 ]
						},
						"up": {
							"texture": "#copper-okalina-polosa",
							"uv": [ 0.0, 0.0, 0.5, 0.5 ]
						},
						"down": {
							"texture": "#copper-okalina-polosa",
							"uv": [ 0.0, 0.0, 0.5, 0.5 ]
						}
					}
				},
				{
					"name": "Cube60",
					"from": [ 8.6, 0.0, 11.6 ],
					"to": [ 8.9, 10.0, 12.3 ],
					"rotationOrigin": [ 8.6, 0.0, 11.6 ],
					"faces": {
						"north": {
							"texture": "#copper-okalina-polosa",
							"uv": [ 0.0, 1.5, 1.0, 18.0 ],
							"autoUv": false
						},
						"east": {
							"texture": "#copper-okalina-polosa",
							"uv": [ 0.0, 1.5, 1.0, 18.0 ],
							"autoUv": false
						},
						"south": {
							"texture": "#copper-okalina-polosa",
							"uv": [ 0.0, 1.5, 1.0, 18.0 ],
							"autoUv": false
						},
						"west": {
							"texture": "#copper-okalina-polosa",
							"uv": [ 0.0, 1.5, 1.0, 18.0 ],
							"autoUv": false
						},
						"up": {
							"texture": "#copper-okalina-polosa",
							"uv": [ 0.0, 0.0, 0.5, 0.5 ]
						},
						"down": {
							"texture": "#copper-okalina-polosa",
							"uv": [ 0.0, 0.0, 0.5, 0.5 ]
						}
					}
				},
				{
					"name": "Cube61",
					"from": [ 9.2, 0.0, 11.6 ],
					"to": [ 9.5, 10.0, 12.3 ],
					"rotationOrigin": [ 9.2, 0.0, 11.6 ],
					"faces": {
						"north": {
							"texture": "#copper-okalina-polosa",
							"uv": [ 0.0, 1.5, 1.0, 18.0 ],
							"autoUv": false
						},
						"east": {
							"texture": "#copper-okalina-polosa",
							"uv": [ 0.0, 1.5, 1.0, 18.0 ],
							"autoUv": false
						},
						"south": {
							"texture": "#copper-okalina-polosa",
							"uv": [ 0.0, 1.5, 1.0, 18.0 ],
							"autoUv": false
						},
						"west": {
							"texture": "#copper-okalina-polosa",
							"uv": [ 0.0, 1.5, 1.0, 18.0 ],
							"autoUv": false
						},
						"up": {
							"texture": "#copper-okalina-polosa",
							"uv": [ 0.0, 0.0, 0.5, 0.5 ]
						},
						"down": {
							"texture": "#copper-okalina-polosa",
							"uv": [ 0.0, 0.0, 0.5, 0.5 ]
						}
					}
				}
			]
		},
		{
			"name": "Cube35",
			"from": [ 1.3, 0.1, -1.3 ],
			"to": [ 14.7, 1.55, 12.1 ],
			"rotationOrigin": [ 9.3, 0.1, 6.7 ],
			"rotationY": 90.0,
			"faces": {
				"north": {
					"texture": "#steel",
					"uv": [ 0.0, 0.0, 13.0, 1.0 ]
				},
				"east": {
					"texture": "#steel",
					"uv": [ 0.0, 0.0, 13.0, 1.0 ]
				},
				"south": {
					"texture": "#steel",
					"uv": [ 0.0, 0.0, 13.0, 1.0 ]
				},
				"west": {
					"texture": "#steel",
					"uv": [ 0.0, 0.0, 13.0, 1.0 ]
				},
				"up": {
					"texture": "#steel",
					"uv": [ 0.0, 0.0, 13.0, 13.0 ]
				},
				"down": {
					"texture": "#steel",
					"uv": [ 0.0, 0.0, 13.0, 13.0 ]
				}
			}
		}
	]
}