﻿{
	"editor": {
		"collapsedPaths": "Root/Cube7",
		"allAngles": false,
		"entityTextureMode": false
	},
	"textureWidth": 16,
	"textureHeight": 16,
	"textureSizes": {
	},
	"textures": {
		"brass": "electricalprogressivebasics:block/brass",
		"copper-okalina-polosa": "electricalprogressivebasics:block/copper-okalina-polosa",
		"iron": "electricalprogressivebasics:block/iron",
		"steel": "electricalprogressivebasics:block/steel",
		"zinc-sgorevshiy": "electricalprogressivebasics:block/zinc-sgorevshiy"
	},
	"elements": [
		{
			"name": "Cube1",
			"from": [ 0.0, 0.0, 16.0 ],
			"to": [ 16.0, 0.5, 32.0 ],
			"rotationOrigin": [ 0.0, 0.0, 16.0 ],
			"rotationY": 90.0,
			"faces": {
				"north": { "texture": "#iron", "uv": [ 0.0, 0.0, 16.0, 0.5 ] },
				"east": { "texture": "#iron", "uv": [ 0.0, 0.0, 16.0, 0.5 ] },
				"south": { "texture": "#iron", "uv": [ 0.0, 0.0, 16.0, 0.5 ] },
				"west": { "texture": "#iron", "uv": [ 0.0, 0.0, 16.0, 0.5 ] },
				"up": { "texture": "#iron", "uv": [ 0.0, 0.0, 16.0, 16.0 ] },
				"down": { "texture": "#iron", "uv": [ 0.0, 0.0, 16.0, 16.0 ] }
			},
			"children": [
				{
					"name": "Cube2",
					"from": [ 0.0, 0.5, 0.0 ],
					"to": [ 16.0, 1.3, 1.0 ],
					"rotationOrigin": [ 0.0, 0.5, 0.0 ],
					"faces": {
						"north": { "texture": "#iron", "uv": [ 0.0, 0.0, 16.0, 0.5 ] },
						"east": { "texture": "#iron", "uv": [ 0.0, 0.0, 1.0, 0.5 ] },
						"south": { "texture": "#iron", "uv": [ 0.0, 0.0, 16.0, 0.5 ] },
						"west": { "texture": "#iron", "uv": [ 0.0, 0.0, 1.0, 0.5 ] },
						"up": { "texture": "#iron", "uv": [ 0.0, 0.0, 16.0, 1.0 ] },
						"down": { "texture": "#iron", "uv": [ 0.0, 0.0, 16.0, 1.0 ] }
					}
				},
				{
					"name": "Cube3",
					"from": [ 0.0, 0.5, 15.0 ],
					"to": [ 16.0, 1.3, 16.0 ],
					"rotationOrigin": [ 0.0, 0.5, 15.0 ],
					"faces": {
						"north": { "texture": "#iron", "uv": [ 0.0, 0.0, 16.0, 0.5 ] },
						"east": { "texture": "#iron", "uv": [ 0.0, 0.0, 1.0, 0.5 ] },
						"south": { "texture": "#iron", "uv": [ 0.0, 0.0, 16.0, 0.5 ] },
						"west": { "texture": "#iron", "uv": [ 0.0, 0.0, 1.0, 0.5 ] },
						"up": { "texture": "#iron", "uv": [ 0.0, 0.0, 16.0, 1.0 ] },
						"down": { "texture": "#iron", "uv": [ 0.0, 0.0, 16.0, 1.0 ] }
					}
				},
				{
					"name": "Cube4",
					"from": [ 0.0, 0.5, 1.0 ],
					"to": [ 1.0, 1.3, 15.0 ],
					"rotationOrigin": [ 0.0, 0.5, 1.0 ],
					"faces": {
						"north": { "texture": "#iron", "uv": [ 0.0, 0.0, 1.0, 0.5 ] },
						"east": { "texture": "#iron", "uv": [ 0.0, 0.0, 14.0, 0.5 ] },
						"south": { "texture": "#iron", "uv": [ 0.0, 0.0, 1.0, 0.5 ] },
						"west": { "texture": "#iron", "uv": [ 0.0, 0.0, 14.0, 0.5 ] },
						"up": { "texture": "#iron", "uv": [ 0.0, 0.0, 1.0, 14.0 ] },
						"down": { "texture": "#iron", "uv": [ 0.0, 0.0, 1.0, 14.0 ] }
					}
				},
				{
					"name": "Cube5",
					"from": [ 15.0, 0.5, 1.0 ],
					"to": [ 16.0, 1.3, 15.0 ],
					"rotationOrigin": [ 15.0, 0.5, 1.0 ],
					"faces": {
						"north": { "texture": "#iron", "uv": [ 0.0, 0.0, 1.0, 0.5 ] },
						"east": { "texture": "#iron", "uv": [ 0.0, 0.0, 14.0, 0.5 ] },
						"south": { "texture": "#iron", "uv": [ 0.0, 0.0, 1.0, 0.5 ] },
						"west": { "texture": "#iron", "uv": [ 0.0, 0.0, 14.0, 0.5 ] },
						"up": { "texture": "#iron", "uv": [ 0.0, 0.0, 1.0, 14.0 ] },
						"down": { "texture": "#iron", "uv": [ 0.0, 0.0, 1.0, 14.0 ] }
					}
				},
				{
					"name": "Cube31",
					"from": [ 13.7, 1.0, 9.7 ],
					"to": [ 15.7, 1.4, 15.7 ],
					"rotationOrigin": [ 13.7, 1.0, 9.7 ],
					"faces": {
						"north": { "texture": "#steel", "uv": [ 0.0, 0.0, 2.0, 0.5 ] },
						"east": { "texture": "#steel", "uv": [ 0.0, 0.0, 6.0, 0.5 ] },
						"south": { "texture": "#steel", "uv": [ 0.0, 0.0, 2.0, 0.5 ] },
						"west": { "texture": "#steel", "uv": [ 0.0, 0.0, 6.0, 0.5 ] },
						"up": { "texture": "#steel", "uv": [ 0.0, 0.0, 2.0, 6.0 ] },
						"down": { "texture": "#steel", "uv": [ 0.0, 0.0, 2.0, 6.0 ] }
					},
					"children": [
						{
							"name": "Cube32",
							"from": [ 0.7, 0.3, 4.7 ],
							"to": [ 1.7, 0.6, 5.7 ],
							"rotationOrigin": [ 0.7, 0.3, 4.7 ],
							"faces": {
								"north": { "texture": "#brass", "uv": [ 0.0, 0.0, 1.0, 0.5 ] },
								"east": { "texture": "#brass", "uv": [ 0.0, 0.0, 1.0, 0.5 ] },
								"south": { "texture": "#brass", "uv": [ 0.0, 0.0, 1.0, 0.5 ] },
								"west": { "texture": "#brass", "uv": [ 0.0, 0.0, 1.0, 0.5 ] },
								"up": { "texture": "#brass", "uv": [ 0.0, 0.0, 1.0, 1.0 ] },
								"down": { "texture": "#brass", "uv": [ 0.0, 0.0, 1.0, 1.0 ] }
							},
							"children": [
								{
									"name": "Cube33",
									"from": [ 0.1, 0.0, 0.1 ],
									"to": [ 0.9, 0.4, 0.9 ],
									"rotationOrigin": [ 0.1, 0.0, 0.1 ],
									"faces": {
										"north": { "texture": "#zinc-sgorevshiy", "uv": [ 0.0, 0.0, 0.5, 0.5 ], "glow": 50, "windMode": [-1,-1,-1,-1] },
										"east": { "texture": "#zinc-sgorevshiy", "uv": [ 0.0, 0.0, 0.5, 0.5 ], "glow": 50, "windMode": [-1,-1,-1,-1] },
										"south": { "texture": "#zinc-sgorevshiy", "uv": [ 0.0, 0.0, 0.5, 0.5 ], "glow": 50, "windMode": [-1,-1,-1,-1] },
										"west": { "texture": "#zinc-sgorevshiy", "uv": [ 0.0, 0.0, 0.5, 0.5 ], "glow": 50, "windMode": [-1,-1,-1,-1] },
										"up": { "texture": "#zinc-sgorevshiy", "uv": [ 0.0, 0.0, 0.5, 0.5 ], "windMode": [-1,-1,-1,-1] },
										"down": { "texture": "#zinc-sgorevshiy", "uv": [ 0.0, 0.0, 0.5, 0.5 ], "glow": 50, "windMode": [-1,-1,-1,-1] }
									}
								}
							]
						},
						{
							"name": "Cube34",
							"from": [ 0.7, 0.3, 0.3 ],
							"to": [ 1.7, 0.6, 1.3 ],
							"rotationOrigin": [ 0.7, 0.3, 0.3 ],
							"faces": {
								"north": { "texture": "#brass", "uv": [ 0.0, 0.0, 1.0, 0.5 ] },
								"east": { "texture": "#brass", "uv": [ 0.0, 0.0, 1.0, 0.5 ] },
								"south": { "texture": "#brass", "uv": [ 0.0, 0.0, 1.0, 0.5 ] },
								"west": { "texture": "#brass", "uv": [ 0.0, 0.0, 1.0, 0.5 ] },
								"up": { "texture": "#brass", "uv": [ 0.0, 0.0, 1.0, 1.0 ] },
								"down": { "texture": "#brass", "uv": [ 0.0, 0.0, 1.0, 1.0 ] }
							}
						},
						{
							"name": "Cube36",
							"from": [ 0.7, 0.3, 3.4 ],
							"to": [ 1.7, 0.6, 4.4 ],
							"rotationOrigin": [ 0.7, 0.3, 3.4 ],
							"faces": {
								"north": { "texture": "#brass", "uv": [ 0.0, 0.0, 1.0, 0.5 ] },
								"east": { "texture": "#brass", "uv": [ 0.0, 0.0, 1.0, 0.5 ] },
								"south": { "texture": "#brass", "uv": [ 0.0, 0.0, 1.0, 0.5 ] },
								"west": { "texture": "#brass", "uv": [ 0.0, 0.0, 1.0, 0.5 ] },
								"up": { "texture": "#brass", "uv": [ 0.0, 0.0, 1.0, 1.0 ] },
								"down": { "texture": "#brass", "uv": [ 0.0, 0.0, 1.0, 1.0 ] }
							},
							"children": [
								{
									"name": "Cube37",
									"from": [ 0.1, 0.0, 0.1 ],
									"to": [ 0.9, 0.4, 0.9 ],
									"rotationOrigin": [ 0.1, 0.0, 0.1 ],
									"faces": {
										"north": { "texture": "#zinc-sgorevshiy", "uv": [ 0.0, 0.0, 0.5, 0.5 ], "glow": 50, "windMode": [-1,-1,-1,-1] },
										"east": { "texture": "#zinc-sgorevshiy", "uv": [ 0.0, 0.0, 0.5, 0.5 ], "windMode": [-1,-1,-1,-1] },
										"south": { "texture": "#zinc-sgorevshiy", "uv": [ 0.0, 0.0, 0.5, 0.5 ], "glow": 50, "windMode": [-1,-1,-1,-1] },
										"west": { "texture": "#zinc-sgorevshiy", "uv": [ 0.0, 0.0, 0.5, 0.5 ], "glow": 50, "windMode": [-1,-1,-1,-1] },
										"up": { "texture": "#zinc-sgorevshiy", "uv": [ 0.0, 0.0, 0.5, 0.5 ], "windMode": [-1,-1,-1,-1] },
										"down": { "texture": "#zinc-sgorevshiy", "uv": [ 0.0, 0.0, 0.5, 0.5 ], "glow": 50, "windMode": [-1,-1,-1,-1] }
									}
								},
								{
									"name": "Cube49",
									"from": [ 0.1, 0.0, -3.0 ],
									"to": [ 0.9, 0.4, -2.2 ],
									"rotationOrigin": [ 0.1, 0.0, -2.9 ],
									"faces": {
										"north": { "texture": "#zinc-sgorevshiy", "uv": [ 0.0, 0.0, 0.5, 0.5 ], "glow": 50, "windMode": [-1,-1,-1,-1] },
										"east": { "texture": "#zinc-sgorevshiy", "uv": [ 0.0, 0.0, 0.5, 0.5 ], "windMode": [-1,-1,-1,-1] },
										"south": { "texture": "#zinc-sgorevshiy", "uv": [ 0.0, 0.0, 0.5, 0.5 ], "glow": 50, "windMode": [-1,-1,-1,-1] },
										"west": { "texture": "#zinc-sgorevshiy", "uv": [ 0.0, 0.0, 0.5, 0.5 ], "glow": 50, "windMode": [-1,-1,-1,-1] },
										"up": { "texture": "#zinc-sgorevshiy", "uv": [ 0.0, 0.0, 0.5, 0.5 ], "windMode": [-1,-1,-1,-1] },
										"down": { "texture": "#zinc-sgorevshiy", "uv": [ 0.0, 0.0, 0.5, 0.5 ], "glow": 50, "windMode": [-1,-1,-1,-1] }
									}
								}
							]
						}
					]
				},
				{
					"name": "Cube7",
					"from": [ 13.75, 0.4, 1.5 ],
					"to": [ 14.25, 0.9, 14.5 ],
					"rotationOrigin": [ 12.0, 0.4, 1.0 ],
					"faces": {
						"north": { "texture": "#copper-okalina-polosa", "uv": [ 0.0, 0.0, 0.5, 0.5 ] },
						"east": { "texture": "#copper-okalina-polosa", "uv": [ 0.0, 0.0, 13.0, 0.5 ] },
						"south": { "texture": "#copper-okalina-polosa", "uv": [ 0.0, 0.0, 0.5, 0.5 ] },
						"west": { "texture": "#copper-okalina-polosa", "uv": [ 0.0, 0.0, 13.0, 0.5 ] },
						"up": { "texture": "#copper-okalina-polosa", "uv": [ 0.0, 0.0, 13.0, 0.5 ], "rotation": 90 },
						"down": { "texture": "#copper-okalina-polosa", "uv": [ 0.0, 0.0, 13.0, 0.5 ], "rotation": 90 }
					},
					"children": [
						{
							"name": "Cube8",
							"from": [ 0.5, 0.0, 0.0 ],
							"to": [ 1.5, 0.5, 0.5 ],
							"rotationOrigin": [ -1.0, 0.0, 0.0 ],
							"faces": {
								"north": { "texture": "#copper-okalina-polosa", "uv": [ 0.0, 0.0, 1.0, 0.5 ] },
								"east": { "texture": "#copper-okalina-polosa", "uv": [ 0.0, 0.0, 0.5, 0.5 ] },
								"south": { "texture": "#copper-okalina-polosa", "uv": [ 0.0, 0.0, 1.0, 0.5 ] },
								"west": { "texture": "#copper-okalina-polosa", "uv": [ 0.0, 0.0, 0.5, 0.5 ] },
								"up": { "texture": "#copper-okalina-polosa", "uv": [ 0.0, 0.0, 1.0, 0.5 ] },
								"down": { "texture": "#copper-okalina-polosa", "uv": [ 0.0, 0.0, 1.0, 0.5 ] }
							}
						},
						{
							"name": "Cube10",
							"from": [ -0.5, 0.0, 12.5 ],
							"to": [ 0.0, 0.5, 13.0 ],
							"rotationOrigin": [ -2.0, 0.0, 12.0 ],
							"faces": {
								"north": { "texture": "#copper-okalina-polosa", "uv": [ 0.0, 0.0, 0.5, 0.5 ] },
								"east": { "texture": "#copper-okalina-polosa", "uv": [ 0.0, 0.0, 0.5, 0.5 ] },
								"south": { "texture": "#copper-okalina-polosa", "uv": [ 0.0, 0.0, 0.5, 0.5 ] },
								"west": { "texture": "#copper-okalina-polosa", "uv": [ 0.0, 0.0, 0.5, 0.5 ] },
								"up": { "texture": "#copper-okalina-polosa", "uv": [ 0.0, 0.0, 0.5, 0.5 ] },
								"down": { "texture": "#copper-okalina-polosa", "uv": [ 0.0, 0.0, 0.5, 0.5 ] }
							}
						},
						{
							"name": "Cube11",
							"from": [ -2.5, 0.0, 12.5 ],
							"to": [ -2.0, 0.5, 13.0 ],
							"rotationOrigin": [ -4.0, 0.0, 12.0 ],
							"faces": {
								"north": { "texture": "#copper-okalina-polosa", "uv": [ 0.0, 0.0, 0.5, 0.5 ] },
								"east": { "texture": "#copper-okalina-polosa", "uv": [ 0.0, 0.0, 0.5, 0.5 ] },
								"south": { "texture": "#copper-okalina-polosa", "uv": [ 0.0, 0.0, 0.5, 0.5 ] },
								"west": { "texture": "#copper-okalina-polosa", "uv": [ 0.0, 0.0, 0.5, 0.5 ] },
								"up": { "texture": "#copper-okalina-polosa", "uv": [ 0.0, 0.0, 0.5, 0.5 ] },
								"down": { "texture": "#copper-okalina-polosa", "uv": [ 0.0, 0.0, 0.5, 0.5 ] }
							}
						},
						{
							"name": "Cube11",
							"from": [ -1.5, 0.0, 0.0 ],
							"to": [ -1.0, 0.5, 0.5 ],
							"rotationOrigin": [ -3.0, 0.0, 0.0 ],
							"faces": {
								"north": { "texture": "#copper-okalina-polosa", "uv": [ 0.0, 0.0, 0.5, 0.5 ] },
								"east": { "texture": "#copper-okalina-polosa", "uv": [ 0.0, 0.0, 0.5, 0.5 ] },
								"south": { "texture": "#copper-okalina-polosa", "uv": [ 0.0, 0.0, 0.5, 0.5 ] },
								"west": { "texture": "#copper-okalina-polosa", "uv": [ 0.0, 0.0, 0.5, 0.5 ] },
								"up": { "texture": "#copper-okalina-polosa", "uv": [ 0.0, 0.0, 0.5, 0.5 ] },
								"down": { "texture": "#copper-okalina-polosa", "uv": [ 0.0, 0.0, 0.5, 0.5 ] }
							}
						},
						{
							"name": "Cube12",
							"from": [ -3.5, 0.0, 0.0 ],
							"to": [ -3.0, 0.5, 0.5 ],
							"rotationOrigin": [ -5.0, 0.0, 0.0 ],
							"faces": {
								"north": { "texture": "#copper-okalina-polosa", "uv": [ 0.0, 0.0, 0.5, 0.5 ] },
								"east": { "texture": "#copper-okalina-polosa", "uv": [ 0.0, 0.0, 0.5, 0.5 ] },
								"south": { "texture": "#copper-okalina-polosa", "uv": [ 0.0, 0.0, 0.5, 0.5 ] },
								"west": { "texture": "#copper-okalina-polosa", "uv": [ 0.0, 0.0, 0.5, 0.5 ] },
								"up": { "texture": "#copper-okalina-polosa", "uv": [ 0.0, 0.0, 0.5, 0.5 ] },
								"down": { "texture": "#copper-okalina-polosa", "uv": [ 0.0, 0.0, 0.5, 0.5 ] }
							}
						},
						{
							"name": "Cube12",
							"from": [ -4.5, 0.0, 12.5 ],
							"to": [ -4.0, 0.5, 13.0 ],
							"rotationOrigin": [ -6.0, 0.0, 12.0 ],
							"faces": {
								"north": { "texture": "#copper-okalina-polosa", "uv": [ 0.0, 0.0, 0.5, 0.5 ] },
								"east": { "texture": "#copper-okalina-polosa", "uv": [ 0.0, 0.0, 0.5, 0.5 ] },
								"south": { "texture": "#copper-okalina-polosa", "uv": [ 0.0, 0.0, 0.5, 0.5 ] },
								"west": { "texture": "#copper-okalina-polosa", "uv": [ 0.0, 0.0, 0.5, 0.5 ] },
								"up": { "texture": "#copper-okalina-polosa", "uv": [ 0.0, 0.0, 0.5, 0.5 ] },
								"down": { "texture": "#copper-okalina-polosa", "uv": [ 0.0, 0.0, 0.5, 0.5 ] }
							}
						},
						{
							"name": "Cube15",
							"from": [ -5.5, 0.0, 0.0 ],
							"to": [ -5.0, 0.5, 0.5 ],
							"rotationOrigin": [ -7.0, 0.0, 0.0 ],
							"faces": {
								"north": { "texture": "#copper-okalina-polosa", "uv": [ 0.0, 0.0, 0.5, 0.5 ] },
								"east": { "texture": "#copper-okalina-polosa", "uv": [ 0.0, 0.0, 0.5, 0.5 ] },
								"south": { "texture": "#copper-okalina-polosa", "uv": [ 0.0, 0.0, 0.5, 0.5 ] },
								"west": { "texture": "#copper-okalina-polosa", "uv": [ 0.0, 0.0, 0.5, 0.5 ] },
								"up": { "texture": "#copper-okalina-polosa", "uv": [ 0.0, 0.0, 0.5, 0.5 ] },
								"down": { "texture": "#copper-okalina-polosa", "uv": [ 0.0, 0.0, 0.5, 0.5 ] }
							}
						},
						{
							"name": "Cube16",
							"from": [ -6.5, 0.0, 12.5 ],
							"to": [ -6.0, 0.5, 13.0 ],
							"rotationOrigin": [ -8.0, 0.0, 12.0 ],
							"faces": {
								"north": { "texture": "#copper-okalina-polosa", "uv": [ 0.0, 0.0, 0.5, 0.5 ] },
								"east": { "texture": "#copper-okalina-polosa", "uv": [ 0.0, 0.0, 0.5, 0.5 ] },
								"south": { "texture": "#copper-okalina-polosa", "uv": [ 0.0, 0.0, 0.5, 0.5 ] },
								"west": { "texture": "#copper-okalina-polosa", "uv": [ 0.0, 0.0, 0.5, 0.5 ] },
								"up": { "texture": "#copper-okalina-polosa", "uv": [ 0.0, 0.0, 0.5, 0.5 ] },
								"down": { "texture": "#copper-okalina-polosa", "uv": [ 0.0, 0.0, 0.5, 0.5 ] }
							}
						},
						{
							"name": "Cube19",
							"from": [ -7.5, 0.0, 0.0 ],
							"to": [ -7.0, 0.5, 0.5 ],
							"rotationOrigin": [ -9.0, 0.0, 0.0 ],
							"faces": {
								"north": { "texture": "#copper-okalina-polosa", "uv": [ 0.0, 0.0, 0.5, 0.5 ] },
								"east": { "texture": "#copper-okalina-polosa", "uv": [ 0.0, 0.0, 0.5, 0.5 ] },
								"south": { "texture": "#copper-okalina-polosa", "uv": [ 0.0, 0.0, 0.5, 0.5 ] },
								"west": { "texture": "#copper-okalina-polosa", "uv": [ 0.0, 0.0, 0.5, 0.5 ] },
								"up": { "texture": "#copper-okalina-polosa", "uv": [ 0.0, 0.0, 0.5, 0.5 ] },
								"down": { "texture": "#copper-okalina-polosa", "uv": [ 0.0, 0.0, 0.5, 0.5 ] }
							}
						},
						{
							"name": "Cube20",
							"from": [ -8.5, 0.0, 12.5 ],
							"to": [ -8.0, 0.5, 13.0 ],
							"rotationOrigin": [ -10.0, 0.0, 12.0 ],
							"faces": {
								"north": { "texture": "#copper-okalina-polosa", "uv": [ 0.0, 0.0, 0.5, 0.5 ] },
								"east": { "texture": "#copper-okalina-polosa", "uv": [ 0.0, 0.0, 0.5, 0.5 ] },
								"south": { "texture": "#copper-okalina-polosa", "uv": [ 0.0, 0.0, 0.5, 0.5 ] },
								"west": { "texture": "#copper-okalina-polosa", "uv": [ 0.0, 0.0, 0.5, 0.5 ] },
								"up": { "texture": "#copper-okalina-polosa", "uv": [ 0.0, 0.0, 0.5, 0.5 ] },
								"down": { "texture": "#copper-okalina-polosa", "uv": [ 0.0, 0.0, 0.5, 0.5 ] }
							}
						},
						{
							"name": "Cube23",
							"from": [ -9.5, 0.0, 0.0 ],
							"to": [ -9.0, 0.5, 0.5 ],
							"rotationOrigin": [ -11.0, 0.0, 0.0 ],
							"faces": {
								"north": { "texture": "#copper-okalina-polosa", "uv": [ 0.0, 0.0, 0.5, 0.5 ] },
								"east": { "texture": "#copper-okalina-polosa", "uv": [ 0.0, 0.0, 0.5, 0.5 ] },
								"south": { "texture": "#copper-okalina-polosa", "uv": [ 0.0, 0.0, 0.5, 0.5 ] },
								"west": { "texture": "#copper-okalina-polosa", "uv": [ 0.0, 0.0, 0.5, 0.5 ] },
								"up": { "texture": "#copper-okalina-polosa", "uv": [ 0.0, 0.0, 0.5, 0.5 ] },
								"down": { "texture": "#copper-okalina-polosa", "uv": [ 0.0, 0.0, 0.5, 0.5 ] }
							}
						},
						{
							"name": "Cube24",
							"from": [ -10.5, 0.0, 12.5 ],
							"to": [ -10.0, 0.5, 13.0 ],
							"rotationOrigin": [ -12.0, 0.0, 12.0 ],
							"faces": {
								"north": { "texture": "#copper-okalina-polosa", "uv": [ 0.0, 0.0, 0.5, 0.5 ] },
								"east": { "texture": "#copper-okalina-polosa", "uv": [ 0.0, 0.0, 0.5, 0.5 ] },
								"south": { "texture": "#copper-okalina-polosa", "uv": [ 0.0, 0.0, 0.5, 0.5 ] },
								"west": { "texture": "#copper-okalina-polosa", "uv": [ 0.0, 0.0, 0.5, 0.5 ] },
								"up": { "texture": "#copper-okalina-polosa", "uv": [ 0.0, 0.0, 0.5, 0.5 ] },
								"down": { "texture": "#copper-okalina-polosa", "uv": [ 0.0, 0.0, 0.5, 0.5 ] }
							}
						},
						{
							"name": "Cube27",
							"from": [ -11.5, 0.0, 0.0 ],
							"to": [ -11.0, 0.5, 0.5 ],
							"rotationOrigin": [ -13.0, 0.0, 0.0 ],
							"faces": {
								"north": { "texture": "#copper-okalina-polosa", "uv": [ 0.0, 0.0, 0.5, 0.5 ] },
								"east": { "texture": "#copper-okalina-polosa", "uv": [ 0.0, 0.0, 0.5, 0.5 ] },
								"south": { "texture": "#copper-okalina-polosa", "uv": [ 0.0, 0.0, 0.5, 0.5 ] },
								"west": { "texture": "#copper-okalina-polosa", "uv": [ 0.0, 0.0, 0.5, 0.5 ] },
								"up": { "texture": "#copper-okalina-polosa", "uv": [ 0.0, 0.0, 0.5, 0.5 ] },
								"down": { "texture": "#copper-okalina-polosa", "uv": [ 0.0, 0.0, 0.5, 0.5 ] }
							}
						},
						{
							"name": "Cube28",
							"from": [ -12.8, 0.0, 12.5 ],
							"to": [ -12.0, 0.5, 13.0 ],
							"rotationOrigin": [ -14.3, 0.0, 12.0 ],
							"faces": {
								"north": { "texture": "#copper-okalina-polosa", "uv": [ 0.0, 0.0, 0.5, 0.5 ] },
								"east": { "texture": "#copper-okalina-polosa", "uv": [ 0.0, 0.0, 0.5, 0.5 ] },
								"south": { "texture": "#copper-okalina-polosa", "uv": [ 0.0, 0.0, 0.5, 0.5 ] },
								"west": { "texture": "#copper-okalina-polosa", "uv": [ 0.0, 0.0, 0.5, 0.5 ] },
								"up": { "texture": "#copper-okalina-polosa", "uv": [ 0.0, 0.0, 0.5, 0.5 ] },
								"down": { "texture": "#copper-okalina-polosa", "uv": [ 0.0, 0.0, 0.5, 0.5 ] }
							}
						},
						{
							"name": "Cube26",
							"from": [ -12.0, 0.0, 0.0 ],
							"to": [ -11.5, 0.5, 13.0 ],
							"rotationOrigin": [ -13.0, 0.0, -0.5 ],
							"faces": {
								"north": { "texture": "#copper-okalina-polosa", "uv": [ 0.0, 0.0, 0.5, 0.5 ] },
								"east": { "texture": "#copper-okalina-polosa", "uv": [ 0.0, 0.0, 13.0, 0.5 ] },
								"south": { "texture": "#copper-okalina-polosa", "uv": [ 0.0, 0.0, 0.5, 0.5 ] },
								"west": { "texture": "#copper-okalina-polosa", "uv": [ 0.0, 0.0, 13.0, 0.5 ] },
								"up": { "texture": "#copper-okalina-polosa", "uv": [ 0.0, 0.0, 13.0, 0.5 ], "rotation": 90 },
								"down": { "texture": "#copper-okalina-polosa", "uv": [ 0.0, 0.0, 13.0, 0.5 ], "rotation": 90 }
							}
						},
						{
							"name": "Cube29",
							"from": [ 1.0, -0.1, -0.1 ],
							"to": [ 1.5, 0.6, 0.6 ],
							"rotationOrigin": [ -0.5, -0.1, -0.1 ],
							"faces": {
								"north": { "texture": "#zinc-sgorevshiy", "uv": [ 0.0, 0.0, 0.5, 0.5 ] },
								"east": { "texture": "#zinc-sgorevshiy", "uv": [ 0.0, 0.0, 0.5, 0.5 ] },
								"south": { "texture": "#zinc-sgorevshiy", "uv": [ 0.0, 0.0, 0.5, 0.5 ] },
								"west": { "texture": "#zinc-sgorevshiy", "uv": [ 0.0, 0.0, 0.5, 0.5 ] },
								"up": { "texture": "#zinc-sgorevshiy", "uv": [ 0.0, 0.0, 0.5, 0.5 ] },
								"down": { "texture": "#zinc-sgorevshiy", "uv": [ 0.0, 0.0, 0.5, 0.5 ] }
							}
						},
						{
							"name": "Cube30",
							"from": [ -13.2, -0.1, 12.4 ],
							"to": [ -12.5, 0.6, 13.1 ],
							"rotationOrigin": [ -14.7, -0.1, 11.9 ],
							"faces": {
								"north": { "texture": "#zinc-sgorevshiy", "uv": [ 0.0, 0.0, 0.5, 0.5 ] },
								"east": { "texture": "#zinc-sgorevshiy", "uv": [ 0.0, 0.0, 0.5, 0.5 ] },
								"south": { "texture": "#zinc-sgorevshiy", "uv": [ 0.0, 0.0, 0.5, 0.5 ] },
								"west": { "texture": "#zinc-sgorevshiy", "uv": [ 0.0, 0.0, 0.5, 0.5 ] },
								"up": { "texture": "#zinc-sgorevshiy", "uv": [ 0.0, 0.0, 0.5, 0.5 ] },
								"down": { "texture": "#zinc-sgorevshiy", "uv": [ 0.0, 0.0, 0.5, 0.5 ] }
							}
						},
						{
							"name": "Cube38",
							"from": [ -11.0, 0.0, 0.0 ],
							"to": [ -10.5, 0.5, 13.0 ],
							"rotationOrigin": [ -12.0, 0.0, -0.5 ],
							"faces": {
								"north": { "texture": "#copper-okalina-polosa", "uv": [ 0.0, 0.0, 0.5, 0.5 ] },
								"east": { "texture": "#copper-okalina-polosa", "uv": [ 0.0, 0.0, 13.0, 0.5 ] },
								"south": { "texture": "#copper-okalina-polosa", "uv": [ 0.0, 0.0, 0.5, 0.5 ] },
								"west": { "texture": "#copper-okalina-polosa", "uv": [ 0.0, 0.0, 13.0, 0.5 ] },
								"up": { "texture": "#copper-okalina-polosa", "uv": [ 0.0, 0.0, 13.0, 0.5 ], "rotation": 90 },
								"down": { "texture": "#copper-okalina-polosa", "uv": [ 0.0, 0.0, 13.0, 0.5 ], "rotation": 90 }
							}
						},
						{
							"name": "Cube39",
							"from": [ -10.0, 0.0, 0.0 ],
							"to": [ -9.5, 0.5, 13.0 ],
							"rotationOrigin": [ -11.0, 0.0, -0.5 ],
							"faces": {
								"north": { "texture": "#copper-okalina-polosa", "uv": [ 0.0, 0.0, 0.5, 0.5 ] },
								"east": { "texture": "#copper-okalina-polosa", "uv": [ 0.0, 0.0, 13.0, 0.5 ] },
								"south": { "texture": "#copper-okalina-polosa", "uv": [ 0.0, 0.0, 0.5, 0.5 ] },
								"west": { "texture": "#copper-okalina-polosa", "uv": [ 0.0, 0.0, 13.0, 0.5 ] },
								"up": { "texture": "#copper-okalina-polosa", "uv": [ 0.0, 0.0, 13.0, 0.5 ], "rotation": 90 },
								"down": { "texture": "#copper-okalina-polosa", "uv": [ 0.0, 0.0, 13.0, 0.5 ], "rotation": 90 }
							}
						},
						{
							"name": "Cube40",
							"from": [ -9.0, 0.0, 0.0 ],
							"to": [ -8.5, 0.5, 13.0 ],
							"rotationOrigin": [ -10.0, 0.0, -0.5 ],
							"faces": {
								"north": { "texture": "#copper-okalina-polosa", "uv": [ 0.0, 0.0, 0.5, 0.5 ] },
								"east": { "texture": "#copper-okalina-polosa", "uv": [ 0.0, 0.0, 13.0, 0.5 ] },
								"south": { "texture": "#copper-okalina-polosa", "uv": [ 0.0, 0.0, 0.5, 0.5 ] },
								"west": { "texture": "#copper-okalina-polosa", "uv": [ 0.0, 0.0, 13.0, 0.5 ] },
								"up": { "texture": "#copper-okalina-polosa", "uv": [ 0.0, 0.0, 13.0, 0.5 ], "rotation": 90 },
								"down": { "texture": "#copper-okalina-polosa", "uv": [ 0.0, 0.0, 13.0, 0.5 ], "rotation": 90 }
							}
						},
						{
							"name": "Cube41",
							"from": [ -8.0, 0.0, 0.0 ],
							"to": [ -7.5, 0.5, 13.0 ],
							"rotationOrigin": [ -9.0, 0.0, -0.5 ],
							"faces": {
								"north": { "texture": "#copper-okalina-polosa", "uv": [ 0.0, 0.0, 0.5, 0.5 ] },
								"east": { "texture": "#copper-okalina-polosa", "uv": [ 0.0, 0.0, 13.0, 0.5 ] },
								"south": { "texture": "#copper-okalina-polosa", "uv": [ 0.0, 0.0, 0.5, 0.5 ] },
								"west": { "texture": "#copper-okalina-polosa", "uv": [ 0.0, 0.0, 13.0, 0.5 ] },
								"up": { "texture": "#copper-okalina-polosa", "uv": [ 0.0, 0.0, 13.0, 0.5 ], "rotation": 90 },
								"down": { "texture": "#copper-okalina-polosa", "uv": [ 0.0, 0.0, 13.0, 0.5 ], "rotation": 90 }
							}
						},
						{
							"name": "Cube42",
							"from": [ -7.0, 0.0, 0.0 ],
							"to": [ -6.5, 0.5, 13.0 ],
							"rotationOrigin": [ -8.0, 0.0, -0.5 ],
							"faces": {
								"north": { "texture": "#copper-okalina-polosa", "uv": [ 0.0, 0.0, 0.5, 0.5 ] },
								"east": { "texture": "#copper-okalina-polosa", "uv": [ 0.0, 0.0, 13.0, 0.5 ] },
								"south": { "texture": "#copper-okalina-polosa", "uv": [ 0.0, 0.0, 0.5, 0.5 ] },
								"west": { "texture": "#copper-okalina-polosa", "uv": [ 0.0, 0.0, 13.0, 0.5 ] },
								"up": { "texture": "#copper-okalina-polosa", "uv": [ 0.0, 0.0, 13.0, 0.5 ], "rotation": 90 },
								"down": { "texture": "#copper-okalina-polosa", "uv": [ 0.0, 0.0, 13.0, 0.5 ], "rotation": 90 }
							}
						},
						{
							"name": "Cube43",
							"from": [ -6.0, 0.0, 0.0 ],
							"to": [ -5.5, 0.5, 13.0 ],
							"rotationOrigin": [ -7.0, 0.0, -0.5 ],
							"faces": {
								"north": { "texture": "#copper-okalina-polosa", "uv": [ 0.0, 0.0, 0.5, 0.5 ] },
								"east": { "texture": "#copper-okalina-polosa", "uv": [ 0.0, 0.0, 13.0, 0.5 ] },
								"south": { "texture": "#copper-okalina-polosa", "uv": [ 0.0, 0.0, 0.5, 0.5 ] },
								"west": { "texture": "#copper-okalina-polosa", "uv": [ 0.0, 0.0, 13.0, 0.5 ] },
								"up": { "texture": "#copper-okalina-polosa", "uv": [ 0.0, 0.0, 13.0, 0.5 ], "rotation": 90 },
								"down": { "texture": "#copper-okalina-polosa", "uv": [ 0.0, 0.0, 13.0, 0.5 ], "rotation": 90 }
							}
						},
						{
							"name": "Cube44",
							"from": [ -5.0, 0.0, 0.0 ],
							"to": [ -4.5, 0.5, 13.0 ],
							"rotationOrigin": [ -6.0, 0.0, -0.5 ],
							"faces": {
								"north": { "texture": "#copper-okalina-polosa", "uv": [ 0.0, 0.0, 0.5, 0.5 ] },
								"east": { "texture": "#copper-okalina-polosa", "uv": [ 0.0, 0.0, 13.0, 0.5 ] },
								"south": { "texture": "#copper-okalina-polosa", "uv": [ 0.0, 0.0, 0.5, 0.5 ] },
								"west": { "texture": "#copper-okalina-polosa", "uv": [ 0.0, 0.0, 13.0, 0.5 ] },
								"up": { "texture": "#copper-okalina-polosa", "uv": [ 0.0, 0.0, 13.0, 0.5 ], "rotation": 90 },
								"down": { "texture": "#copper-okalina-polosa", "uv": [ 0.0, 0.0, 13.0, 0.5 ], "rotation": 90 }
							}
						},
						{
							"name": "Cube45",
							"from": [ -4.0, 0.0, 0.0 ],
							"to": [ -3.5, 0.5, 13.0 ],
							"rotationOrigin": [ -5.0, 0.0, -0.5 ],
							"faces": {
								"north": { "texture": "#copper-okalina-polosa", "uv": [ 0.0, 0.0, 0.5, 0.5 ] },
								"east": { "texture": "#copper-okalina-polosa", "uv": [ 0.0, 0.0, 13.0, 0.5 ] },
								"south": { "texture": "#copper-okalina-polosa", "uv": [ 0.0, 0.0, 0.5, 0.5 ] },
								"west": { "texture": "#copper-okalina-polosa", "uv": [ 0.0, 0.0, 13.0, 0.5 ] },
								"up": { "texture": "#copper-okalina-polosa", "uv": [ 0.0, 0.0, 13.0, 0.5 ], "rotation": 90 },
								"down": { "texture": "#copper-okalina-polosa", "uv": [ 0.0, 0.0, 13.0, 0.5 ], "rotation": 90 }
							}
						},
						{
							"name": "Cube46",
							"from": [ -3.0, 0.0, 0.0 ],
							"to": [ -2.5, 0.5, 13.0 ],
							"rotationOrigin": [ -4.0, 0.0, -0.5 ],
							"faces": {
								"north": { "texture": "#copper-okalina-polosa", "uv": [ 0.0, 0.0, 0.5, 0.5 ] },
								"east": { "texture": "#copper-okalina-polosa", "uv": [ 0.0, 0.0, 13.0, 0.5 ] },
								"south": { "texture": "#copper-okalina-polosa", "uv": [ 0.0, 0.0, 0.5, 0.5 ] },
								"west": { "texture": "#copper-okalina-polosa", "uv": [ 0.0, 0.0, 13.0, 0.5 ] },
								"up": { "texture": "#copper-okalina-polosa", "uv": [ 0.0, 0.0, 13.0, 0.5 ], "rotation": 90 },
								"down": { "texture": "#copper-okalina-polosa", "uv": [ 0.0, 0.0, 13.0, 0.5 ], "rotation": 90 }
							}
						},
						{
							"name": "Cube47",
							"from": [ -2.0, 0.0, 0.0 ],
							"to": [ -1.5, 0.5, 13.0 ],
							"rotationOrigin": [ -3.0, 0.0, -0.5 ],
							"faces": {
								"north": { "texture": "#copper-okalina-polosa", "uv": [ 0.0, 0.0, 0.5, 0.5 ] },
								"east": { "texture": "#copper-okalina-polosa", "uv": [ 0.0, 0.0, 13.0, 0.5 ] },
								"south": { "texture": "#copper-okalina-polosa", "uv": [ 0.0, 0.0, 0.5, 0.5 ] },
								"west": { "texture": "#copper-okalina-polosa", "uv": [ 0.0, 0.0, 13.0, 0.5 ] },
								"up": { "texture": "#copper-okalina-polosa", "uv": [ 0.0, 0.0, 13.0, 0.5 ], "rotation": 90 },
								"down": { "texture": "#copper-okalina-polosa", "uv": [ 0.0, 0.0, 13.0, 0.5 ], "rotation": 90 }
							}
						},
						{
							"name": "Cube48",
							"from": [ -1.0, 0.0, 0.0 ],
							"to": [ -0.5, 0.5, 13.0 ],
							"rotationOrigin": [ -2.0, 0.0, -0.5 ],
							"faces": {
								"north": { "texture": "#copper-okalina-polosa", "uv": [ 0.0, 0.0, 0.5, 0.5 ] },
								"east": { "texture": "#copper-okalina-polosa", "uv": [ 0.0, 0.0, 13.0, 0.5 ] },
								"south": { "texture": "#copper-okalina-polosa", "uv": [ 0.0, 0.0, 0.5, 0.5 ] },
								"west": { "texture": "#copper-okalina-polosa", "uv": [ 0.0, 0.0, 13.0, 0.5 ] },
								"up": { "texture": "#copper-okalina-polosa", "uv": [ 0.0, 0.0, 13.0, 0.5 ], "rotation": 90 },
								"down": { "texture": "#copper-okalina-polosa", "uv": [ 0.0, 0.0, 13.0, 0.5 ], "rotation": 90 }
							}
						}
					]
				}
			]
		}
	]}