﻿{
  "code": "heater",
  "class": "BlockEHeater",
  "entityClass": "BlockEntityEHeater",
  "behaviors": [
    {
      "name": "HeatSource"
    }
  ],

  "entityBehaviors": [
    {
      "name": "BEBehaviorEHeater"
    },
    {
      "name": "ElectricalProgressive"
    }
  ],


  "attributes": {
    "maxConsumption": 96, //максимальное потребление
    "voltage": 32,
    "maxCurrent": 20.0,
    "isolated": true,
    "isolatedEnvironment": false,
    "maxHeat": 10.0,
    "handbook": {
      "groupBy": [ "heater-*" ],
      "extraSections": [
        {
          "title": "electricalprogressiveqol:block-handbooktitle-heater",
          "text": "electricalprogressiveqol:block-handbooktext-heater"
        }
      ]
    }
  },

  "creativeInventory": {
    "general": [
      "*-disabled",
      "*-burned"
    ],
    "electricity": [
      "*-disabled"
    ]
  },

  "variantGroups": [
    {
      "code": "state",
      "states": [
        "disabled",
        "enabled",
        "burned"
      ]
    }
  ],


  "shape": {
    "base": "block/heater/heater-{state}"
  },

  "resistance": 1,
  "drawType": "JSON",
  "lightAbsorption": 0.0,
  "lightHsvByType": {
    "*-enabled": [ 9, 6, 11 ],
    "*": [ 0, 0, 0 ]
  },
  "faceCullMode": "NeverCull",
  "renderPass": "OpaqueNoCull",
  "emitSideAo": {
    "all": false
  },
  "sideAo": {
    "all": false
  },
  "sideOpaque": {
    "all": false
  },
  "sideSolid": {
    "all": false
  },
  "sounds": {
    "place": "game:block/anvil",
    "walk": "game:walk/stone"
  },
  "collisionBox": {
    "x1": 0.0,
    "y1": 0.0,
    "z1": 0.0,
    "x2": 1.0,
    "y2": 0.0625,
    "z2": 1.0
  },
  "selectionBox": {
    "x1": 0.0,
    "y1": 0.0,
    "z1": 0.0,
    "x2": 1.0,
    "y2": 0.0625,
    "z2": 1.0
  },
  "guiTransform": {
    "translation": {
      "x": 0,
      "y": 3,
      "z": 0
    },
    "rotation": {
      "x": -51,
      "y": -63,
      "z": 0
    },
    "origin": {
      "x": 0.5,
      "y": 0.0,
      "z": 0.5
    }
  },
  "groundTransform": {
    "translation": {
      "x": 0,
      "y": 0,
      "z": 0
    },
    "rotation": {
      "x": 0,
      "y": 0,
      "z": 0
    },
    "origin": {
      "x": 0.5,
      "y": 0.0,
      "z": 0.5
    },
    "scale": 2.0
  },
  "heldTpIdleAnimation": "holdbothhandslarge",
  "heldRightReadyAnimation": "heldblockready",
  "heldTpUseAnimation": "twohandplaceblock",
  "tpHandTransform": {
    "translation": {
      "x": -1.43,
      "y": -0.91,
      "z": -0.7
    },
    "rotation": {
      "x": -2,
      "y": 25,
      "z": -78
    },
    "scale": 0.4
  }
}
