{
  "ingredientPattern": "GS,MC",
  "width": 2,
  "height": 2,
  "ingredients": {
    "G": {
      "type": "block",
      "code": "game:forge"
    },
    "S": {
      "type": "item",
      "code": "game:saw-*",
      "isTool": true,
      "toolDurabilityCost": 16
    },
    "M": {
      "type": "item",
      "code": "game:metalplate-iron"
    },
    "C": {
      "type": "block",
      "code": "electricalprogressivebasics:ecable-128v-copper-single-part",
      "quantity": 16
    }
  },
  "output": {
    "type": "block",
    "code": "electricalprogressiveqol:ehorn-disabled-south",
    "quantity": 1
  }
}
